source_id,url,fetched_at,http_status,content_type,content_length,content_sha256,etag,last_modified,outcome,raw_ref,reason,warnings
skogsstyrelsen.harvest.notified,https://geodpags.skogsstyrelsen.se/arcgis/rest/services/Geodataportal/GeodataportalVisaAvverkningsanmalan/MapServer/0/query?where=Lannr%3D%2721%27+AND+ArendeAr%3D2026+AND+Inkomdatum+%3C+DATE+%272026-03-01%27&outFields=Beteckn%2CLannr%2CKommunnr%2CArendeAr%2CInkomdatum%2CAnmaldHa%2CAvvHa%2CAvvSasong%2CAvverktyp&returnGeometry=false&orderByFields=Beteckn&f=json,2026-10-06T02:28:26Z,200,application/json,330452,04a7b4216d0c44c51b4babfe262666374613ea1ab796efb4890e0db9ebf3a5a5,"""bc2d4a71""",,changed,raw/skogsstyrelsen.harvest.notified/2026/10/20261006T022826Z-04a7b4216d0c.json.gz,,
skogsstyrelsen.harvest.notified,https://geodpags.skogsstyrelsen.se/arcgis/rest/services/Geodataportal/GeodataportalVisaAvverkningsanmalan/MapServer/0/query?where=Lannr%3D%2721%27+AND+ArendeAr%3D2026+AND+Inkomdatum+%3E%3D+DATE+%272026-03-01%27+AND+Inkomdatum+%3C+DATE+%272026-05-01%27&outFields=Beteckn%2CLannr%2CKommunnr%2CArendeAr%2CInkomdatum%2CAnmaldHa%2CAvvHa%2CAvvSasong%2CAvverktyp&returnGeometry=false&orderByFields=Beteckn&f=json,2026-10-06T02:28:30Z,200,application/json,296097,33871622c0aa8c4d04b59d56a4914ab65d1b0237860d87688202c23d8616badb,"""a96974a8""",,changed,raw/skogsstyrelsen.harvest.notified/2026/10/20261006T022830Z-33871622c0aa.json.gz,,
skogsstyrelsen.harvest.notified,https://geodpags.skogsstyrelsen.se/arcgis/rest/services/Geodataportal/GeodataportalVisaAvverkningsanmalan/MapServer/0/query?where=Lannr%3D%2721%27+AND+ArendeAr%3D2026+AND+Inkomdatum+%3E%3D+DATE+%272026-05-01%27+AND+Inkomdatum+%3C+DATE+%272026-07-01%27&outFields=Beteckn%2CLannr%2CKommunnr%2CArendeAr%2CInkomdatum%2CAnmaldHa%2CAvvHa%2CAvvSasong%2CAvverktyp&returnGeometry=false&orderByFields=Beteckn&f=json,2026-10-06T02:28:33Z,200,application/json,185270,a3a7b577003c1a2d9bcf05e3c9ef83cfdf2532a6442a478c549bd0d13a6eb17c,"""15f5e169""",,changed,raw/skogsstyrelsen.harvest.notified/2026/10/20261006T022833Z-a3a7b577003c.json.gz,,
skogsstyrelsen.harvest.notified,https://geodpags.skogsstyrelsen.se/arcgis/rest/services/Geodataportal/GeodataportalVisaAvverkningsanmalan/MapServer/0/query?where=Lannr%3D%2721%27+AND+ArendeAr%3D2026+AND+Inkomdatum+%3E%3D+DATE+%272026-07-01%27+AND+Inkomdatum+%3C+DATE+%272026-09-01%27&outFields=Beteckn%2CLannr%2CKommunnr%2CArendeAr%2CInkomdatum%2CAnmaldHa%2CAvvHa%2CAvvSasong%2CAvverktyp&returnGeometry=false&orderByFields=Beteckn&f=json,2026-10-06T02:28:35Z,200,application/json,111754,94d1c882fc1d403c8b4aa7363bfdbdcff2e1b54c6407c9bcd96e92557abc5fb3,"""5ae31cc5""",,changed,raw/skogsstyrelsen.harvest.notified/2026/10/20261006T022835Z-94d1c882fc1d.json.gz,,
skogsstyrelsen.harvest.notified,https://geodpags.skogsstyrelsen.se/arcgis/rest/services/Geodataportal/GeodataportalVisaAvverkningsanmalan/MapServer/0/query?where=Lannr%3D%2721%27+AND+ArendeAr%3D2026+AND+Inkomdatum+%3E%3D+DATE+%272026-09-01%27+AND+Inkomdatum+%3C+DATE+%272026-11-01%27&outFields=Beteckn%2CLannr%2CKommunnr%2CArendeAr%2CInkomdatum%2CAnmaldHa%2CAvvHa%2CAvvSasong%2CAvverktyp&returnGeometry=false&orderByFields=Beteckn&f=json,2026-10-06T02:28:38Z,200,application/json,85942,5b1124b52070461067375cf57e0af81ae2c09296525eb25adf14828d5916e58e,"""fac144a""",,changed,raw/skogsstyrelsen.harvest.notified/2026/10/20261006T022838Z-5b1124b52070.json.gz,,
skogsstyrelsen.harvest.notified,https://geodpags.skogsstyrelsen.se/arcgis/rest/services/Geodataportal/GeodataportalVisaAvverkningsanmalan/MapServer/0/query?where=Lannr%3D%2721%27+AND+ArendeAr%3D2026+AND+Inkomdatum+%3E%3D+DATE+%272026-11-01%27&outFields=Beteckn%2CLannr%2CKommunnr%2CArendeAr%2CInkomdatum%2CAnmaldHa%2CAvvHa%2CAvvSasong%2CAvverktyp&returnGeometry=false&orderByFields=Beteckn&f=json,2026-10-06T02:28:40Z,304,application/json,936,3d0f45d783ae7060dc59f31a43ab33b33371bcebb992b2ffbe734fab5b0bd1b8,"""e2d6243""",,unchanged,raw/skogsstyrelsen.harvest.notified/2026/09/20260904T140458Z-3d0f45d783ae.json,not_modified,
skogsstyrelsen.harvest.notified,https://geodpags.skogsstyrelsen.se/arcgis/rest/services/Geodataportal/GeodataportalVisaAvverkningsanmalan/MapServer/0/query?where=Lannr%3D%2714%27+AND+ArendeAr%3D2025+AND+Inkomdatum+%3C+DATE+%272025-03-01%27&outFields=Beteckn%2CLannr%2CKommunnr%2CArendeAr%2CInkomdatum%2CAnmaldHa%2CAvvHa%2CAvvSasong%2CAvverktyp&returnGeometry=false&orderByFields=Beteckn&f=json,2026-10-06T02:28:42Z,200,application/json,86424,310f13cb374f605d173a6a1d3215e8173ced53ba99ee51e61c8b1870d33ff51c,"""85bc31f2""",,changed,raw/skogsstyrelsen.harvest.notified/2026/10/20261006T022842Z-310f13cb374f.json.gz,,
skogsstyrelsen.harvest.notified,https://geodpags.skogsstyrelsen.se/arcgis/rest/services/Geodataportal/GeodataportalVisaAvverkningsanmalan/MapServer/0/query?where=Lannr%3D%2714%27+AND+ArendeAr%3D2025+AND+Inkomdatum+%3E%3D+DATE+%272025-03-01%27+AND+Inkomdatum+%3C+DATE+%272025-05-01%27&outFields=Beteckn%2CLannr%2CKommunnr%2CArendeAr%2CInkomdatum%2CAnmaldHa%2CAvvHa%2CAvvSasong%2CAvverktyp&returnGeometry=false&orderByFields=Beteckn&f=json,2026-10-06T02:28:45Z,200,application/json,116801,b453b07eac92c93830c4e33e20cb6867dd450d0c16f8e7312ae3c2a55d12b2b7,"""6e76bdd9""",,changed,raw/skogsstyrelsen.harvest.notified/2026/10/20261006T022845Z-b453b07eac92.json.gz,,
skogsstyrelsen.harvest.notified,https://geodpags.skogsstyrelsen.se/arcgis/rest/services/Geodataportal/GeodataportalVisaAvverkningsanmalan/MapServer/0/query?where=Lannr%3D%2714%27+AND+ArendeAr%3D2025+AND+Inkomdatum+%3E%3D+DATE+%272025-05-01%27+AND+Inkomdatum+%3C+DATE+%272025-07-01%27&outFields=Beteckn%2CLannr%2CKommunnr%2CArendeAr%2CInkomdatum%2CAnmaldHa%2CAvvHa%2CAvvSasong%2CAvverktyp&returnGeometry=false&orderByFields=Beteckn&f=json,2026-10-06T02:28:47Z,200,application/json,115914,ca846da640e38415f3f35353e761543be452ae8ae0b6cbaf8c1756226359168f,"""386b272e""",,changed,raw/skogsstyrelsen.harvest.notified/2026/10/20261006T022847Z-ca846da640e3.json.gz,,
skogsstyrelsen.harvest.notified,https://geodpags.skogsstyrelsen.se/arcgis/rest/services/Geodataportal/GeodataportalVisaAvverkningsanmalan/MapServer/0/query?where=Lannr%3D%2714%27+AND+ArendeAr%3D2025+AND+Inkomdatum+%3E%3D+DATE+%272025-07-01%27+AND+Inkomdatum+%3C+DATE+%272025-09-01%27&outFields=Beteckn%2CLannr%2CKommunnr%2CArendeAr%2CInkomdatum%2CAnmaldHa%2CAvvHa%2CAvvSasong%2CAvverktyp&returnGeometry=false&orderByFields=Beteckn&f=json,2026-10-06T02:28:50Z,200,application/json,79827,b58d39afa7aa0ff7a6b1f49ea6fa9e25fc3ae87cbbe48d587272bac652868084,"""8cb9e337""",,changed,raw/skogsstyrelsen.harvest.notified/2026/10/20261006T022850Z-b58d39afa7aa.json.gz,,
skogsstyrelsen.harvest.notified,https://geodpags.skogsstyrelsen.se/arcgis/rest/services/Geodataportal/GeodataportalVisaAvverkningsanmalan/MapServer/0/query?where=Lannr%3D%2714%27+AND+ArendeAr%3D2025+AND+Inkomdatum+%3E%3D+DATE+%272025-09-01%27+AND+Inkomdatum+%3C+DATE+%272025-11-01%27&outFields=Beteckn%2CLannr%2CKommunnr%2CArendeAr%2CInkomdatum%2CAnmaldHa%2CAvvHa%2CAvvSasong%2CAvverktyp&returnGeometry=false&orderByFields=Beteckn&f=json,2026-10-06T02:28:52Z,200,application/json,133163,84f8d8ccdf12493afaba182a7ec9d75969083c4cb812da8bcf5bda5af55046bc,"""c585b320""",,changed,raw/skogsstyrelsen.harvest.notified/2026/10/20261006T022852Z-84f8d8ccdf12.json.gz,,
skogsstyrelsen.harvest.notified,https://geodpags.skogsstyrelsen.se/arcgis/rest/services/Geodataportal/GeodataportalVisaAvverkningsanmalan/MapServer/0/query?where=Lannr%3D%2714%27+AND+ArendeAr%3D2025+AND+Inkomdatum+%3E%3D+DATE+%272025-11-01%27&outFields=Beteckn%2CLannr%2CKommunnr%2CArendeAr%2CInkomdatum%2CAnmaldHa%2CAvvHa%2CAvvSasong%2CAvverktyp&returnGeometry=false&orderByFields=Beteckn&f=json,2026-10-06T02:28:55Z,200,application/json,109785,d2ac1308208dfa7faecfaf89660240f5e026ffdc464277cff17ef297150a14ee,"""5da8c626""",,changed,raw/skogsstyrelsen.harvest.notified/2026/10/20261006T022855Z-d2ac1308208d.json.gz,,
skogsstyrelsen.harvest.notified,https://geodpags.skogsstyrelsen.se/arcgis/rest/services/Geodataportal/GeodataportalVisaAvverkningsanmalan/MapServer/0/query?where=Lannr%3D%2724%27+AND+ArendeAr%3D2025+AND+Inkomdatum+%3C+DATE+%272025-03-01%27&outFields=Beteckn%2CLannr%2CKommunnr%2CArendeAr%2CInkomdatum%2CAnmaldHa%2CAvvHa%2CAvvSasong%2CAvverktyp&returnGeometry=false&orderByFields=Beteckn&f=json,2026-10-06T02:28:57Z,200,application/json,54367,ffd14dbb35b696dc853e39b6a3efa326fe3eeb4284a4219b04d1551f039ce174,"""41c8690""",,changed,raw/skogsstyrelsen.harvest.notified/2026/10/20261006T022857Z-ffd14dbb35b6.json.gz,,
skogsstyrelsen.harvest.notified,https://geodpags.skogsstyrelsen.se/arcgis/rest/services/Geodataportal/GeodataportalVisaAvverkningsanmalan/MapServer/0/query?where=Lannr%3D%2724%27+AND+ArendeAr%3D2025+AND+Inkomdatum+%3E%3D+DATE+%272025-03-01%27+AND+Inkomdatum+%3C+DATE+%272025-05-01%27&outFields=Beteckn%2CLannr%2CKommunnr%2CArendeAr%2CInkomdatum%2CAnmaldHa%2CAvvHa%2CAvvSasong%2CAvverktyp&returnGeometry=false&orderByFields=Beteckn&f=json,2026-10-06T02:29:00Z,200,application/json,59445,beca5cd2e128b797e1a3bf721d4b7679dbf5346aa3231a5ab4da95c9a157cdbb,"""da4fdbde""",,changed,raw/skogsstyrelsen.harvest.notified/2026/10/20261006T022900Z-beca5cd2e128.json.gz,,
skogsstyrelsen.harvest.notified,https://geodpags.skogsstyrelsen.se/arcgis/rest/services/Geodataportal/GeodataportalVisaAvverkningsanmalan/MapServer/0/query?where=Lannr%3D%2724%27+AND+ArendeAr%3D2025+AND+Inkomdatum+%3E%3D+DATE+%272025-05-01%27+AND+Inkomdatum+%3C+DATE+%272025-07-01%27&outFields=Beteckn%2CLannr%2CKommunnr%2CArendeAr%2CInkomdatum%2CAnmaldHa%2CAvvHa%2CAvvSasong%2CAvverktyp&returnGeometry=false&orderByFields=Beteckn&f=json,2026-10-06T02:29:02Z,200,application/json,96252,a9f9b46b2d1e03d12f1fc5e87af9fd5a54daed51873d032d46cf53d66df11da2,"""6f81d4b0""",,changed,raw/skogsstyrelsen.harvest.notified/2026/10/20261006T022902Z-a9f9b46b2d1e.json.gz,,
skogsstyrelsen.harvest.notified,https://geodpags.skogsstyrelsen.se/arcgis/rest/services/Geodataportal/GeodataportalVisaAvverkningsanmalan/MapServer/0/query?where=Lannr%3D%2724%27+AND+ArendeAr%3D2025+AND+Inkomdatum+%3E%3D+DATE+%272025-07-01%27+AND+Inkomdatum+%3C+DATE+%272025-09-01%27&outFields=Beteckn%2CLannr%2CKommunnr%2CArendeAr%2CInkomdatum%2CAnmaldHa%2CAvvHa%2CAvvSasong%2CAvverktyp&returnGeometry=false&orderByFields=Beteckn&f=json,2026-10-06T02:29:05Z,200,application/json,97963,18b332a4f6343ad0dcc142a9aadc6690c9a676430c941d3b3c29eea16db019db,"""89a40be2""",,changed,raw/skogsstyrelsen.harvest.notified/2026/10/20261006T022905Z-18b332a4f634.json.gz,,
skogsstyrelsen.harvest.notified,https://geodpags.skogsstyrelsen.se/arcgis/rest/services/Geodataportal/GeodataportalVisaAvverkningsanmalan/MapServer/0/query?where=Lannr%3D%2724%27+AND+ArendeAr%3D2025+AND+Inkomdatum+%3E%3D+DATE+%272025-09-01%27+AND+Inkomdatum+%3C+DATE+%272025-11-01%27&outFields=Beteckn%2CLannr%2CKommunnr%2CArendeAr%2CInkomdatum%2CAnmaldHa%2CAvvHa%2CAvvSasong%2CAvverktyp&returnGeometry=false&orderByFields=Beteckn&f=json,2026-10-06T02:29:08Z,200,application/json,143149,ced591013af01708d4049c0fc8ad87aa6678fd6630968571d2c70eb8ec87b534,"""cc61c482""",,changed,raw/skogsstyrelsen.harvest.notified/2026/10/20261006T022908Z-ced591013af0.json.gz,,
skogsstyrelsen.harvest.notified,https://geodpags.skogsstyrelsen.se/arcgis/rest/services/Geodataportal/GeodataportalVisaAvverkningsanmalan/MapServer/0/query?where=Lannr%3D%2724%27+AND+ArendeAr%3D2025+AND+Inkomdatum+%3E%3D+DATE+%272025-11-01%27&outFields=Beteckn%2CLannr%2CKommunnr%2CArendeAr%2CInkomdatum%2CAnmaldHa%2CAvvHa%2CAvvSasong%2CAvverktyp&returnGeometry=false&orderByFields=Beteckn&f=json,2026-10-06T02:29:10Z,200,application/json,138682,09b3274c702625d4f0bac3c0293456caa4178619b011ce7e8affccb106978ff6,"""7ddca6fa""",,changed,raw/skogsstyrelsen.harvest.notified/2026/10/20261006T022910Z-09b3274c7026.json.gz,,
skogsstyrelsen.harvest.notified,https://geodpags.skogsstyrelsen.se/arcgis/rest/services/Geodataportal/GeodataportalVisaAvverkningsanmalan/MapServer/0/query?where=Lannr%3D%2720%27+AND+ArendeAr%3D2026+AND+Inkomdatum+%3C+DATE+%272026-03-01%27&outFields=Beteckn%2CLannr%2CKommunnr%2CArendeAr%2CInkomdatum%2CAnmaldHa%2CAvvHa%2CAvvSasong%2CAvverktyp&returnGeometry=false&orderByFields=Beteckn&f=json,2026-10-06T02:29:13Z,200,application/json,187398,ba9b45659c164d9671b6ddc286f479cfefdbdb8fa6bfe2cb7d09beeb8a72b8e2,"""137c623f""",,changed,raw/skogsstyrelsen.harvest.notified/2026/10/20261006T022913Z-ba9b45659c16.json.gz,,
skogsstyrelsen.harvest.notified,https://geodpags.skogsstyrelsen.se/arcgis/rest/services/Geodataportal/GeodataportalVisaAvverkningsanmalan/MapServer/0/query?where=Lannr%3D%2720%27+AND+ArendeAr%3D2026+AND+Inkomdatum+%3E%3D+DATE+%272026-03-01%27+AND+Inkomdatum+%3C+DATE+%272026-05-01%27&outFields=Beteckn%2CLannr%2CKommunnr%2CArendeAr%2CInkomdatum%2CAnmaldHa%2CAvvHa%2CAvvSasong%2CAvverktyp&returnGeometry=false&orderByFields=Beteckn&f=json,2026-10-06T02:29:15Z,200,application/json,151675,54562d8ab6040c4986a60a9b5da26de9e9eca1c4a337eccf22cfa2987346cf78,"""42c108fc""",,changed,raw/skogsstyrelsen.harvest.notified/2026/10/20261006T022915Z-54562d8ab604.json.gz,,
skogsstyrelsen.harvest.notified,https://geodpags.skogsstyrelsen.se/arcgis/rest/services/Geodataportal/GeodataportalVisaAvverkningsanmalan/MapServer/0/query?where=Lannr%3D%2720%27+AND+ArendeAr%3D2026+AND+Inkomdatum+%3E%3D+DATE+%272026-05-01%27+AND+Inkomdatum+%3C+DATE+%272026-07-01%27&outFields=Beteckn%2CLannr%2CKommunnr%2CArendeAr%2CInkomdatum%2CAnmaldHa%2CAvvHa%2CAvvSasong%2CAvverktyp&returnGeometry=false&orderByFields=Beteckn&f=json,2026-10-06T02:29:18Z,200,application/json,156455,c5b37a4ab9d6440b9a8b0ddd83afe5a0aed82b0414a184934fca204db9f8a343,"""409a25a""",,changed,raw/skogsstyrelsen.harvest.notified/2026/10/20261006T022918Z-c5b37a4ab9d6.json.gz,,
skogsstyrelsen.harvest.notified,https://geodpags.skogsstyrelsen.se/arcgis/rest/services/Geodataportal/GeodataportalVisaAvverkningsanmalan/MapServer/0/query?where=Lannr%3D%2720%27+AND+ArendeAr%3D2026+AND+Inkomdatum+%3E%3D+DATE+%272026-07-01%27+AND+Inkomdatum+%3C+DATE+%272026-09-01%27&outFields=Beteckn%2CLannr%2CKommunnr%2CArendeAr%2CInkomdatum%2CAnmaldHa%2CAvvHa%2CAvvSasong%2CAvverktyp&returnGeometry=false&orderByFields=Beteckn&f=json,2026-10-06T02:29:20Z,200,application/json,87483,7d4e44d2f6d57b6c5042a4b3711da5d4d0d1d116e45c22da96dd6d1fecaacaf6,"""fd34b33b""",,changed,raw/skogsstyrelsen.harvest.notified/2026/10/20261006T022920Z-7d4e44d2f6d5.json.gz,,
skogsstyrelsen.harvest.notified,https://geodpags.skogsstyrelsen.se/arcgis/rest/services/Geodataportal/GeodataportalVisaAvverkningsanmalan/MapServer/0/query?where=Lannr%3D%2720%27+AND+ArendeAr%3D2026+AND+Inkomdatum+%3E%3D+DATE+%272026-09-01%27+AND+Inkomdatum+%3C+DATE+%272026-11-01%27&outFields=Beteckn%2CLannr%2CKommunnr%2CArendeAr%2CInkomdatum%2CAnmaldHa%2CAvvHa%2CAvvSasong%2CAvverktyp&returnGeometry=false&orderByFields=Beteckn&f=json,2026-10-06T02:29:23Z,200,application/json,79238,70da559d2099ef6e7b1a904866fa4efaa25870e0c99c8fc8619f76be8fa9be1f,"""17cddf90""",,changed,raw/skogsstyrelsen.harvest.notified/2026/10/20261006T022923Z-70da559d2099.json.gz,,
skogsstyrelsen.harvest.notified,https://geodpags.skogsstyrelsen.se/arcgis/rest/services/Geodataportal/GeodataportalVisaAvverkningsanmalan/MapServer/0/query?where=Lannr%3D%2720%27+AND+ArendeAr%3D2026+AND+Inkomdatum+%3E%3D+DATE+%272026-11-01%27&outFields=Beteckn%2CLannr%2CKommunnr%2CArendeAr%2CInkomdatum%2CAnmaldHa%2CAvvHa%2CAvvSasong%2CAvverktyp&returnGeometry=false&orderByFields=Beteckn&f=json,2026-10-06T02:29:25Z,304,application/json,936,3d0f45d783ae7060dc59f31a43ab33b33371bcebb992b2ffbe734fab5b0bd1b8,"""e2d6243""",,unchanged,raw/skogsstyrelsen.harvest.notified/2026/09/20260904T140557Z-3d0f45d783ae.json,not_modified,
skogsstyrelsen.harvest.notified,https://geodpags.skogsstyrelsen.se/arcgis/rest/services/Geodataportal/GeodataportalVisaAvverkningsanmalan/MapServer/0/query?where=Lannr%3D%2722%27+AND+ArendeAr%3D2025+AND+Inkomdatum+%3C+DATE+%272025-03-01%27&outFields=Beteckn%2CLannr%2CKommunnr%2CArendeAr%2CInkomdatum%2CAnmaldHa%2CAvvHa%2CAvvSasong%2CAvverktyp&returnGeometry=false&orderByFields=Beteckn&f=json,2026-10-06T02:29:28Z,200,application/json,54853,1cc78ec746c303731c5d044fe30a372f55ec456edfa7c67e1bca76d7aa557161,"""12553d9d""",,changed,raw/skogsstyrelsen.harvest.notified/2026/10/20261006T022928Z-1cc78ec746c3.json.gz,,
skogsstyrelsen.harvest.notified,https://geodpags.skogsstyrelsen.se/arcgis/rest/services/Geodataportal/GeodataportalVisaAvverkningsanmalan/MapServer/0/query?where=Lannr%3D%2722%27+AND+ArendeAr%3D2025+AND+Inkomdatum+%3E%3D+DATE+%272025-03-01%27+AND+Inkomdatum+%3C+DATE+%272025-05-01%27&outFields=Beteckn%2CLannr%2CKommunnr%2CArendeAr%2CInkomdatum%2CAnmaldHa%2CAvvHa%2CAvvSasong%2CAvverktyp&returnGeometry=false&orderByFields=Beteckn&f=json,2026-10-06T02:29:30Z,200,application/json,67122,6124a514c23b3a4d2598982be235f85b3430beb5f0b9749b186ba08fd11456ab,"""c3e41576""",,changed,raw/skogsstyrelsen.harvest.notified/2026/10/20261006T022930Z-6124a514c23b.json.gz,,
skogsstyrelsen.harvest.notified,https://geodpags.skogsstyrelsen.se/arcgis/rest/services/Geodataportal/GeodataportalVisaAvverkningsanmalan/MapServer/0/query?where=Lannr%3D%2722%27+AND+ArendeAr%3D2025+AND+Inkomdatum+%3E%3D+DATE+%272025-05-01%27+AND+Inkomdatum+%3C+DATE+%272025-07-01%27&outFields=Beteckn%2CLannr%2CKommunnr%2CArendeAr%2CInkomdatum%2CAnmaldHa%2CAvvHa%2CAvvSasong%2CAvverktyp&returnGeometry=false&orderByFields=Beteckn&f=json,2026-10-06T02:29:33Z,200,application/json,112090,8d071492969b93047aed94ffd1e5ab5755aa17d2c96eb2ecc134542e113e1a21,"""920cfb41""",,changed,raw/skogsstyrelsen.harvest.notified/2026/10/20261006T022933Z-8d071492969b.json.gz,,
skogsstyrelsen.harvest.notified,https://geodpags.skogsstyrelsen.se/arcgis/rest/services/Geodataportal/GeodataportalVisaAvverkningsanmalan/MapServer/0/query?where=Lannr%3D%2722%27+AND+ArendeAr%3D2025+AND+Inkomdatum+%3E%3D+DATE+%272025-07-01%27+AND+Inkomdatum+%3C+DATE+%272025-09-01%27&outFields=Beteckn%2CLannr%2CKommunnr%2CArendeAr%2CInkomdatum%2CAnmaldHa%2CAvvHa%2CAvvSasong%2CAvverktyp&returnGeometry=false&orderByFields=Beteckn&f=json,2026-10-06T02:29:35Z,200,application/json,89490,b6b08264e0c65840a1d8c97a7d0c045983ee5102c7b50808d9f26e0f4d34f32b,"""9b2f150a""",,changed,raw/skogsstyrelsen.harvest.notified/2026/10/20261006T022935Z-b6b08264e0c6.json.gz,,
skogsstyrelsen.harvest.notified,https://geodpags.skogsstyrelsen.se/arcgis/rest/services/Geodataportal/GeodataportalVisaAvverkningsanmalan/MapServer/0/query?where=Lannr%3D%2722%27+AND+ArendeAr%3D2025+AND+Inkomdatum+%3E%3D+DATE+%272025-09-01%27+AND+Inkomdatum+%3C+DATE+%272025-11-01%27&outFields=Beteckn%2CLannr%2CKommunnr%2CArendeAr%2CInkomdatum%2CAnmaldHa%2CAvvHa%2CAvvSasong%2CAvverktyp&returnGeometry=false&orderByFields=Beteckn&f=json,2026-10-06T02:29:38Z,200,application/json,133157,3b4f240a91dba32ccf71aa276aa7d051e4a483d47285c108e3d8f79a209cfb12,"""a37a3726""",,changed,raw/skogsstyrelsen.harvest.notified/2026/10/20261006T022938Z-3b4f240a91db.json.gz,,
skogsstyrelsen.harvest.notified,https://geodpags.skogsstyrelsen.se/arcgis/rest/services/Geodataportal/GeodataportalVisaAvverkningsanmalan/MapServer/0/query?where=Lannr%3D%2722%27+AND+ArendeAr%3D2025+AND+Inkomdatum+%3E%3D+DATE+%272025-11-01%27&outFields=Beteckn%2CLannr%2CKommunnr%2CArendeAr%2CInkomdatum%2CAnmaldHa%2CAvvHa%2CAvvSasong%2CAvverktyp&returnGeometry=false&orderByFields=Beteckn&f=json,2026-10-06T02:29:40Z,200,application/json,129646,10633baee6e6ad311eff40a99f2f71d4e3b82163c90fa398f2d6999e961dbd0a,"""d62e01dd""",,changed,raw/skogsstyrelsen.harvest.notified/2026/10/20261006T022940Z-10633baee6e6.json.gz,,
skogsstyrelsen.harvest.notified,https://geodpags.skogsstyrelsen.se/arcgis/rest/services/Geodataportal/GeodataportalVisaAvverkningsanmalan/MapServer/0/query?where=Lannr%3D%2723%27+AND+ArendeAr%3D2025+AND+Inkomdatum+%3C+DATE+%272025-04-01%27&outFields=Beteckn%2CLannr%2CKommunnr%2CArendeAr%2CInkomdatum%2CAnmaldHa%2CAvvHa%2CAvvSasong%2CAvverktyp&returnGeometry=false&orderByFields=Beteckn&f=json,2026-10-06T02:29:43Z,200,application/json,92834,42d19c139857b1a53ea0b0ea99761459dc42b285b124f0ddc4a39ec48dfbfbda,"""4c8604f4""",,changed,raw/skogsstyrelsen.harvest.notified/2026/10/20261006T022943Z-42d19c139857.json.gz,,
skogsstyrelsen.harvest.notified,https://geodpags.skogsstyrelsen.se/arcgis/rest/services/Geodataportal/GeodataportalVisaAvverkningsanmalan/MapServer/0/query?where=Lannr%3D%2723%27+AND+ArendeAr%3D2025+AND+Inkomdatum+%3E%3D+DATE+%272025-04-01%27+AND+Inkomdatum+%3C+DATE+%272025-07-01%27&outFields=Beteckn%2CLannr%2CKommunnr%2CArendeAr%2CInkomdatum%2CAnmaldHa%2CAvvHa%2CAvvSasong%2CAvverktyp&returnGeometry=false&orderByFields=Beteckn&f=json,2026-10-06T02:29:45Z,200,application/json,138158,38ba902bdfcd26fed348be083ec2e647d72d7ebb72a8af83dc758f040a9bf615,"""ca878148""",,changed,raw/skogsstyrelsen.harvest.notified/2026/10/20261006T022945Z-38ba902bdfcd.json.gz,,
skogsstyrelsen.harvest.notified,https://geodpags.skogsstyrelsen.se/arcgis/rest/services/Geodataportal/GeodataportalVisaAvverkningsanmalan/MapServer/0/query?where=Lannr%3D%2723%27+AND+ArendeAr%3D2025+AND+Inkomdatum+%3E%3D+DATE+%272025-07-01%27+AND+Inkomdatum+%3C+DATE+%272025-10-01%27&outFields=Beteckn%2CLannr%2CKommunnr%2CArendeAr%2CInkomdatum%2CAnmaldHa%2CAvvHa%2CAvvSasong%2CAvverktyp&returnGeometry=false&orderByFields=Beteckn&f=json,2026-10-06T02:29:48Z,200,application/json,158439,57d315449cce2ca89c67ef96c7ed2dbbec5166e924ae0c2e4a5356f28c4ed6e2,"""f1c4d523""",,changed,raw/skogsstyrelsen.harvest.notified/2026/10/20261006T022948Z-57d315449cce.json.gz,,
skogsstyrelsen.harvest.notified,https://geodpags.skogsstyrelsen.se/arcgis/rest/services/Geodataportal/GeodataportalVisaAvverkningsanmalan/MapServer/0/query?where=Lannr%3D%2723%27+AND+ArendeAr%3D2025+AND+Inkomdatum+%3E%3D+DATE+%272025-10-01%27&outFields=Beteckn%2CLannr%2CKommunnr%2CArendeAr%2CInkomdatum%2CAnmaldHa%2CAvvHa%2CAvvSasong%2CAvverktyp&returnGeometry=false&orderByFields=Beteckn&f=json,2026-10-06T02:29:50Z,200,application/json,191809,07b6a215780899dcce8f06cc54cf292cd74b758457f9af401d44ad3b6b2eb8b4,"""99cae2d7""",,changed,raw/skogsstyrelsen.harvest.notified/2026/10/20261006T022950Z-07b6a2157808.json.gz,,
skogsstyrelsen.harvest.notified,https://geodpags.skogsstyrelsen.se/arcgis/rest/services/Geodataportal/GeodataportalVisaAvverkningsanmalan/MapServer/0/query?where=Lannr%3D%2717%27+AND+ArendeAr%3D2025+AND+Inkomdatum+%3C+DATE+%272025-04-01%27&outFields=Beteckn%2CLannr%2CKommunnr%2CArendeAr%2CInkomdatum%2CAnmaldHa%2CAvvHa%2CAvvSasong%2CAvverktyp&returnGeometry=false&orderByFields=Beteckn&f=json,2026-10-06T02:29:53Z,200,application/json,117453,da780cefe74e8b63360d2f5d9435a5d97949341722b8189f59f2f8654e7e44ca,"""8b18d2ee""",,changed,raw/skogsstyrelsen.harvest.notified/2026/10/20261006T022953Z-da780cefe74e.json.gz,,
skogsstyrelsen.harvest.notified,https://geodpags.skogsstyrelsen.se/arcgis/rest/services/Geodataportal/GeodataportalVisaAvverkningsanmalan/MapServer/0/query?where=Lannr%3D%2717%27+AND+ArendeAr%3D2025+AND+Inkomdatum+%3E%3D+DATE+%272025-04-01%27+AND+Inkomdatum+%3C+DATE+%272025-07-01%27&outFields=Beteckn%2CLannr%2CKommunnr%2CArendeAr%2CInkomdatum%2CAnmaldHa%2CAvvHa%2CAvvSasong%2CAvverktyp&returnGeometry=false&orderByFields=Beteckn&f=json,2026-10-06T02:29:55Z,200,application/json,138897,d1ace862b2fd9e3aae9df4b8e63180ed84cad4d4a0121924107ff9c3d29e6237,"""8dba0e34""",,changed,raw/skogsstyrelsen.harvest.notified/2026/10/20261006T022955Z-d1ace862b2fd.json.gz,,
skogsstyrelsen.harvest.notified,https://geodpags.skogsstyrelsen.se/arcgis/rest/services/Geodataportal/GeodataportalVisaAvverkningsanmalan/MapServer/0/query?where=Lannr%3D%2717%27+AND+ArendeAr%3D2025+AND+Inkomdatum+%3E%3D+DATE+%272025-07-01%27+AND+Inkomdatum+%3C+DATE+%272025-10-01%27&outFields=Beteckn%2CLannr%2CKommunnr%2CArendeAr%2CInkomdatum%2CAnmaldHa%2CAvvHa%2CAvvSasong%2CAvverktyp&returnGeometry=false&orderByFields=Beteckn&f=json,2026-10-06T02:29:58Z,200,application/json,129465,fcdac0c6e7536364d1cab6ae1f0ec224e8809f982f6aed0484d881d19fec8709,"""a0dcda59""",,changed,raw/skogsstyrelsen.harvest.notified/2026/10/20261006T022958Z-fcdac0c6e753.json.gz,,
skogsstyrelsen.harvest.notified,https://geodpags.skogsstyrelsen.se/arcgis/rest/services/Geodataportal/GeodataportalVisaAvverkningsanmalan/MapServer/0/query?where=Lannr%3D%2717%27+AND+ArendeAr%3D2025+AND+Inkomdatum+%3E%3D+DATE+%272025-10-01%27&outFields=Beteckn%2CLannr%2CKommunnr%2CArendeAr%2CInkomdatum%2CAnmaldHa%2CAvvHa%2CAvvSasong%2CAvverktyp&returnGeometry=false&orderByFields=Beteckn&f=json,2026-10-06T02:30:01Z,200,application/json,166358,3ed858920381bbcdc927234ec819638b102e2d60695ac5d2e2be68127643891a,"""babf193f""",,changed,raw/skogsstyrelsen.harvest.notified/2026/10/20261006T023001Z-3ed858920381.json.gz,,
skogsstyrelsen.harvest.notified,https://geodpags.skogsstyrelsen.se/arcgis/rest/services/Geodataportal/GeodataportalVisaAvverkningsanmalan/MapServer/0/query?where=Lannr%3D%2714%27+AND+ArendeAr%3D2023+AND+Inkomdatum+%3C+DATE+%272023-04-01%27&outFields=Beteckn%2CLannr%2CKommunnr%2CArendeAr%2CInkomdatum%2CAnmaldHa%2CAvvHa%2CAvvSasong%2CAvverktyp&returnGeometry=false&orderByFields=Beteckn&f=json,2026-10-06T02:30:03Z,200,application/json,123535,eceb493562d85752e796b4cbabc4d4c2ab8729ab9aeda2da26fe978b48432987,"""c8dd7c76""",,changed,raw/skogsstyrelsen.harvest.notified/2026/10/20261006T023003Z-eceb493562d8.json.gz,,
skogsstyrelsen.harvest.notified,https://geodpags.skogsstyrelsen.se/arcgis/rest/services/Geodataportal/GeodataportalVisaAvverkningsanmalan/MapServer/0/query?where=Lannr%3D%2714%27+AND+ArendeAr%3D2023+AND+Inkomdatum+%3E%3D+DATE+%272023-04-01%27+AND+Inkomdatum+%3C+DATE+%272023-07-01%27&outFields=Beteckn%2CLannr%2CKommunnr%2CArendeAr%2CInkomdatum%2CAnmaldHa%2CAvvHa%2CAvvSasong%2CAvverktyp&returnGeometry=false&orderByFields=Beteckn&f=json,2026-10-06T02:30:06Z,200,application/json,108033,770cc3571326d6b4b87d1483fb7b9ebb43061d309ac8dcf2ce5a850a1b72f74c,"""6b9a3eff""",,changed,raw/skogsstyrelsen.harvest.notified/2026/10/20261006T023006Z-770cc3571326.json.gz,,
skogsstyrelsen.harvest.notified,https://geodpags.skogsstyrelsen.se/arcgis/rest/services/Geodataportal/GeodataportalVisaAvverkningsanmalan/MapServer/0/query?where=Lannr%3D%2714%27+AND+ArendeAr%3D2023+AND+Inkomdatum+%3E%3D+DATE+%272023-07-01%27+AND+Inkomdatum+%3C+DATE+%272023-10-01%27&outFields=Beteckn%2CLannr%2CKommunnr%2CArendeAr%2CInkomdatum%2CAnmaldHa%2CAvvHa%2CAvvSasong%2CAvverktyp&returnGeometry=false&orderByFields=Beteckn&f=json,2026-10-06T02:30:08Z,200,application/json,139715,f1df3c8b7be3e7ac0934c28011094bea8f10f30ab8c0938d757bbc741f67618e,"""ffe9e6e6""",,changed,raw/skogsstyrelsen.harvest.notified/2026/10/20261006T023008Z-f1df3c8b7be3.json.gz,,
skogsstyrelsen.harvest.notified,https://geodpags.skogsstyrelsen.se/arcgis/rest/services/Geodataportal/GeodataportalVisaAvverkningsanmalan/MapServer/0/query?where=Lannr%3D%2714%27+AND+ArendeAr%3D2023+AND+Inkomdatum+%3E%3D+DATE+%272023-10-01%27&outFields=Beteckn%2CLannr%2CKommunnr%2CArendeAr%2CInkomdatum%2CAnmaldHa%2CAvvHa%2CAvvSasong%2CAvverktyp&returnGeometry=false&orderByFields=Beteckn&f=json,2026-10-06T02:30:11Z,304,application/json,157625,d78290d9fb0c603fbadabd30942f664896b8c4ce61b72555c75a0f0b7df7a68f,"""eddebdc9""",,unchanged,raw/skogsstyrelsen.harvest.notified/2026/09/20260904T153956Z-d78290d9fb0c.json,not_modified,
skogsstyrelsen.harvest.notified,https://geodpags.skogsstyrelsen.se/arcgis/rest/services/Geodataportal/GeodataportalVisaAvverkningsanmalan/MapServer/0/query?where=Lannr%3D%2724%27+AND+ArendeAr%3D2026+AND+Inkomdatum+%3C+DATE+%272026-04-01%27&outFields=Beteckn%2CLannr%2CKommunnr%2CArendeAr%2CInkomdatum%2CAnmaldHa%2CAvvHa%2CAvvSasong%2CAvverktyp&returnGeometry=false&orderByFields=Beteckn&f=json,2026-10-06T02:30:13Z,200,application/json,122059,1799075c47b6b706d8d0bcaf27fc1ae6f40e682a18c139630741e8225280b435,"""7648cd79""",,changed,raw/skogsstyrelsen.harvest.notified/2026/10/20261006T023013Z-1799075c47b6.json.gz,,
skogsstyrelsen.harvest.notified,https://geodpags.skogsstyrelsen.se/arcgis/rest/services/Geodataportal/GeodataportalVisaAvverkningsanmalan/MapServer/0/query?where=Lannr%3D%2724%27+AND+ArendeAr%3D2026+AND+Inkomdatum+%3E%3D+DATE+%272026-04-01%27+AND+Inkomdatum+%3C+DATE+%272026-07-01%27&outFields=Beteckn%2CLannr%2CKommunnr%2CArendeAr%2CInkomdatum%2CAnmaldHa%2CAvvHa%2CAvvSasong%2CAvverktyp&returnGeometry=false&orderByFields=Beteckn&f=json,2026-10-06T02:30:16Z,200,application/json,199397,dac705cb69d06c1c79dbcea0a533b6b2fd516db3e69bc7edb536fc3c4fbe88b0,"""3dff2931""",,changed,raw/skogsstyrelsen.harvest.notified/2026/10/20261006T023016Z-dac705cb69d0.json.gz,,
skogsstyrelsen.harvest.notified,https://geodpags.skogsstyrelsen.se/arcgis/rest/services/Geodataportal/GeodataportalVisaAvverkningsanmalan/MapServer/0/query?where=Lannr%3D%2724%27+AND+ArendeAr%3D2026+AND+Inkomdatum+%3E%3D+DATE+%272026-07-01%27+AND+Inkomdatum+%3C+DATE+%272026-10-01%27&outFields=Beteckn%2CLannr%2CKommunnr%2CArendeAr%2CInkomdatum%2CAnmaldHa%2CAvvHa%2CAvvSasong%2CAvverktyp&returnGeometry=false&orderByFields=Beteckn&f=json,2026-10-06T02:30:18Z,200,application/json,289236,ba1df080578db82ad9b4048beab6f8adcdc3a5a506c14622d0f742ee543b32f0,"""3e0357a0""",,changed,raw/skogsstyrelsen.harvest.notified/2026/10/20261006T023018Z-ba1df080578d.json.gz,,
skogsstyrelsen.harvest.notified,https://geodpags.skogsstyrelsen.se/arcgis/rest/services/Geodataportal/GeodataportalVisaAvverkningsanmalan/MapServer/0/query?where=Lannr%3D%2724%27+AND+ArendeAr%3D2026+AND+Inkomdatum+%3E%3D+DATE+%272026-10-01%27&outFields=Beteckn%2CLannr%2CKommunnr%2CArendeAr%2CInkomdatum%2CAnmaldHa%2CAvvHa%2CAvvSasong%2CAvverktyp&returnGeometry=false&orderByFields=Beteckn&f=json,2026-10-06T02:30:21Z,200,application/json,17538,c3b0e04018da8cac53d9bf3d8829cc90c33276f303a1639b9f07a90646d137ce,"""fa0b13c0""",,changed,raw/skogsstyrelsen.harvest.notified/2026/10/20261006T023021Z-c3b0e04018da.json.gz,,
skogsstyrelsen.harvest.notified,https://geodpags.skogsstyrelsen.se/arcgis/rest/services/Geodataportal/GeodataportalVisaAvverkningsanmalan/MapServer/0/query?where=Lannr%3D%2721%27+AND+ArendeAr%3D2025+AND+Inkomdatum+%3C+DATE+%272025-04-01%27&outFields=Beteckn%2CLannr%2CKommunnr%2CArendeAr%2CInkomdatum%2CAnmaldHa%2CAvvHa%2CAvvSasong%2CAvverktyp&returnGeometry=false&orderByFields=Beteckn&f=json,2026-10-06T02:30:24Z,200,application/json,74805,2141545dfcbbf9c21f2daca13097cf569d870f470dbccddb06b08eca1890c168,"""1f9e0ee0""",,changed,raw/skogsstyrelsen.harvest.notified/2026/10/20261006T023024Z-2141545dfcbb.json.gz,,
skogsstyrelsen.harvest.notified,https://geodpags.skogsstyrelsen.se/arcgis/rest/services/Geodataportal/GeodataportalVisaAvverkningsanmalan/MapServer/0/query?where=Lannr%3D%2721%27+AND+ArendeAr%3D2025+AND+Inkomdatum+%3E%3D+DATE+%272025-04-01%27+AND+Inkomdatum+%3C+DATE+%272025-07-01%27&outFields=Beteckn%2CLannr%2CKommunnr%2CArendeAr%2CInkomdatum%2CAnmaldHa%2CAvvHa%2CAvvSasong%2CAvverktyp&returnGeometry=false&orderByFields=Beteckn&f=json,2026-10-06T02:30:26Z,200,application/json,132350,49394fdd4e0b971f236d9e09d069c1dd59579faaf877c36590b69010629c2b85,"""ff2dd4f7""",,changed,raw/skogsstyrelsen.harvest.notified/2026/10/20261006T023026Z-49394fdd4e0b.json.gz,,
skogsstyrelsen.harvest.notified,https://geodpags.skogsstyrelsen.se/arcgis/rest/services/Geodataportal/GeodataportalVisaAvverkningsanmalan/MapServer/0/query?where=Lannr%3D%2721%27+AND+ArendeAr%3D2025+AND+Inkomdatum+%3E%3D+DATE+%272025-07-01%27+AND+Inkomdatum+%3C+DATE+%272025-10-01%27&outFields=Beteckn%2CLannr%2CKommunnr%2CArendeAr%2CInkomdatum%2CAnmaldHa%2CAvvHa%2CAvvSasong%2CAvverktyp&returnGeometry=false&orderByFields=Beteckn&f=json,2026-10-06T02:30:31Z,200,application/json,137201,e2a20971bc72fc8b4e4fea4029b2dbedf7533963362187c8e3de275396fb3f5a,"""4fd4f3b5""",,changed,raw/skogsstyrelsen.harvest.notified/2026/10/20261006T023031Z-e2a20971bc72.json.gz,,
skogsstyrelsen.harvest.notified,https://geodpags.skogsstyrelsen.se/arcgis/rest/services/Geodataportal/GeodataportalVisaAvverkningsanmalan/MapServer/0/query?where=Lannr%3D%2721%27+AND+ArendeAr%3D2025+AND+Inkomdatum+%3E%3D+DATE+%272025-10-01%27&outFields=Beteckn%2CLannr%2CKommunnr%2CArendeAr%2CInkomdatum%2CAnmaldHa%2CAvvHa%2CAvvSasong%2CAvverktyp&returnGeometry=false&orderByFields=Beteckn&f=json,2026-10-06T02:30:35Z,200,application/json,177329,dc9b4081a9280ae3b9dfeef8bd88342cde0ee1da86a9d729610ec40f16a53df6,"""6513e813""",,changed,raw/skogsstyrelsen.harvest.notified/2026/10/20261006T023035Z-dc9b4081a928.json.gz,,
skogsstyrelsen.harvest.notified,https://geodpags.skogsstyrelsen.se/arcgis/rest/services/Geodataportal/GeodataportalVisaAvverkningsanmalan/MapServer/0/query?where=Lannr%3D%2722%27+AND+ArendeAr%3D2026+AND+Inkomdatum+%3C+DATE+%272026-04-01%27&outFields=Beteckn%2CLannr%2CKommunnr%2CArendeAr%2CInkomdatum%2CAnmaldHa%2CAvvHa%2CAvvSasong%2CAvverktyp&returnGeometry=false&orderByFields=Beteckn&f=json,2026-10-06T02:30:38Z,200,application/json,154549,abf3e29acf6fba6dd56f082631822690d4f79c72a2d2b7b81bf005c94cab3510,"""428f11f5""",,changed,raw/skogsstyrelsen.harvest.notified/2026/10/20261006T023038Z-abf3e29acf6f.json.gz,,
skogsstyrelsen.harvest.notified,https://geodpags.skogsstyrelsen.se/arcgis/rest/services/Geodataportal/GeodataportalVisaAvverkningsanmalan/MapServer/0/query?where=Lannr%3D%2722%27+AND+ArendeAr%3D2026+AND+Inkomdatum+%3E%3D+DATE+%272026-04-01%27+AND+Inkomdatum+%3C+DATE+%272026-07-01%27&outFields=Beteckn%2CLannr%2CKommunnr%2CArendeAr%2CInkomdatum%2CAnmaldHa%2CAvvHa%2CAvvSasong%2CAvverktyp&returnGeometry=false&orderByFields=Beteckn&f=json,2026-10-06T02:30:41Z,200,application/json,187853,24deaa3d2596559ada5068f1e4136406dae0248d0e01a2822d02dc309757f432,"""eed3be4c""",,changed,raw/skogsstyrelsen.harvest.notified/2026/10/20261006T023041Z-24deaa3d2596.json.gz,,
skogsstyrelsen.harvest.notified,https://geodpags.skogsstyrelsen.se/arcgis/rest/services/Geodataportal/GeodataportalVisaAvverkningsanmalan/MapServer/0/query?where=Lannr%3D%2722%27+AND+ArendeAr%3D2026+AND+Inkomdatum+%3E%3D+DATE+%272026-07-01%27+AND+Inkomdatum+%3C+DATE+%272026-10-01%27&outFields=Beteckn%2CLannr%2CKommunnr%2CArendeAr%2CInkomdatum%2CAnmaldHa%2CAvvHa%2CAvvSasong%2CAvverktyp&returnGeometry=false&orderByFields=Beteckn&f=json,2026-10-06T02:30:43Z,200,application/json,232415,dd2ce64a4960bb7be73a1a86e5f504e0780f8bd18562e35032db626382e245fc,"""30fa5ca9""",,changed,raw/skogsstyrelsen.harvest.notified/2026/10/20261006T023043Z-dd2ce64a4960.json.gz,,
skogsstyrelsen.harvest.notified,https://geodpags.skogsstyrelsen.se/arcgis/rest/services/Geodataportal/GeodataportalVisaAvverkningsanmalan/MapServer/0/query?where=Lannr%3D%2722%27+AND+ArendeAr%3D2026+AND+Inkomdatum+%3E%3D+DATE+%272026-10-01%27&outFields=Beteckn%2CLannr%2CKommunnr%2CArendeAr%2CInkomdatum%2CAnmaldHa%2CAvvHa%2CAvvSasong%2CAvverktyp&returnGeometry=false&orderByFields=Beteckn&f=json,2026-10-06T02:30:47Z,200,application/json,16948,3efe7abbba0ca9c38f755f51b8f62841f5a315bc16088cf4bd2a77b2e5e7059b,"""16a1d90b""",,changed,raw/skogsstyrelsen.harvest.notified/2026/10/20261006T023047Z-3efe7abbba0c.json.gz,,
skogsstyrelsen.harvest.notified,https://geodpags.skogsstyrelsen.se/arcgis/rest/services/Geodataportal/GeodataportalVisaAvverkningsanmalan/MapServer/0/query?where=Lannr%3D%2714%27+AND+ArendeAr%3D2024+AND+Inkomdatum+%3C+DATE+%272024-04-01%27&outFields=Beteckn%2CLannr%2CKommunnr%2CArendeAr%2CInkomdatum%2CAnmaldHa%2CAvvHa%2CAvvSasong%2CAvverktyp&returnGeometry=false&orderByFields=Beteckn&f=json,2026-10-06T02:30:50Z,200,application/json,137549,a0ad4ad3220b6b76a42c696efe5fdb424b9c9a3d94736de369edf1bccf497469,"""bf56043e""",,changed,raw/skogsstyrelsen.harvest.notified/2026/10/20261006T023050Z-a0ad4ad3220b.json.gz,,
skogsstyrelsen.harvest.notified,https://geodpags.skogsstyrelsen.se/arcgis/rest/services/Geodataportal/GeodataportalVisaAvverkningsanmalan/MapServer/0/query?where=Lannr%3D%2714%27+AND+ArendeAr%3D2024+AND+Inkomdatum+%3E%3D+DATE+%272024-04-01%27+AND+Inkomdatum+%3C+DATE+%272024-07-01%27&outFields=Beteckn%2CLannr%2CKommunnr%2CArendeAr%2CInkomdatum%2CAnmaldHa%2CAvvHa%2CAvvSasong%2CAvverktyp&returnGeometry=false&orderByFields=Beteckn&f=json,2026-10-06T02:30:52Z,200,application/json,100322,cb4b9cb24055813c598d4f6e8a48e7adc85d7b021fe33e997c40e7ee7eb54e45,"""d3e3f2fa""",,changed,raw/skogsstyrelsen.harvest.notified/2026/10/20261006T023052Z-cb4b9cb24055.json.gz,,
skogsstyrelsen.harvest.notified,https://geodpags.skogsstyrelsen.se/arcgis/rest/services/Geodataportal/GeodataportalVisaAvverkningsanmalan/MapServer/0/query?where=Lannr%3D%2714%27+AND+ArendeAr%3D2024+AND+Inkomdatum+%3E%3D+DATE+%272024-07-01%27+AND+Inkomdatum+%3C+DATE+%272024-10-01%27&outFields=Beteckn%2CLannr%2CKommunnr%2CArendeAr%2CInkomdatum%2CAnmaldHa%2CAvvHa%2CAvvSasong%2CAvverktyp&returnGeometry=false&orderByFields=Beteckn&f=json,2026-10-06T02:30:55Z,200,application/json,101885,15872f31915d9ca60423a0b5bb817339fec9bcb2759164a7ac310f8bd3586568,"""22d4334e""",,changed,raw/skogsstyrelsen.harvest.notified/2026/10/20261006T023055Z-15872f31915d.json.gz,,
skogsstyrelsen.harvest.notified,https://geodpags.skogsstyrelsen.se/arcgis/rest/services/Geodataportal/GeodataportalVisaAvverkningsanmalan/MapServer/0/query?where=Lannr%3D%2714%27+AND+ArendeAr%3D2024+AND+Inkomdatum+%3E%3D+DATE+%272024-10-01%27&outFields=Beteckn%2CLannr%2CKommunnr%2CArendeAr%2CInkomdatum%2CAnmaldHa%2CAvvHa%2CAvvSasong%2CAvverktyp&returnGeometry=false&orderByFields=Beteckn&f=json,2026-10-06T02:30:57Z,200,application/json,157392,5961762a2e1b6b0bdf26be340499304e800f548b7fd5d7fd4a49ddb96e592085,"""f13fec74""",,changed,raw/skogsstyrelsen.harvest.notified/2026/10/20261006T023057Z-5961762a2e1b.json.gz,,
skogsstyrelsen.harvest.notified,https://geodpags.skogsstyrelsen.se/arcgis/rest/services/Geodataportal/GeodataportalVisaAvverkningsanmalan/MapServer/0/query?where=Lannr%3D%2720%27+AND+ArendeAr%3D2025+AND+Inkomdatum+%3C+DATE+%272025-04-01%27&outFields=Beteckn%2CLannr%2CKommunnr%2CArendeAr%2CInkomdatum%2CAnmaldHa%2CAvvHa%2CAvvSasong%2CAvverktyp&returnGeometry=false&orderByFields=Beteckn&f=json,2026-10-06T02:31:01Z,200,application/json,66396,38eb225740dd236277970cadedbfe08fde5b22d653fac77be045ba1c0e03240d,"""81c91bdf""",,changed,raw/skogsstyrelsen.harvest.notified/2026/10/20261006T023101Z-38eb225740dd.json.gz,,
skogsstyrelsen.harvest.notified,https://geodpags.skogsstyrelsen.se/arcgis/rest/services/Geodataportal/GeodataportalVisaAvverkningsanmalan/MapServer/0/query?where=Lannr%3D%2720%27+AND+ArendeAr%3D2025+AND+Inkomdatum+%3E%3D+DATE+%272025-04-01%27+AND+Inkomdatum+%3C+DATE+%272025-07-01%27&outFields=Beteckn%2CLannr%2CKommunnr%2CArendeAr%2CInkomdatum%2CAnmaldHa%2CAvvHa%2CAvvSasong%2CAvverktyp&returnGeometry=false&orderByFields=Beteckn&f=json,2026-10-06T02:31:03Z,200,application/json,116003,d60644cf8e428e8d093de365f970e7530e6a9bb7b5a897bcf8caacfde574af63,"""1c03f9f2""",,changed,raw/skogsstyrelsen.harvest.notified/2026/10/20261006T023103Z-d60644cf8e42.json.gz,,
skogsstyrelsen.harvest.notified,https://geodpags.skogsstyrelsen.se/arcgis/rest/services/Geodataportal/GeodataportalVisaAvverkningsanmalan/MapServer/0/query?where=Lannr%3D%2720%27+AND+ArendeAr%3D2025+AND+Inkomdatum+%3E%3D+DATE+%272025-07-01%27+AND+Inkomdatum+%3C+DATE+%272025-10-01%27&outFields=Beteckn%2CLannr%2CKommunnr%2CArendeAr%2CInkomdatum%2CAnmaldHa%2CAvvHa%2CAvvSasong%2CAvverktyp&returnGeometry=false&orderByFields=Beteckn&f=json,2026-10-06T02:31:06Z,200,application/json,122188,27867a25fa670b0a9dab913abd7ee9ed2d439ea492c735aa12ada4ef78f29086,"""1475382""",,changed,raw/skogsstyrelsen.harvest.notified/2026/10/20261006T023106Z-27867a25fa67.json.gz,,
skogsstyrelsen.harvest.notified,https://geodpags.skogsstyrelsen.se/arcgis/rest/services/Geodataportal/GeodataportalVisaAvverkningsanmalan/MapServer/0/query?where=Lannr%3D%2720%27+AND+ArendeAr%3D2025+AND+Inkomdatum+%3E%3D+DATE+%272025-10-01%27&outFields=Beteckn%2CLannr%2CKommunnr%2CArendeAr%2CInkomdatum%2CAnmaldHa%2CAvvHa%2CAvvSasong%2CAvverktyp&returnGeometry=false&orderByFields=Beteckn&f=json,2026-10-06T02:31:08Z,200,application/json,181700,3072f9b535659982854d759821f5c6ec27d5505005edc645e924ee6982107298,"""4a609b96""",,changed,raw/skogsstyrelsen.harvest.notified/2026/10/20261006T023108Z-3072f9b53565.json.gz,,
skogsstyrelsen.harvest.notified,https://geodpags.skogsstyrelsen.se/arcgis/rest/services/Geodataportal/GeodataportalVisaAvverkningsanmalan/MapServer/0/query?where=Lannr%3D%2725%27+AND+ArendeAr%3D2025+AND+Inkomdatum+%3C+DATE+%272025-04-01%27&outFields=Beteckn%2CLannr%2CKommunnr%2CArendeAr%2CInkomdatum%2CAnmaldHa%2CAvvHa%2CAvvSasong%2CAvverktyp&returnGeometry=false&orderByFields=Beteckn&f=json,2026-10-06T02:31:11Z,200,application/json,60067,e0c474f72ca8d2b129903248eb909dc77012d84947dba02ef08daaac11d3a7ff,"""15f27de1""",,changed,raw/skogsstyrelsen.harvest.notified/2026/10/20261006T023111Z-e0c474f72ca8.json.gz,,
skogsstyrelsen.harvest.notified,https://geodpags.skogsstyrelsen.se/arcgis/rest/services/Geodataportal/GeodataportalVisaAvverkningsanmalan/MapServer/0/query?where=Lannr%3D%2725%27+AND+ArendeAr%3D2025+AND+Inkomdatum+%3E%3D+DATE+%272025-04-01%27+AND+Inkomdatum+%3C+DATE+%272025-07-01%27&outFields=Beteckn%2CLannr%2CKommunnr%2CArendeAr%2CInkomdatum%2CAnmaldHa%2CAvvHa%2CAvvSasong%2CAvverktyp&returnGeometry=false&orderByFields=Beteckn&f=json,2026-10-06T02:31:13Z,200,application/json,83684,f24a9ae261247083fabbb2ce20d3cf6502a483da496178df138a7c3bafed0f39,"""1bfb6e59""",,changed,raw/skogsstyrelsen.harvest.notified/2026/10/20261006T023113Z-f24a9ae26124.json.gz,,
skogsstyrelsen.harvest.notified,https://geodpags.skogsstyrelsen.se/arcgis/rest/services/Geodataportal/GeodataportalVisaAvverkningsanmalan/MapServer/0/query?where=Lannr%3D%2725%27+AND+ArendeAr%3D2025+AND+Inkomdatum+%3E%3D+DATE+%272025-07-01%27+AND+Inkomdatum+%3C+DATE+%272025-10-01%27&outFields=Beteckn%2CLannr%2CKommunnr%2CArendeAr%2CInkomdatum%2CAnmaldHa%2CAvvHa%2CAvvSasong%2CAvverktyp&returnGeometry=false&orderByFields=Beteckn&f=json,2026-10-06T02:31:16Z,200,application/json,98283,23d43cbca6f4aaea1a48a9f67da12aa0e0862fdcf0a281129d502511a0854645,"""8c41126""",,changed,raw/skogsstyrelsen.harvest.notified/2026/10/20261006T023116Z-23d43cbca6f4.json.gz,,
skogsstyrelsen.harvest.notified,https://geodpags.skogsstyrelsen.se/arcgis/rest/services/Geodataportal/GeodataportalVisaAvverkningsanmalan/MapServer/0/query?where=Lannr%3D%2725%27+AND+ArendeAr%3D2025+AND+Inkomdatum+%3E%3D+DATE+%272025-10-01%27&outFields=Beteckn%2CLannr%2CKommunnr%2CArendeAr%2CInkomdatum%2CAnmaldHa%2CAvvHa%2CAvvSasong%2CAvverktyp&returnGeometry=false&orderByFields=Beteckn&f=json,2026-10-06T02:31:18Z,200,application/json,172988,fb5d0685f6f36eab4afbad01d072e06a2c84144a5ff84694034839833c794d32,"""b403f32a""",,changed,raw/skogsstyrelsen.harvest.notified/2026/10/20261006T023118Z-fb5d0685f6f3.json.gz,,
skogsstyrelsen.harvest.notified,https://geodpags.skogsstyrelsen.se/arcgis/rest/services/Geodataportal/GeodataportalVisaAvverkningsanmalan/MapServer/0/query?where=Lannr%3D%2714%27+AND+ArendeAr%3D2022+AND+Inkomdatum+%3C+DATE+%272022-04-01%27&outFields=Beteckn%2CLannr%2CKommunnr%2CArendeAr%2CInkomdatum%2CAnmaldHa%2CAvvHa%2CAvvSasong%2CAvverktyp&returnGeometry=false&orderByFields=Beteckn&f=json,2026-10-06T02:31:21Z,200,application/json,118665,19aeba3712fbe08a16e31fbce35f3671815c9648d2866e36f77f50cc297301b7,"""a790a62e""",,changed,raw/skogsstyrelsen.harvest.notified/2026/10/20261006T023121Z-19aeba3712fb.json.gz,,
skogsstyrelsen.harvest.notified,https://geodpags.skogsstyrelsen.se/arcgis/rest/services/Geodataportal/GeodataportalVisaAvverkningsanmalan/MapServer/0/query?where=Lannr%3D%2714%27+AND+ArendeAr%3D2022+AND+Inkomdatum+%3E%3D+DATE+%272022-04-01%27+AND+Inkomdatum+%3C+DATE+%272022-07-01%27&outFields=Beteckn%2CLannr%2CKommunnr%2CArendeAr%2CInkomdatum%2CAnmaldHa%2CAvvHa%2CAvvSasong%2CAvverktyp&returnGeometry=false&orderByFields=Beteckn&f=json,2026-10-06T02:31:23Z,200,application/json,77059,eb0061bc3ddb63a630b749c586c941ec142cbf0b84f14583e840ed7a3c063bee,"""9a2e15c7""",,changed,raw/skogsstyrelsen.harvest.notified/2026/10/20261006T023123Z-eb0061bc3ddb.json.gz,,
skogsstyrelsen.harvest.notified,https://geodpags.skogsstyrelsen.se/arcgis/rest/services/Geodataportal/GeodataportalVisaAvverkningsanmalan/MapServer/0/query?where=Lannr%3D%2714%27+AND+ArendeAr%3D2022+AND+Inkomdatum+%3E%3D+DATE+%272022-07-01%27+AND+Inkomdatum+%3C+DATE+%272022-10-01%27&outFields=Beteckn%2CLannr%2CKommunnr%2CArendeAr%2CInkomdatum%2CAnmaldHa%2CAvvHa%2CAvvSasong%2CAvverktyp&returnGeometry=false&orderByFields=Beteckn&f=json,2026-10-06T02:31:26Z,304,application/json,97758,de3d4400535eeb0dce2689b682aec2f95abe54db632d3bb2ddf08f306000cdf7,"""3e0bad69""",,unchanged,raw/skogsstyrelsen.harvest.notified/2026/09/20260904T140827Z-de3d4400535e.json,not_modified,
skogsstyrelsen.harvest.notified,https://geodpags.skogsstyrelsen.se/arcgis/rest/services/Geodataportal/GeodataportalVisaAvverkningsanmalan/MapServer/0/query?where=Lannr%3D%2714%27+AND+ArendeAr%3D2022+AND+Inkomdatum+%3E%3D+DATE+%272022-10-01%27&outFields=Beteckn%2CLannr%2CKommunnr%2CArendeAr%2CInkomdatum%2CAnmaldHa%2CAvvHa%2CAvvSasong%2CAvverktyp&returnGeometry=false&orderByFields=Beteckn&f=json,2026-10-06T02:31:28Z,200,application/json,126654,afac2e84a0e925d137dad96c1a6b3331be9a00012f533ef75ce0dea9f8453827,"""d540a28b""",,changed,raw/skogsstyrelsen.harvest.notified/2026/10/20261006T023128Z-afac2e84a0e9.json.gz,,
skogsstyrelsen.harvest.notified,https://geodpags.skogsstyrelsen.se/arcgis/rest/services/Geodataportal/GeodataportalVisaAvverkningsanmalan/MapServer/0/query?where=Lannr%3D%2717%27+AND+ArendeAr%3D2026+AND+Inkomdatum+%3C+DATE+%272026-04-01%27&outFields=Beteckn%2CLannr%2CKommunnr%2CArendeAr%2CInkomdatum%2CAnmaldHa%2CAvvHa%2CAvvSasong%2CAvverktyp&returnGeometry=false&orderByFields=Beteckn&f=json,2026-10-06T02:31:31Z,200,application/json,120238,260ccf993db79ce7e22e853aead3f128e52088ab0941a0a5874b17cf83bedffc,"""153cc342""",,changed,raw/skogsstyrelsen.harvest.notified/2026/10/20261006T023131Z-260ccf993db7.json.gz,,
skogsstyrelsen.harvest.notified,https://geodpags.skogsstyrelsen.se/arcgis/rest/services/Geodataportal/GeodataportalVisaAvverkningsanmalan/MapServer/0/query?where=Lannr%3D%2717%27+AND+ArendeAr%3D2026+AND+Inkomdatum+%3E%3D+DATE+%272026-04-01%27+AND+Inkomdatum+%3C+DATE+%272026-07-01%27&outFields=Beteckn%2CLannr%2CKommunnr%2CArendeAr%2CInkomdatum%2CAnmaldHa%2CAvvHa%2CAvvSasong%2CAvverktyp&returnGeometry=false&orderByFields=Beteckn&f=json,2026-10-06T02:31:33Z,200,application/json,178057,c9f87f8b2d9da3edfd101f6309735d468d363add42b7b114c0e68043685503ab,"""19b3f68""",,changed,raw/skogsstyrelsen.harvest.notified/2026/10/20261006T023133Z-c9f87f8b2d9d.json.gz,,
skogsstyrelsen.harvest.notified,https://geodpags.skogsstyrelsen.se/arcgis/rest/services/Geodataportal/GeodataportalVisaAvverkningsanmalan/MapServer/0/query?where=Lannr%3D%2717%27+AND+ArendeAr%3D2026+AND+Inkomdatum+%3E%3D+DATE+%272026-07-01%27+AND+Inkomdatum+%3C+DATE+%272026-10-01%27&outFields=Beteckn%2CLannr%2CKommunnr%2CArendeAr%2CInkomdatum%2CAnmaldHa%2CAvvHa%2CAvvSasong%2CAvverktyp&returnGeometry=false&orderByFields=Beteckn&f=json,2026-10-06T02:31:36Z,200,application/json,180663,dcfc8034affe4553babb4a8473ea0d39dba3c9ab8d059fc7cb92ec557ec0c1df,"""65655184""",,changed,raw/skogsstyrelsen.harvest.notified/2026/10/20261006T023136Z-dcfc8034affe.json.gz,,
skogsstyrelsen.harvest.notified,https://geodpags.skogsstyrelsen.se/arcgis/rest/services/Geodataportal/GeodataportalVisaAvverkningsanmalan/MapServer/0/query?where=Lannr%3D%2717%27+AND+ArendeAr%3D2026+AND+Inkomdatum+%3E%3D+DATE+%272026-10-01%27&outFields=Beteckn%2CLannr%2CKommunnr%2CArendeAr%2CInkomdatum%2CAnmaldHa%2CAvvHa%2CAvvSasong%2CAvverktyp&returnGeometry=false&orderByFields=Beteckn&f=json,2026-10-06T02:31:38Z,200,application/json,6608,9c8075071cdc052c81cc40d1fa743bd369e7ca6cb304d1f76c0facf3d42d9b70,"""3e273f61""",,changed,raw/skogsstyrelsen.harvest.notified/2026/10/20261006T023138Z-9c8075071cdc.json.gz,,
skogsstyrelsen.harvest.notified,https://geodpags.skogsstyrelsen.se/arcgis/rest/services/Geodataportal/GeodataportalVisaAvverkningsanmalan/MapServer/0/query?where=Lannr%3D%2714%27+AND+ArendeAr%3D2026+AND+Inkomdatum+%3C+DATE+%272026-04-01%27&outFields=Beteckn%2CLannr%2CKommunnr%2CArendeAr%2CInkomdatum%2CAnmaldHa%2CAvvHa%2CAvvSasong%2CAvverktyp&returnGeometry=false&orderByFields=Beteckn&f=json,2026-10-06T02:31:41Z,200,application/json,145746,844fa8e8ece0c38d3e95051fb0c36cf00a2c0e13cfeba30ae1969e3634c33d9a,"""f849d7a6""",,changed,raw/skogsstyrelsen.harvest.notified/2026/10/20261006T023141Z-844fa8e8ece0.json.gz,,
skogsstyrelsen.harvest.notified,https://geodpags.skogsstyrelsen.se/arcgis/rest/services/Geodataportal/GeodataportalVisaAvverkningsanmalan/MapServer/0/query?where=Lannr%3D%2714%27+AND+ArendeAr%3D2026+AND+Inkomdatum+%3E%3D+DATE+%272026-04-01%27+AND+Inkomdatum+%3C+DATE+%272026-07-01%27&outFields=Beteckn%2CLannr%2CKommunnr%2CArendeAr%2CInkomdatum%2CAnmaldHa%2CAvvHa%2CAvvSasong%2CAvverktyp&returnGeometry=false&orderByFields=Beteckn&f=json,2026-10-06T02:31:43Z,200,application/json,133608,c8de2f012f5b641d6d65ae947c28e4d2bcc563ca7d791e6f03fcf11e4f012413,"""4a2287b9""",,changed,raw/skogsstyrelsen.harvest.notified/2026/10/20261006T023143Z-c8de2f012f5b.json.gz,,
skogsstyrelsen.harvest.notified,https://geodpags.skogsstyrelsen.se/arcgis/rest/services/Geodataportal/GeodataportalVisaAvverkningsanmalan/MapServer/0/query?where=Lannr%3D%2714%27+AND+ArendeAr%3D2026+AND+Inkomdatum+%3E%3D+DATE+%272026-07-01%27+AND+Inkomdatum+%3C+DATE+%272026-10-01%27&outFields=Beteckn%2CLannr%2CKommunnr%2CArendeAr%2CInkomdatum%2CAnmaldHa%2CAvvHa%2CAvvSasong%2CAvverktyp&returnGeometry=false&orderByFields=Beteckn&f=json,2026-10-06T02:31:46Z,200,application/json,171626,ad5e275af73d360ffe38231b191e2cf35b0da2206c0b6307db352f9b70d7ff86,"""d530c18b""",,changed,raw/skogsstyrelsen.harvest.notified/2026/10/20261006T023146Z-ad5e275af73d.json.gz,,
skogsstyrelsen.harvest.notified,https://geodpags.skogsstyrelsen.se/arcgis/rest/services/Geodataportal/GeodataportalVisaAvverkningsanmalan/MapServer/0/query?where=Lannr%3D%2714%27+AND+ArendeAr%3D2026+AND+Inkomdatum+%3E%3D+DATE+%272026-10-01%27&outFields=Beteckn%2CLannr%2CKommunnr%2CArendeAr%2CInkomdatum%2CAnmaldHa%2CAvvHa%2CAvvSasong%2CAvverktyp&returnGeometry=false&orderByFields=Beteckn&f=json,2026-10-06T02:31:48Z,200,application/json,13597,d31268e7c8f9d999c228a781cf6e83be3b3323d974d84b94106e6e18ccc62472,"""8875dad2""",,changed,raw/skogsstyrelsen.harvest.notified/2026/10/20261006T023148Z-d31268e7c8f9.json.gz,,
skogsstyrelsen.harvest.notified,https://geodpags.skogsstyrelsen.se/arcgis/rest/services/Geodataportal/GeodataportalVisaAvverkningsanmalan/MapServer/0/query?where=Lannr%3D%2717%27+AND+ArendeAr%3D2023+AND+Inkomdatum+%3C+DATE+%272023-04-01%27&outFields=Beteckn%2CLannr%2CKommunnr%2CArendeAr%2CInkomdatum%2CAnmaldHa%2CAvvHa%2CAvvSasong%2CAvverktyp&returnGeometry=false&orderByFields=Beteckn&f=json,2026-10-06T02:31:51Z,304,application/json,82475,1f84eb9c791260ed9bec91ec32349802bbfcfd3b1bd62d87dc329b2266bf4ba0,"""19de2d42""",,unchanged,raw/skogsstyrelsen.harvest.notified/2026/09/20260904T140859Z-1f84eb9c7912.json,not_modified,
skogsstyrelsen.harvest.notified,https://geodpags.skogsstyrelsen.se/arcgis/rest/services/Geodataportal/GeodataportalVisaAvverkningsanmalan/MapServer/0/query?where=Lannr%3D%2717%27+AND+ArendeAr%3D2023+AND+Inkomdatum+%3E%3D+DATE+%272023-04-01%27+AND+Inkomdatum+%3C+DATE+%272023-07-01%27&outFields=Beteckn%2CLannr%2CKommunnr%2CArendeAr%2CInkomdatum%2CAnmaldHa%2CAvvHa%2CAvvSasong%2CAvverktyp&returnGeometry=false&orderByFields=Beteckn&f=json,2026-10-06T02:31:53Z,304,application/json,89350,f546d4ee22ca94d9f405f5fef150cbb31962f5ef3c0e359f9eedfb44a75d46d2,"""ccaadd5b""",,unchanged,raw/skogsstyrelsen.harvest.notified/2026/09/20260904T140902Z-f546d4ee22ca.json,not_modified,
skogsstyrelsen.harvest.notified,https://geodpags.skogsstyrelsen.se/arcgis/rest/services/Geodataportal/GeodataportalVisaAvverkningsanmalan/MapServer/0/query?where=Lannr%3D%2717%27+AND+ArendeAr%3D2023+AND+Inkomdatum+%3E%3D+DATE+%272023-07-01%27+AND+Inkomdatum+%3C+DATE+%272023-10-01%27&outFields=Beteckn%2CLannr%2CKommunnr%2CArendeAr%2CInkomdatum%2CAnmaldHa%2CAvvHa%2CAvvSasong%2CAvverktyp&returnGeometry=false&orderByFields=Beteckn&f=json,2026-10-06T02:31:56Z,200,application/json,102346,5ae37e607d5f4cc310cad76b56e71e0f8db90de6f8625c20f40295b7d5ea4906,"""381f1404""",,changed,raw/skogsstyrelsen.harvest.notified/2026/10/20261006T023156Z-5ae37e607d5f.json.gz,,
skogsstyrelsen.harvest.notified,https://geodpags.skogsstyrelsen.se/arcgis/rest/services/Geodataportal/GeodataportalVisaAvverkningsanmalan/MapServer/0/query?where=Lannr%3D%2717%27+AND+ArendeAr%3D2023+AND+Inkomdatum+%3E%3D+DATE+%272023-10-01%27&outFields=Beteckn%2CLannr%2CKommunnr%2CArendeAr%2CInkomdatum%2CAnmaldHa%2CAvvHa%2CAvvSasong%2CAvverktyp&returnGeometry=false&orderByFields=Beteckn&f=json,2026-10-06T02:31:58Z,200,application/json,114664,77e8eb01471d198096117b22aa7f9c9a6595162f7f13056ba52a009ffc7f8686,"""f5516fc9""",,changed,raw/skogsstyrelsen.harvest.notified/2026/10/20261006T023158Z-77e8eb01471d.json.gz,,
skogsstyrelsen.harvest.notified,https://geodpags.skogsstyrelsen.se/arcgis/rest/services/Geodataportal/GeodataportalVisaAvverkningsanmalan/MapServer/0/query?where=Lannr%3D%2723%27+AND+ArendeAr%3D2026+AND+Inkomdatum+%3C+DATE+%272026-04-01%27&outFields=Beteckn%2CLannr%2CKommunnr%2CArendeAr%2CInkomdatum%2CAnmaldHa%2CAvvHa%2CAvvSasong%2CAvverktyp&returnGeometry=false&orderByFields=Beteckn&f=json,2026-10-06T02:32:01Z,200,application/json,109784,56cbe341b6908fcbf807fec3be073e0a69465f13a93450597447785395b2da63,"""5693ac91""",,changed,raw/skogsstyrelsen.harvest.notified/2026/10/20261006T023201Z-56cbe341b690.json.gz,,
skogsstyrelsen.harvest.notified,https://geodpags.skogsstyrelsen.se/arcgis/rest/services/Geodataportal/GeodataportalVisaAvverkningsanmalan/MapServer/0/query?where=Lannr%3D%2723%27+AND+ArendeAr%3D2026+AND+Inkomdatum+%3E%3D+DATE+%272026-04-01%27+AND+Inkomdatum+%3C+DATE+%272026-07-01%27&outFields=Beteckn%2CLannr%2CKommunnr%2CArendeAr%2CInkomdatum%2CAnmaldHa%2CAvvHa%2CAvvSasong%2CAvverktyp&returnGeometry=false&orderByFields=Beteckn&f=json,2026-10-06T02:32:04Z,200,application/json,157247,b1a06999ec1bf58deb997617b82a94bca8ca4ac1a2e1797512b2e3d049b26afb,"""b41df2fb""",,changed,raw/skogsstyrelsen.harvest.notified/2026/10/20261006T023204Z-b1a06999ec1b.json.gz,,
skogsstyrelsen.harvest.notified,https://geodpags.skogsstyrelsen.se/arcgis/rest/services/Geodataportal/GeodataportalVisaAvverkningsanmalan/MapServer/0/query?where=Lannr%3D%2723%27+AND+ArendeAr%3D2026+AND+Inkomdatum+%3E%3D+DATE+%272026-07-01%27+AND+Inkomdatum+%3C+DATE+%272026-10-01%27&outFields=Beteckn%2CLannr%2CKommunnr%2CArendeAr%2CInkomdatum%2CAnmaldHa%2CAvvHa%2CAvvSasong%2CAvverktyp&returnGeometry=false&orderByFields=Beteckn&f=json,2026-10-06T02:32:06Z,200,application/json,172908,e206487cb78edff7632c6389514574d3fea5462d937fb169e4892025b9f47fe0,"""e7d855b6""",,changed,raw/skogsstyrelsen.harvest.notified/2026/10/20261006T023206Z-e206487cb78e.json.gz,,
skogsstyrelsen.harvest.notified,https://geodpags.skogsstyrelsen.se/arcgis/rest/services/Geodataportal/GeodataportalVisaAvverkningsanmalan/MapServer/0/query?where=Lannr%3D%2723%27+AND+ArendeAr%3D2026+AND+Inkomdatum+%3E%3D+DATE+%272026-10-01%27&outFields=Beteckn%2CLannr%2CKommunnr%2CArendeAr%2CInkomdatum%2CAnmaldHa%2CAvvHa%2CAvvSasong%2CAvverktyp&returnGeometry=false&orderByFields=Beteckn&f=json,2026-10-06T02:32:09Z,200,application/json,11738,0bb98449f4965797c71e8aa4b553cd4832c056e83b5f16ba52bacf174f451196,"""c21f1a46""",,changed,raw/skogsstyrelsen.harvest.notified/2026/10/20261006T023209Z-0bb98449f496.json.gz,,
skogsstyrelsen.harvest.notified,https://geodpags.skogsstyrelsen.se/arcgis/rest/services/Geodataportal/GeodataportalVisaAvverkningsanmalan/MapServer/0/query?where=Lannr%3D%2722%27+AND+ArendeAr%3D2024+AND+Inkomdatum+%3C+DATE+%272024-04-01%27&outFields=Beteckn%2CLannr%2CKommunnr%2CArendeAr%2CInkomdatum%2CAnmaldHa%2CAvvHa%2CAvvSasong%2CAvverktyp&returnGeometry=false&orderByFields=Beteckn&f=json,2026-10-06T02:32:11Z,200,application/json,64552,02d39c13aca6c020e2c93a1386f582712e6ebf31c4c0d99c2f23480fea0ea91f,"""815bc30b""",,changed,raw/skogsstyrelsen.harvest.notified/2026/10/20261006T023211Z-02d39c13aca6.json.gz,,
skogsstyrelsen.harvest.notified,https://geodpags.skogsstyrelsen.se/arcgis/rest/services/Geodataportal/GeodataportalVisaAvverkningsanmalan/MapServer/0/query?where=Lannr%3D%2722%27+AND+ArendeAr%3D2024+AND+Inkomdatum+%3E%3D+DATE+%272024-04-01%27+AND+Inkomdatum+%3C+DATE+%272024-07-01%27&outFields=Beteckn%2CLannr%2CKommunnr%2CArendeAr%2CInkomdatum%2CAnmaldHa%2CAvvHa%2CAvvSasong%2CAvverktyp&returnGeometry=false&orderByFields=Beteckn&f=json,2026-10-06T02:32:14Z,200,application/json,78995,32336ef68a75614dd13bf4c9e0c32e3f70496d341f82ed33acd294e48858c36d,"""7395ddae""",,changed,raw/skogsstyrelsen.harvest.notified/2026/10/20261006T023214Z-32336ef68a75.json.gz,,
skogsstyrelsen.harvest.notified,https://geodpags.skogsstyrelsen.se/arcgis/rest/services/Geodataportal/GeodataportalVisaAvverkningsanmalan/MapServer/0/query?where=Lannr%3D%2722%27+AND+ArendeAr%3D2024+AND+Inkomdatum+%3E%3D+DATE+%272024-07-01%27+AND+Inkomdatum+%3C+DATE+%272024-10-01%27&outFields=Beteckn%2CLannr%2CKommunnr%2CArendeAr%2CInkomdatum%2CAnmaldHa%2CAvvHa%2CAvvSasong%2CAvverktyp&returnGeometry=false&orderByFields=Beteckn&f=json,2026-10-06T02:32:16Z,200,application/json,114725,6c9441784efc907d39d6bca8aee023245aaf3904129b40c904a4bf6863d2ae98,"""8367152b""",,changed,raw/skogsstyrelsen.harvest.notified/2026/10/20261006T023216Z-6c9441784efc.json.gz,,
skogsstyrelsen.harvest.notified,https://geodpags.skogsstyrelsen.se/arcgis/rest/services/Geodataportal/GeodataportalVisaAvverkningsanmalan/MapServer/0/query?where=Lannr%3D%2722%27+AND+ArendeAr%3D2024+AND+Inkomdatum+%3E%3D+DATE+%272024-10-01%27&outFields=Beteckn%2CLannr%2CKommunnr%2CArendeAr%2CInkomdatum%2CAnmaldHa%2CAvvHa%2CAvvSasong%2CAvverktyp&returnGeometry=false&orderByFields=Beteckn&f=json,2026-10-06T02:32:19Z,200,application/json,124469,6c49be22566742e9adb8a653c6ed8e27b8aa9ccb0d5996e8a6b380ab5952a3cc,"""e859a9f0""",,changed,raw/skogsstyrelsen.harvest.notified/2026/10/20261006T023219Z-6c49be225667.json.gz,,
skogsstyrelsen.harvest.notified,https://geodpags.skogsstyrelsen.se/arcgis/rest/services/Geodataportal/GeodataportalVisaAvverkningsanmalan/MapServer/0/query?where=Lannr%3D%2717%27+AND+ArendeAr%3D2024+AND+Inkomdatum+%3C+DATE+%272024-04-01%27&outFields=Beteckn%2CLannr%2CKommunnr%2CArendeAr%2CInkomdatum%2CAnmaldHa%2CAvvHa%2CAvvSasong%2CAvverktyp&returnGeometry=false&orderByFields=Beteckn&f=json,2026-10-06T02:32:21Z,200,application/json,75372,0b65dcbb743cdd51c1aa3f700de2a321ea01b7303e22105bcef8abd15fa02d67,"""fe6268cb""",,changed,raw/skogsstyrelsen.harvest.notified/2026/10/20261006T023221Z-0b65dcbb743c.json.gz,,
skogsstyrelsen.harvest.notified,https://geodpags.skogsstyrelsen.se/arcgis/rest/services/Geodataportal/GeodataportalVisaAvverkningsanmalan/MapServer/0/query?where=Lannr%3D%2717%27+AND+ArendeAr%3D2024+AND+Inkomdatum+%3E%3D+DATE+%272024-04-01%27+AND+Inkomdatum+%3C+DATE+%272024-07-01%27&outFields=Beteckn%2CLannr%2CKommunnr%2CArendeAr%2CInkomdatum%2CAnmaldHa%2CAvvHa%2CAvvSasong%2CAvverktyp&returnGeometry=false&orderByFields=Beteckn&f=json,2026-10-06T02:32:24Z,200,application/json,94910,e201f75213e5c5dc4c8a1394a367442493bccfef21065d11d8b9059684b11443,"""c1c479e8""",,changed,raw/skogsstyrelsen.harvest.notified/2026/10/20261006T023224Z-e201f75213e5.json.gz,,
skogsstyrelsen.harvest.notified,https://geodpags.skogsstyrelsen.se/arcgis/rest/services/Geodataportal/GeodataportalVisaAvverkningsanmalan/MapServer/0/query?where=Lannr%3D%2717%27+AND+ArendeAr%3D2024+AND+Inkomdatum+%3E%3D+DATE+%272024-07-01%27+AND+Inkomdatum+%3C+DATE+%272024-10-01%27&outFields=Beteckn%2CLannr%2CKommunnr%2CArendeAr%2CInkomdatum%2CAnmaldHa%2CAvvHa%2CAvvSasong%2CAvverktyp&returnGeometry=false&orderByFields=Beteckn&f=json,2026-10-06T02:32:26Z,200,application/json,87070,2afe87245458a4d335fbe87b4ba0439b9b1b7c6c095f5ddd73a5d2261f2ec4db,"""a4e2dc68""",,changed,raw/skogsstyrelsen.harvest.notified/2026/10/20261006T023226Z-2afe87245458.json.gz,,
skogsstyrelsen.harvest.notified,https://geodpags.skogsstyrelsen.se/arcgis/rest/services/Geodataportal/GeodataportalVisaAvverkningsanmalan/MapServer/0/query?where=Lannr%3D%2717%27+AND+ArendeAr%3D2024+AND+Inkomdatum+%3E%3D+DATE+%272024-10-01%27&outFields=Beteckn%2CLannr%2CKommunnr%2CArendeAr%2CInkomdatum%2CAnmaldHa%2CAvvHa%2CAvvSasong%2CAvverktyp&returnGeometry=false&orderByFields=Beteckn&f=json,2026-10-06T02:32:29Z,200,application/json,117144,4516836d8e49ebab1edb4d39d8929233494b8f8483b8f53a344baf58e5b9c7b3,"""ca396faa""",,changed,raw/skogsstyrelsen.harvest.notified/2026/10/20261006T023229Z-4516836d8e49.json.gz,,
skogsstyrelsen.harvest.notified,https://geodpags.skogsstyrelsen.se/arcgis/rest/services/Geodataportal/GeodataportalVisaAvverkningsanmalan/MapServer/0/query?where=Lannr%3D%2724%27+AND+ArendeAr%3D2024+AND+Inkomdatum+%3C+DATE+%272024-04-01%27&outFields=Beteckn%2CLannr%2CKommunnr%2CArendeAr%2CInkomdatum%2CAnmaldHa%2CAvvHa%2CAvvSasong%2CAvverktyp&returnGeometry=false&orderByFields=Beteckn&f=json,2026-10-06T02:32:31Z,200,application/json,46064,5c893a192780fccdae5edb74debbd35a6cc8bca1cc05458c0c76a2e454552f9b,"""aeb1155e""",,changed,raw/skogsstyrelsen.harvest.notified/2026/10/20261006T023231Z-5c893a192780.json.gz,,
skogsstyrelsen.harvest.notified,https://geodpags.skogsstyrelsen.se/arcgis/rest/services/Geodataportal/GeodataportalVisaAvverkningsanmalan/MapServer/0/query?where=Lannr%3D%2724%27+AND+ArendeAr%3D2024+AND+Inkomdatum+%3E%3D+DATE+%272024-04-01%27+AND+Inkomdatum+%3C+DATE+%272024-07-01%27&outFields=Beteckn%2CLannr%2CKommunnr%2CArendeAr%2CInkomdatum%2CAnmaldHa%2CAvvHa%2CAvvSasong%2CAvverktyp&returnGeometry=false&orderByFields=Beteckn&f=json,2026-10-06T02:32:34Z,200,application/json,73005,fdf21d3be3fdc6e22f04602e1b1b34e1a0160db5cfb6cef260d21a6c290a4f8c,"""44b75699""",,changed,raw/skogsstyrelsen.harvest.notified/2026/10/20261006T023234Z-fdf21d3be3fd.json.gz,,
skogsstyrelsen.harvest.notified,https://geodpags.skogsstyrelsen.se/arcgis/rest/services/Geodataportal/GeodataportalVisaAvverkningsanmalan/MapServer/0/query?where=Lannr%3D%2724%27+AND+ArendeAr%3D2024+AND+Inkomdatum+%3E%3D+DATE+%272024-07-01%27+AND+Inkomdatum+%3C+DATE+%272024-10-01%27&outFields=Beteckn%2CLannr%2CKommunnr%2CArendeAr%2CInkomdatum%2CAnmaldHa%2CAvvHa%2CAvvSasong%2CAvverktyp&returnGeometry=false&orderByFields=Beteckn&f=json,2026-10-06T02:32:36Z,200,application/json,119353,8576b7467351912f6528615952db873f12324406053a71b7338a917d0ce7b31f,"""a03ed1d9""",,changed,raw/skogsstyrelsen.harvest.notified/2026/10/20261006T023236Z-8576b7467351.json.gz,,
skogsstyrelsen.harvest.notified,https://geodpags.skogsstyrelsen.se/arcgis/rest/services/Geodataportal/GeodataportalVisaAvverkningsanmalan/MapServer/0/query?where=Lannr%3D%2724%27+AND+ArendeAr%3D2024+AND+Inkomdatum+%3E%3D+DATE+%272024-10-01%27&outFields=Beteckn%2CLannr%2CKommunnr%2CArendeAr%2CInkomdatum%2CAnmaldHa%2CAvvHa%2CAvvSasong%2CAvverktyp&returnGeometry=false&orderByFields=Beteckn&f=json,2026-10-06T02:32:39Z,200,application/json,133151,4df9a44783b335bcd33b31a22eb6d41f634dbc5821ba11d94f0d8ad62e6a5863,"""d9ca0333""",,changed,raw/skogsstyrelsen.harvest.notified/2026/10/20261006T023239Z-4df9a44783b3.json.gz,,
skogsstyrelsen.harvest.notified,https://geodpags.skogsstyrelsen.se/arcgis/rest/services/Geodataportal/GeodataportalVisaAvverkningsanmalan/MapServer/0/query?where=Lannr%3D%2725%27+AND+ArendeAr%3D2026+AND+Inkomdatum+%3C+DATE+%272026-04-01%27&outFields=Beteckn%2CLannr%2CKommunnr%2CArendeAr%2CInkomdatum%2CAnmaldHa%2CAvvHa%2CAvvSasong%2CAvverktyp&returnGeometry=false&orderByFields=Beteckn&f=json,2026-10-06T02:32:41Z,200,application/json,80936,6c8e6a1bbaeffe238c8c740ea509d1792decf864f35bc587e9fef142ddd88ab5,"""f84a923c""",,changed,raw/skogsstyrelsen.harvest.notified/2026/10/20261006T023241Z-6c8e6a1bbaef.json.gz,,
skogsstyrelsen.harvest.notified,https://geodpags.skogsstyrelsen.se/arcgis/rest/services/Geodataportal/GeodataportalVisaAvverkningsanmalan/MapServer/0/query?where=Lannr%3D%2725%27+AND+ArendeAr%3D2026+AND+Inkomdatum+%3E%3D+DATE+%272026-04-01%27+AND+Inkomdatum+%3C+DATE+%272026-07-01%27&outFields=Beteckn%2CLannr%2CKommunnr%2CArendeAr%2CInkomdatum%2CAnmaldHa%2CAvvHa%2CAvvSasong%2CAvverktyp&returnGeometry=false&orderByFields=Beteckn&f=json,2026-10-06T02:32:44Z,200,application/json,133096,d2fcd0f224500b4229ea6c5d35cf7a6ee72de6962da78141a93fbc0995262950,"""e3bcffe4""",,changed,raw/skogsstyrelsen.harvest.notified/2026/10/20261006T023244Z-d2fcd0f22450.json.gz,,
skogsstyrelsen.harvest.notified,https://geodpags.skogsstyrelsen.se/arcgis/rest/services/Geodataportal/GeodataportalVisaAvverkningsanmalan/MapServer/0/query?where=Lannr%3D%2725%27+AND+ArendeAr%3D2026+AND+Inkomdatum+%3E%3D+DATE+%272026-07-01%27+AND+Inkomdatum+%3C+DATE+%272026-10-01%27&outFields=Beteckn%2CLannr%2CKommunnr%2CArendeAr%2CInkomdatum%2CAnmaldHa%2CAvvHa%2CAvvSasong%2CAvverktyp&returnGeometry=false&orderByFields=Beteckn&f=json,2026-10-06T02:32:46Z,200,application/json,186022,3e71982e1d41e7baef1f93a98630314a291573722adfc294e53b229ba44305e0,"""390f388b""",,changed,raw/skogsstyrelsen.harvest.notified/2026/10/20261006T023246Z-3e71982e1d41.json.gz,,
skogsstyrelsen.harvest.notified,https://geodpags.skogsstyrelsen.se/arcgis/rest/services/Geodataportal/GeodataportalVisaAvverkningsanmalan/MapServer/0/query?where=Lannr%3D%2725%27+AND+ArendeAr%3D2026+AND+Inkomdatum+%3E%3D+DATE+%272026-10-01%27&outFields=Beteckn%2CLannr%2CKommunnr%2CArendeAr%2CInkomdatum%2CAnmaldHa%2CAvvHa%2CAvvSasong%2CAvverktyp&returnGeometry=false&orderByFields=Beteckn&f=json,2026-10-06T02:32:49Z,200,application/json,9991,118fd56d1723eabb30e8b3a56216b6e971051ec53a10c50dc7187d3fe7315edf,"""d2e06003""",,changed,raw/skogsstyrelsen.harvest.notified/2026/10/20261006T023249Z-118fd56d1723.json.gz,,
skogsstyrelsen.harvest.notified,https://geodpags.skogsstyrelsen.se/arcgis/rest/services/Geodataportal/GeodataportalVisaAvverkningsanmalan/MapServer/0/query?where=Lannr%3D%2724%27+AND+ArendeAr%3D2023+AND+Inkomdatum+%3C+DATE+%272023-04-01%27&outFields=Beteckn%2CLannr%2CKommunnr%2CArendeAr%2CInkomdatum%2CAnmaldHa%2CAvvHa%2CAvvSasong%2CAvverktyp&returnGeometry=false&orderByFields=Beteckn&f=json,2026-10-06T02:32:51Z,200,application/json,66963,0cc3e09ccf4f2fc81a08173a08653c4688f80d14a5321d25e3666c08af743890,"""2708baa8""",,changed,raw/skogsstyrelsen.harvest.notified/2026/10/20261006T023251Z-0cc3e09ccf4f.json.gz,,
skogsstyrelsen.harvest.notified,https://geodpags.skogsstyrelsen.se/arcgis/rest/services/Geodataportal/GeodataportalVisaAvverkningsanmalan/MapServer/0/query?where=Lannr%3D%2724%27+AND+ArendeAr%3D2023+AND+Inkomdatum+%3E%3D+DATE+%272023-04-01%27+AND+Inkomdatum+%3C+DATE+%272023-07-01%27&outFields=Beteckn%2CLannr%2CKommunnr%2CArendeAr%2CInkomdatum%2CAnmaldHa%2CAvvHa%2CAvvSasong%2CAvverktyp&returnGeometry=false&orderByFields=Beteckn&f=json,2026-10-06T02:32:54Z,200,application/json,68787,0558b50a33806bb3f25fdfd69647bb34d2188f15493a2a78389ef9aeaabc55ce,"""41565e13""",,changed,raw/skogsstyrelsen.harvest.notified/2026/10/20261006T023254Z-0558b50a3380.json.gz,,
skogsstyrelsen.harvest.notified,https://geodpags.skogsstyrelsen.se/arcgis/rest/services/Geodataportal/GeodataportalVisaAvverkningsanmalan/MapServer/0/query?where=Lannr%3D%2724%27+AND+ArendeAr%3D2023+AND+Inkomdatum+%3E%3D+DATE+%272023-07-01%27+AND+Inkomdatum+%3C+DATE+%272023-10-01%27&outFields=Beteckn%2CLannr%2CKommunnr%2CArendeAr%2CInkomdatum%2CAnmaldHa%2CAvvHa%2CAvvSasong%2CAvverktyp&returnGeometry=false&orderByFields=Beteckn&f=json,2026-10-06T02:32:56Z,200,application/json,108651,8a365b91ccf561deb357fb94f78d6c388696d61ae561022bd973897598132ddc,"""31a03777""",,changed,raw/skogsstyrelsen.harvest.notified/2026/10/20261006T023256Z-8a365b91ccf5.json.gz,,
skogsstyrelsen.harvest.notified,https://geodpags.skogsstyrelsen.se/arcgis/rest/services/Geodataportal/GeodataportalVisaAvverkningsanmalan/MapServer/0/query?where=Lannr%3D%2724%27+AND+ArendeAr%3D2023+AND+Inkomdatum+%3E%3D+DATE+%272023-10-01%27&outFields=Beteckn%2CLannr%2CKommunnr%2CArendeAr%2CInkomdatum%2CAnmaldHa%2CAvvHa%2CAvvSasong%2CAvverktyp&returnGeometry=false&orderByFields=Beteckn&f=json,2026-10-06T02:32:59Z,200,application/json,93348,8d4f5e71355fe8c44d040a2f533376536b74cdf524194ead360498944d22b02e,"""c4d31ed7""",,changed,raw/skogsstyrelsen.harvest.notified/2026/10/20261006T023259Z-8d4f5e71355f.json.gz,,
skogsstyrelsen.harvest.notified,https://geodpags.skogsstyrelsen.se/arcgis/rest/services/Geodataportal/GeodataportalVisaAvverkningsanmalan/MapServer/0/query?where=Lannr%3D%2708%27+AND+ArendeAr%3D2023+AND+Inkomdatum+%3C+DATE+%272023-04-01%27&outFields=Beteckn%2CLannr%2CKommunnr%2CArendeAr%2CInkomdatum%2CAnmaldHa%2CAvvHa%2CAvvSasong%2CAvverktyp&returnGeometry=false&orderByFields=Beteckn&f=json,2026-10-06T02:33:01Z,200,application/json,84440,36ba76c77bb2f151417af149a14c7c98370a3cee64da90b9464a546979c362a8,"""277c61ed""",,changed,raw/skogsstyrelsen.harvest.notified/2026/10/20261006T023301Z-36ba76c77bb2.json.gz,,
skogsstyrelsen.harvest.notified,https://geodpags.skogsstyrelsen.se/arcgis/rest/services/Geodataportal/GeodataportalVisaAvverkningsanmalan/MapServer/0/query?where=Lannr%3D%2708%27+AND+ArendeAr%3D2023+AND+Inkomdatum+%3E%3D+DATE+%272023-04-01%27+AND+Inkomdatum+%3C+DATE+%272023-07-01%27&outFields=Beteckn%2CLannr%2CKommunnr%2CArendeAr%2CInkomdatum%2CAnmaldHa%2CAvvHa%2CAvvSasong%2CAvverktyp&returnGeometry=false&orderByFields=Beteckn&f=json,2026-10-06T02:33:04Z,304,application/json,78105,cb5365b2047b62c8d80622be309912ea863748214628f9db7b5b4a5a3c54232f,"""dcd96ed4""",,unchanged,raw/skogsstyrelsen.harvest.notified/2026/09/20260904T141037Z-cb5365b2047b.json,not_modified,
skogsstyrelsen.harvest.notified,https://geodpags.skogsstyrelsen.se/arcgis/rest/services/Geodataportal/GeodataportalVisaAvverkningsanmalan/MapServer/0/query?where=Lannr%3D%2708%27+AND+ArendeAr%3D2023+AND+Inkomdatum+%3E%3D+DATE+%272023-07-01%27+AND+Inkomdatum+%3C+DATE+%272023-10-01%27&outFields=Beteckn%2CLannr%2CKommunnr%2CArendeAr%2CInkomdatum%2CAnmaldHa%2CAvvHa%2CAvvSasong%2CAvverktyp&returnGeometry=false&orderByFields=Beteckn&f=json,2026-10-06T02:33:06Z,304,application/json,87831,1e6c848fea775f137fe58730ff7e9f4610a711dbd01a6f32d47d11c7fd642f0d,"""4691d9a""",,unchanged,raw/skogsstyrelsen.harvest.notified/2026/09/20260904T141040Z-1e6c848fea77.json,not_modified,
skogsstyrelsen.harvest.notified,https://geodpags.skogsstyrelsen.se/arcgis/rest/services/Geodataportal/GeodataportalVisaAvverkningsanmalan/MapServer/0/query?where=Lannr%3D%2708%27+AND+ArendeAr%3D2023+AND+Inkomdatum+%3E%3D+DATE+%272023-10-01%27&outFields=Beteckn%2CLannr%2CKommunnr%2CArendeAr%2CInkomdatum%2CAnmaldHa%2CAvvHa%2CAvvSasong%2CAvverktyp&returnGeometry=false&orderByFields=Beteckn&f=json,2026-10-06T02:33:09Z,200,application/json,80659,f4374f2dc52c4fcfe4e218722f09935e7e946ecf63e66cb5fb8a4a7e2700d082,"""33d42b37""",,changed,raw/skogsstyrelsen.harvest.notified/2026/10/20261006T023309Z-f4374f2dc52c.json.gz,,
skogsstyrelsen.harvest.notified,https://geodpags.skogsstyrelsen.se/arcgis/rest/services/Geodataportal/GeodataportalVisaAvverkningsanmalan/MapServer/0/query?where=Lannr%3D%2720%27+AND+ArendeAr%3D2024+AND+Inkomdatum+%3C+DATE+%272024-04-01%27&outFields=Beteckn%2CLannr%2CKommunnr%2CArendeAr%2CInkomdatum%2CAnmaldHa%2CAvvHa%2CAvvSasong%2CAvverktyp&returnGeometry=false&orderByFields=Beteckn&f=json,2026-10-06T02:33:11Z,200,application/json,58517,9764cf2d6633c8b587d5e3cb6c5877bf0876dee437d863cf2e06a6b82a35bf5f,"""eb46d6b8""",,changed,raw/skogsstyrelsen.harvest.notified/2026/10/20261006T023311Z-9764cf2d6633.json.gz,,
skogsstyrelsen.harvest.notified,https://geodpags.skogsstyrelsen.se/arcgis/rest/services/Geodataportal/GeodataportalVisaAvverkningsanmalan/MapServer/0/query?where=Lannr%3D%2720%27+AND+ArendeAr%3D2024+AND+Inkomdatum+%3E%3D+DATE+%272024-04-01%27+AND+Inkomdatum+%3C+DATE+%272024-07-01%27&outFields=Beteckn%2CLannr%2CKommunnr%2CArendeAr%2CInkomdatum%2CAnmaldHa%2CAvvHa%2CAvvSasong%2CAvverktyp&returnGeometry=false&orderByFields=Beteckn&f=json,2026-10-06T02:33:14Z,200,application/json,55790,681a1a8e089db135cc75d3060b5eabfe950a22a7ede31a15c3e876b771e4e793,"""599c38d""",,changed,raw/skogsstyrelsen.harvest.notified/2026/10/20261006T023314Z-681a1a8e089d.json.gz,,
skogsstyrelsen.harvest.notified,https://geodpags.skogsstyrelsen.se/arcgis/rest/services/Geodataportal/GeodataportalVisaAvverkningsanmalan/MapServer/0/query?where=Lannr%3D%2720%27+AND+ArendeAr%3D2024+AND+Inkomdatum+%3E%3D+DATE+%272024-07-01%27+AND+Inkomdatum+%3C+DATE+%272024-10-01%27&outFields=Beteckn%2CLannr%2CKommunnr%2CArendeAr%2CInkomdatum%2CAnmaldHa%2CAvvHa%2CAvvSasong%2CAvverktyp&returnGeometry=false&orderByFields=Beteckn&f=json,2026-10-06T02:33:16Z,200,application/json,94015,ebcb016133e033373e17acf4715f3044c4b48db1d9e317159b8b6fd7b2a024e9,"""54e84d06""",,changed,raw/skogsstyrelsen.harvest.notified/2026/10/20261006T023316Z-ebcb016133e0.json.gz,,
skogsstyrelsen.harvest.notified,https://geodpags.skogsstyrelsen.se/arcgis/rest/services/Geodataportal/GeodataportalVisaAvverkningsanmalan/MapServer/0/query?where=Lannr%3D%2720%27+AND+ArendeAr%3D2024+AND+Inkomdatum+%3E%3D+DATE+%272024-10-01%27&outFields=Beteckn%2CLannr%2CKommunnr%2CArendeAr%2CInkomdatum%2CAnmaldHa%2CAvvHa%2CAvvSasong%2CAvverktyp&returnGeometry=false&orderByFields=Beteckn&f=json,2026-10-06T02:33:19Z,200,application/json,111819,4dec6b5f0dc44826798f41309acea545f2d64b8790351c04d58fe367d44c54e4,"""5ee4969f""",,changed,raw/skogsstyrelsen.harvest.notified/2026/10/20261006T023319Z-4dec6b5f0dc4.json.gz,,
skogsstyrelsen.harvest.notified,https://geodpags.skogsstyrelsen.se/arcgis/rest/services/Geodataportal/GeodataportalVisaAvverkningsanmalan/MapServer/0/query?where=Lannr%3D%2723%27+AND+ArendeAr%3D2024+AND+Inkomdatum+%3C+DATE+%272024-04-01%27&outFields=Beteckn%2CLannr%2CKommunnr%2CArendeAr%2CInkomdatum%2CAnmaldHa%2CAvvHa%2CAvvSasong%2CAvverktyp&returnGeometry=false&orderByFields=Beteckn&f=json,2026-10-06T02:33:21Z,304,application/json,50732,b06eba23921874f354bddefb919c8526655dbbd8ec4e8c551f81b117ef23b445,"""3f63c25a""",,unchanged,raw/skogsstyrelsen.harvest.notified/2026/09/20260904T141059Z-b06eba239218.json,not_modified,
skogsstyrelsen.harvest.notified,https://geodpags.skogsstyrelsen.se/arcgis/rest/services/Geodataportal/GeodataportalVisaAvverkningsanmalan/MapServer/0/query?where=Lannr%3D%2723%27+AND+ArendeAr%3D2024+AND+Inkomdatum+%3E%3D+DATE+%272024-04-01%27+AND+Inkomdatum+%3C+DATE+%272024-07-01%27&outFields=Beteckn%2CLannr%2CKommunnr%2CArendeAr%2CInkomdatum%2CAnmaldHa%2CAvvHa%2CAvvSasong%2CAvverktyp&returnGeometry=false&orderByFields=Beteckn&f=json,2026-10-06T02:33:24Z,200,application/json,70679,019bb995dd95df680acf2436e9886e71b5b8318a0b9d76ee324c5e1a1791184e,"""ffe22ebc""",,changed,raw/skogsstyrelsen.harvest.notified/2026/10/20261006T023324Z-019bb995dd95.json.gz,,
skogsstyrelsen.harvest.notified,https://geodpags.skogsstyrelsen.se/arcgis/rest/services/Geodataportal/GeodataportalVisaAvverkningsanmalan/MapServer/0/query?where=Lannr%3D%2723%27+AND+ArendeAr%3D2024+AND+Inkomdatum+%3E%3D+DATE+%272024-07-01%27+AND+Inkomdatum+%3C+DATE+%272024-10-01%27&outFields=Beteckn%2CLannr%2CKommunnr%2CArendeAr%2CInkomdatum%2CAnmaldHa%2CAvvHa%2CAvvSasong%2CAvverktyp&returnGeometry=false&orderByFields=Beteckn&f=json,2026-10-06T02:33:26Z,200,application/json,91998,3b5ca6255530148ef4763d4d37bf021d8ddb774fe046fe77193db2dba4561599,"""5c32dd2e""",,changed,raw/skogsstyrelsen.harvest.notified/2026/10/20261006T023326Z-3b5ca6255530.json.gz,,
skogsstyrelsen.harvest.notified,https://geodpags.skogsstyrelsen.se/arcgis/rest/services/Geodataportal/GeodataportalVisaAvverkningsanmalan/MapServer/0/query?where=Lannr%3D%2723%27+AND+ArendeAr%3D2024+AND+Inkomdatum+%3E%3D+DATE+%272024-10-01%27&outFields=Beteckn%2CLannr%2CKommunnr%2CArendeAr%2CInkomdatum%2CAnmaldHa%2CAvvHa%2CAvvSasong%2CAvverktyp&returnGeometry=false&orderByFields=Beteckn&f=json,2026-10-06T02:33:29Z,200,application/json,113586,0fe8b736edf53c17b552fec6d2e59f3d477f2401d41675a1e77f13854fb5e078,"""367b6fb""",,changed,raw/skogsstyrelsen.harvest.notified/2026/10/20261006T023329Z-0fe8b736edf5.json.gz,,
skogsstyrelsen.harvest.notified,https://geodpags.skogsstyrelsen.se/arcgis/rest/services/Geodataportal/GeodataportalVisaAvverkningsanmalan/MapServer/0/query?where=Lannr%3D%2717%27+AND+ArendeAr%3D2022+AND+Inkomdatum+%3C+DATE+%272022-04-01%27&outFields=Beteckn%2CLannr%2CKommunnr%2CArendeAr%2CInkomdatum%2CAnmaldHa%2CAvvHa%2CAvvSasong%2CAvverktyp&returnGeometry=false&orderByFields=Beteckn&f=json,2026-10-06T02:33:31Z,200,application/json,81054,4c4d4449f9c85a1d16244915b4c1fae421a3f32650e48f8b38423ed618716107,"""cc5adc4c""",,changed,raw/skogsstyrelsen.harvest.notified/2026/10/20261006T023331Z-4c4d4449f9c8.json.gz,,
skogsstyrelsen.harvest.notified,https://geodpags.skogsstyrelsen.se/arcgis/rest/services/Geodataportal/GeodataportalVisaAvverkningsanmalan/MapServer/0/query?where=Lannr%3D%2717%27+AND+ArendeAr%3D2022+AND+Inkomdatum+%3E%3D+DATE+%272022-04-01%27+AND+Inkomdatum+%3C+DATE+%272022-07-01%27&outFields=Beteckn%2CLannr%2CKommunnr%2CArendeAr%2CInkomdatum%2CAnmaldHa%2CAvvHa%2CAvvSasong%2CAvverktyp&returnGeometry=false&orderByFields=Beteckn&f=json,2026-10-06T02:33:34Z,304,application/json,61093,db2c7cbaf55f6461f757ed08f0407737547d872bc5e5d35b28ece4fb8c617cd4,"""c8a68ef1""",,unchanged,raw/skogsstyrelsen.harvest.notified/2026/09/20260904T141116Z-db2c7cbaf55f.json,not_modified,
skogsstyrelsen.harvest.notified,https://geodpags.skogsstyrelsen.se/arcgis/rest/services/Geodataportal/GeodataportalVisaAvverkningsanmalan/MapServer/0/query?where=Lannr%3D%2717%27+AND+ArendeAr%3D2022+AND+Inkomdatum+%3E%3D+DATE+%272022-07-01%27+AND+Inkomdatum+%3C+DATE+%272022-10-01%27&outFields=Beteckn%2CLannr%2CKommunnr%2CArendeAr%2CInkomdatum%2CAnmaldHa%2CAvvHa%2CAvvSasong%2CAvverktyp&returnGeometry=false&orderByFields=Beteckn&f=json,2026-10-06T02:33:36Z,200,application/json,84302,d1bc6cbc338faa94401b35da384f4da4558c4d11ab2e6c0c8d9f51ab84069f82,"""9b14dd5""",,changed,raw/skogsstyrelsen.harvest.notified/2026/10/20261006T023336Z-d1bc6cbc338f.json.gz,,
skogsstyrelsen.harvest.notified,https://geodpags.skogsstyrelsen.se/arcgis/rest/services/Geodataportal/GeodataportalVisaAvverkningsanmalan/MapServer/0/query?where=Lannr%3D%2717%27+AND+ArendeAr%3D2022+AND+Inkomdatum+%3E%3D+DATE+%272022-10-01%27&outFields=Beteckn%2CLannr%2CKommunnr%2CArendeAr%2CInkomdatum%2CAnmaldHa%2CAvvHa%2CAvvSasong%2CAvverktyp&returnGeometry=false&orderByFields=Beteckn&f=json,2026-10-06T02:33:39Z,200,application/json,91729,0ee71946f94e93e98dd6ccad2b441981b9f33396d2c3731609971be681bd3207,"""5126fa2c""",,changed,raw/skogsstyrelsen.harvest.notified/2026/10/20261006T023339Z-0ee71946f94e.json.gz,,
skogsstyrelsen.harvest.notified,https://geodpags.skogsstyrelsen.se/arcgis/rest/services/Geodataportal/GeodataportalVisaAvverkningsanmalan/MapServer/0/query?where=Lannr%3D%2706%27+AND+ArendeAr%3D2025+AND+Inkomdatum+%3C+DATE+%272025-04-01%27&outFields=Beteckn%2CLannr%2CKommunnr%2CArendeAr%2CInkomdatum%2CAnmaldHa%2CAvvHa%2CAvvSasong%2CAvverktyp&returnGeometry=false&orderByFields=Beteckn&f=json,2026-10-06T02:33:41Z,200,application/json,72555,ed6b35b06672a775cf88c312a7e91b335f0faf53341cd202444771b7391413e5,"""f0b3ab0d""",,changed,raw/skogsstyrelsen.harvest.notified/2026/10/20261006T023341Z-ed6b35b06672.json.gz,,
skogsstyrelsen.harvest.notified,https://geodpags.skogsstyrelsen.se/arcgis/rest/services/Geodataportal/GeodataportalVisaAvverkningsanmalan/MapServer/0/query?where=Lannr%3D%2706%27+AND+ArendeAr%3D2025+AND+Inkomdatum+%3E%3D+DATE+%272025-04-01%27+AND+Inkomdatum+%3C+DATE+%272025-07-01%27&outFields=Beteckn%2CLannr%2CKommunnr%2CArendeAr%2CInkomdatum%2CAnmaldHa%2CAvvHa%2CAvvSasong%2CAvverktyp&returnGeometry=false&orderByFields=Beteckn&f=json,2026-10-06T02:33:44Z,200,application/json,72992,efb571249b5fc604e7467b5ca75a208bc65c6764e5ae4c99480cd3bca63faae9,"""a0b32c8d""",,changed,raw/skogsstyrelsen.harvest.notified/2026/10/20261006T023344Z-efb571249b5f.json.gz,,
skogsstyrelsen.harvest.notified,https://geodpags.skogsstyrelsen.se/arcgis/rest/services/Geodataportal/GeodataportalVisaAvverkningsanmalan/MapServer/0/query?where=Lannr%3D%2706%27+AND+ArendeAr%3D2025+AND+Inkomdatum+%3E%3D+DATE+%272025-07-01%27+AND+Inkomdatum+%3C+DATE+%272025-10-01%27&outFields=Beteckn%2CLannr%2CKommunnr%2CArendeAr%2CInkomdatum%2CAnmaldHa%2CAvvHa%2CAvvSasong%2CAvverktyp&returnGeometry=false&orderByFields=Beteckn&f=json,2026-10-06T02:33:46Z,200,application/json,70311,7f8ceae73c565b4a99e5250074ebe60b3e4f5e8773f4bdd445e88f99abfbcae5,"""ec64a24e""",,changed,raw/skogsstyrelsen.harvest.notified/2026/10/20261006T023346Z-7f8ceae73c56.json.gz,,
skogsstyrelsen.harvest.notified,https://geodpags.skogsstyrelsen.se/arcgis/rest/services/Geodataportal/GeodataportalVisaAvverkningsanmalan/MapServer/0/query?where=Lannr%3D%2706%27+AND+ArendeAr%3D2025+AND+Inkomdatum+%3E%3D+DATE+%272025-10-01%27&outFields=Beteckn%2CLannr%2CKommunnr%2CArendeAr%2CInkomdatum%2CAnmaldHa%2CAvvHa%2CAvvSasong%2CAvverktyp&returnGeometry=false&orderByFields=Beteckn&f=json,2026-10-06T02:33:49Z,200,application/json,83157,75e9482b1f4a90f1cabc2091a2b2755ecaf29d59926969c5790fec6e27d8fd47,"""49d8174d""",,changed,raw/skogsstyrelsen.harvest.notified/2026/10/20261006T023349Z-75e9482b1f4a.json.gz,,
skogsstyrelsen.harvest.notified,https://geodpags.skogsstyrelsen.se/arcgis/rest/services/Geodataportal/GeodataportalVisaAvverkningsanmalan/MapServer/0/query?where=Lannr%3D%2722%27+AND+ArendeAr%3D2023+AND+Inkomdatum+%3C+DATE+%272023-04-01%27&outFields=Beteckn%2CLannr%2CKommunnr%2CArendeAr%2CInkomdatum%2CAnmaldHa%2CAvvHa%2CAvvSasong%2CAvverktyp&returnGeometry=false&orderByFields=Beteckn&f=json,2026-10-06T02:33:51Z,200,application/json,51958,a0a3ce0b59fcb2c6c99727ddbf6bbef423268c33b000fc07684092e96c1f066f,"""f4def571""",,changed,raw/skogsstyrelsen.harvest.notified/2026/10/20261006T023351Z-a0a3ce0b59fc.json.gz,,
skogsstyrelsen.harvest.notified,https://geodpags.skogsstyrelsen.se/arcgis/rest/services/Geodataportal/GeodataportalVisaAvverkningsanmalan/MapServer/0/query?where=Lannr%3D%2722%27+AND+ArendeAr%3D2023+AND+Inkomdatum+%3E%3D+DATE+%272023-04-01%27+AND+Inkomdatum+%3C+DATE+%272023-07-01%27&outFields=Beteckn%2CLannr%2CKommunnr%2CArendeAr%2CInkomdatum%2CAnmaldHa%2CAvvHa%2CAvvSasong%2CAvverktyp&returnGeometry=false&orderByFields=Beteckn&f=json,2026-10-06T02:33:54Z,200,application/json,65269,95aaf95822d05392861b2688bcbbdc479d1aa099fd649505f9fa7c6d98aaa1b9,"""584d62a2""",,changed,raw/skogsstyrelsen.harvest.notified/2026/10/20261006T023354Z-95aaf95822d0.json.gz,,
skogsstyrelsen.harvest.notified,https://geodpags.skogsstyrelsen.se/arcgis/rest/services/Geodataportal/GeodataportalVisaAvverkningsanmalan/MapServer/0/query?where=Lannr%3D%2722%27+AND+ArendeAr%3D2023+AND+Inkomdatum+%3E%3D+DATE+%272023-07-01%27+AND+Inkomdatum+%3C+DATE+%272023-10-01%27&outFields=Beteckn%2CLannr%2CKommunnr%2CArendeAr%2CInkomdatum%2CAnmaldHa%2CAvvHa%2CAvvSasong%2CAvverktyp&returnGeometry=false&orderByFields=Beteckn&f=json,2026-10-06T02:33:56Z,200,application/json,85045,ef1ae157f679bcdabebe308bfeee85061a8b60f38a29454e310b3c71eadddfa1,"""d4c773ad""",,changed,raw/skogsstyrelsen.harvest.notified/2026/10/20261006T023356Z-ef1ae157f679.json.gz,,
skogsstyrelsen.harvest.notified,https://geodpags.skogsstyrelsen.se/arcgis/rest/services/Geodataportal/GeodataportalVisaAvverkningsanmalan/MapServer/0/query?where=Lannr%3D%2722%27+AND+ArendeAr%3D2023+AND+Inkomdatum+%3E%3D+DATE+%272023-10-01%27&outFields=Beteckn%2CLannr%2CKommunnr%2CArendeAr%2CInkomdatum%2CAnmaldHa%2CAvvHa%2CAvvSasong%2CAvverktyp&returnGeometry=false&orderByFields=Beteckn&f=json,2026-10-06T02:33:59Z,200,application/json,97859,dd70fb997979eaae7a188de068346d11ab54dacfd989644c1121027060c766e8,"""12487ab2""",,changed,raw/skogsstyrelsen.harvest.notified/2026/10/20261006T023359Z-dd70fb997979.json.gz,,
skogsstyrelsen.harvest.notified,https://geodpags.skogsstyrelsen.se/arcgis/rest/services/Geodataportal/GeodataportalVisaAvverkningsanmalan/MapServer/0/query?where=Lannr%3D%2721%27+AND+ArendeAr%3D2024&outFields=Beteckn%2CLannr%2CKommunnr%2CArendeAr%2CInkomdatum%2CAnmaldHa%2CAvvHa%2CAvvSasong%2CAvverktyp&returnGeometry=false&orderByFields=Beteckn&f=json,2026-10-06T02:34:01Z,200,application/json,283663,1db97a608a38b187a03b7d46439e2b2ca291c1ce56cb28fe405a41bb610b6dd8,"""76b5b4d2""",,changed,raw/skogsstyrelsen.harvest.notified/2026/10/20261006T023401Z-1db97a608a38.json.gz,,
skogsstyrelsen.harvest.notified,https://geodpags.skogsstyrelsen.se/arcgis/rest/services/Geodataportal/GeodataportalVisaAvverkningsanmalan/MapServer/0/query?where=Lannr%3D%2706%27+AND+ArendeAr%3D2023&outFields=Beteckn%2CLannr%2CKommunnr%2CArendeAr%2CInkomdatum%2CAnmaldHa%2CAvvHa%2CAvvSasong%2CAvverktyp&returnGeometry=false&orderByFields=Beteckn&f=json,2026-10-06T02:34:04Z,200,application/json,276141,350907a6158b8d4aaf3cec366ae0a8db352f3a7d20b34c848431762c258f26bf,"""34963fc5""",,changed,raw/skogsstyrelsen.harvest.notified/2026/10/20261006T023404Z-350907a6158b.json.gz,,
skogsstyrelsen.harvest.notified,https://geodpags.skogsstyrelsen.se/arcgis/rest/services/Geodataportal/GeodataportalVisaAvverkningsanmalan/MapServer/0/query?where=Lannr%3D%2720%27+AND+ArendeAr%3D2023&outFields=Beteckn%2CLannr%2CKommunnr%2CArendeAr%2CInkomdatum%2CAnmaldHa%2CAvvHa%2CAvvSasong%2CAvverktyp&returnGeometry=false&orderByFields=Beteckn&f=json,2026-10-06T02:34:06Z,200,application/json,268923,6819f6f7811f8855fed7c25a59115aba93d3000c0370036c806ed2ac72145db9,"""a03179aa""",,changed,raw/skogsstyrelsen.harvest.notified/2026/10/20261006T023406Z-6819f6f7811f.json.gz,,
skogsstyrelsen.harvest.notified,https://geodpags.skogsstyrelsen.se/arcgis/rest/services/Geodataportal/GeodataportalVisaAvverkningsanmalan/MapServer/0/query?where=Lannr%3D%2705%27+AND+ArendeAr%3D2023&outFields=Beteckn%2CLannr%2CKommunnr%2CArendeAr%2CInkomdatum%2CAnmaldHa%2CAvvHa%2CAvvSasong%2CAvverktyp&returnGeometry=false&orderByFields=Beteckn&f=json,2026-10-06T02:34:09Z,200,application/json,263085,6f253a96c63e08a2c4349efbbbc2f878878d83a8d8ce366ef1fc511191a07371,"""6835cd22""",,changed,raw/skogsstyrelsen.harvest.notified/2026/10/20261006T023409Z-6f253a96c63e.json.gz,,
skogsstyrelsen.harvest.notified,https://geodpags.skogsstyrelsen.se/arcgis/rest/services/Geodataportal/GeodataportalVisaAvverkningsanmalan/MapServer/0/query?where=Lannr%3D%2722%27+AND+ArendeAr%3D2022&outFields=Beteckn%2CLannr%2CKommunnr%2CArendeAr%2CInkomdatum%2CAnmaldHa%2CAvvHa%2CAvvSasong%2CAvverktyp&returnGeometry=false&orderByFields=Beteckn&f=json,2026-10-06T02:34:11Z,200,application/json,267332,5c90a07912db229ccc54935011c045e092d55a6ea3cafeefef1e88c8e5d55b88,"""72b39ad6""",,changed,raw/skogsstyrelsen.harvest.notified/2026/10/20261006T023411Z-5c90a07912db.json.gz,,
skogsstyrelsen.harvest.notified,https://geodpags.skogsstyrelsen.se/arcgis/rest/services/Geodataportal/GeodataportalVisaAvverkningsanmalan/MapServer/0/query?where=Lannr%3D%2723%27+AND+ArendeAr%3D2023&outFields=Beteckn%2CLannr%2CKommunnr%2CArendeAr%2CInkomdatum%2CAnmaldHa%2CAvvHa%2CAvvSasong%2CAvverktyp&returnGeometry=false&orderByFields=Beteckn&f=json,2026-10-06T02:34:14Z,200,application/json,267565,a3e7887b0d28113c1e3c2573f0e1e007f4d18848f17cfed589edd1b12c798b3c,"""d880ac79""",,changed,raw/skogsstyrelsen.harvest.notified/2026/10/20261006T023414Z-a3e7887b0d28.json.gz,,
skogsstyrelsen.harvest.notified,https://geodpags.skogsstyrelsen.se/arcgis/rest/services/Geodataportal/GeodataportalVisaAvverkningsanmalan/MapServer/0/query?where=Lannr%3D%2707%27+AND+ArendeAr%3D2023&outFields=Beteckn%2CLannr%2CKommunnr%2CArendeAr%2CInkomdatum%2CAnmaldHa%2CAvvHa%2CAvvSasong%2CAvverktyp&returnGeometry=false&orderByFields=Beteckn&f=json,2026-10-06T02:34:16Z,200,application/json,255012,280e1e1527e137e5e427f82db2d17b5ac16efbbef3659ebd6718d6ef8df6a064,"""4207bed5""",,changed,raw/skogsstyrelsen.harvest.notified/2026/10/20261006T023416Z-280e1e1527e1.json.gz,,
skogsstyrelsen.harvest.notified,https://geodpags.skogsstyrelsen.se/arcgis/rest/services/Geodataportal/GeodataportalVisaAvverkningsanmalan/MapServer/0/query?where=Lannr%3D%2706%27+AND+ArendeAr%3D2024&outFields=Beteckn%2CLannr%2CKommunnr%2CArendeAr%2CInkomdatum%2CAnmaldHa%2CAvvHa%2CAvvSasong%2CAvverktyp&returnGeometry=false&orderByFields=Beteckn&f=json,2026-10-06T02:34:19Z,200,application/json,254755,dbe37320e8dbfd041fb11643981694bdb1ceed6d7ccb3b8bbce971c06a8466d5,"""3c231e58""",,changed,raw/skogsstyrelsen.harvest.notified/2026/10/20261006T023419Z-dbe37320e8db.json.gz,,
skogsstyrelsen.harvest.notified,https://geodpags.skogsstyrelsen.se/arcgis/rest/services/Geodataportal/GeodataportalVisaAvverkningsanmalan/MapServer/0/query?where=Lannr%3D%2724%27+AND+ArendeAr%3D2022&outFields=Beteckn%2CLannr%2CKommunnr%2CArendeAr%2CInkomdatum%2CAnmaldHa%2CAvvHa%2CAvvSasong%2CAvverktyp&returnGeometry=false&orderByFields=Beteckn&f=json,2026-10-06T02:34:21Z,200,application/json,238832,5dfd714dec22b56a2dd69cac93117379d4a733ed527eadbc38b33b63d1595843,"""1be21770""",,changed,raw/skogsstyrelsen.harvest.notified/2026/10/20261006T023421Z-5dfd714dec22.json.gz,,
skogsstyrelsen.harvest.notified,https://geodpags.skogsstyrelsen.se/arcgis/rest/services/Geodataportal/GeodataportalVisaAvverkningsanmalan/MapServer/0/query?where=Lannr%3D%2708%27+AND+ArendeAr%3D2025&outFields=Beteckn%2CLannr%2CKommunnr%2CArendeAr%2CInkomdatum%2CAnmaldHa%2CAvvHa%2CAvvSasong%2CAvverktyp&returnGeometry=false&orderByFields=Beteckn&f=json,2026-10-06T02:34:24Z,200,application/json,230380,ae95a25066c425ae5690b27dee05e65987d1d1c4dfea5a7659b162ef3c23cd03,"""fb67bd4c""",,changed,raw/skogsstyrelsen.harvest.notified/2026/10/20261006T023424Z-ae95a25066c4.json.gz,,
skogsstyrelsen.harvest.notified,https://geodpags.skogsstyrelsen.se/arcgis/rest/services/Geodataportal/GeodataportalVisaAvverkningsanmalan/MapServer/0/query?where=Lannr%3D%2705%27+AND+ArendeAr%3D2025&outFields=Beteckn%2CLannr%2CKommunnr%2CArendeAr%2CInkomdatum%2CAnmaldHa%2CAvvHa%2CAvvSasong%2CAvverktyp&returnGeometry=false&orderByFields=Beteckn&f=json,2026-10-06T02:34:26Z,200,application/json,226957,89ab79f1bc50f6e7b53e06c12bbfe828d8bde9140cbc87ddf4c3469832614079,"""8d805e62""",,changed,raw/skogsstyrelsen.harvest.notified/2026/10/20261006T023426Z-89ab79f1bc50.json.gz,,
skogsstyrelsen.harvest.notified,https://geodpags.skogsstyrelsen.se/arcgis/rest/services/Geodataportal/GeodataportalVisaAvverkningsanmalan/MapServer/0/query?where=Lannr%3D%2723%27+AND+ArendeAr%3D2022&outFields=Beteckn%2CLannr%2CKommunnr%2CArendeAr%2CInkomdatum%2CAnmaldHa%2CAvvHa%2CAvvSasong%2CAvverktyp&returnGeometry=false&orderByFields=Beteckn&f=json,2026-10-06T02:34:29Z,200,application/json,240494,879b74ae5d9c606b3dbb06bfe96540232101f25ec65389174ef8d7654dc63147,"""c5bc5767""",,changed,raw/skogsstyrelsen.harvest.notified/2026/10/20261006T023429Z-879b74ae5d9c.json.gz,,
skogsstyrelsen.harvest.notified,https://geodpags.skogsstyrelsen.se/arcgis/rest/services/Geodataportal/GeodataportalVisaAvverkningsanmalan/MapServer/0/query?where=Lannr%3D%2725%27+AND+ArendeAr%3D2024&outFields=Beteckn%2CLannr%2CKommunnr%2CArendeAr%2CInkomdatum%2CAnmaldHa%2CAvvHa%2CAvvSasong%2CAvverktyp&returnGeometry=false&orderByFields=Beteckn&f=json,2026-10-06T02:34:31Z,200,application/json,229452,9c552b11d129d9a11cceef99043146dc8777e8071265c45c7b9d362eaa2c5db3,"""6e5d05be""",,changed,raw/skogsstyrelsen.harvest.notified/2026/10/20261006T023431Z-9c552b11d129.json.gz,,
skogsstyrelsen.harvest.notified,https://geodpags.skogsstyrelsen.se/arcgis/rest/services/Geodataportal/GeodataportalVisaAvverkningsanmalan/MapServer/0/query?where=Lannr%3D%2712%27+AND+ArendeAr%3D2023&outFields=Beteckn%2CLannr%2CKommunnr%2CArendeAr%2CInkomdatum%2CAnmaldHa%2CAvvHa%2CAvvSasong%2CAvverktyp&returnGeometry=false&orderByFields=Beteckn&f=json,2026-10-06T02:34:34Z,200,application/json,230338,61a388189bcbbb62298730717d04f62d0dd7bdae98e0a10487fd1e2ba81e6b54,"""292a7f79""",,changed,raw/skogsstyrelsen.harvest.notified/2026/10/20261006T023434Z-61a388189bcb.json.gz,,
skogsstyrelsen.harvest.notified,https://geodpags.skogsstyrelsen.se/arcgis/rest/services/Geodataportal/GeodataportalVisaAvverkningsanmalan/MapServer/0/query?where=Lannr%3D%2721%27+AND+ArendeAr%3D2023&outFields=Beteckn%2CLannr%2CKommunnr%2CArendeAr%2CInkomdatum%2CAnmaldHa%2CAvvHa%2CAvvSasong%2CAvverktyp&returnGeometry=false&orderByFields=Beteckn&f=json,2026-10-06T02:34:37Z,200,application/json,228816,46cbfea53f0cd7dfdb9bd75132c4f1d66ba0a486ceed2edda8551656ed483968,"""a7d02340""",,changed,raw/skogsstyrelsen.harvest.notified/2026/10/20261006T023437Z-46cbfea53f0c.json.gz,,
skogsstyrelsen.harvest.notified,https://geodpags.skogsstyrelsen.se/arcgis/rest/services/Geodataportal/GeodataportalVisaAvverkningsanmalan/MapServer/0/query?where=Lannr%3D%2708%27+AND+ArendeAr%3D2024&outFields=Beteckn%2CLannr%2CKommunnr%2CArendeAr%2CInkomdatum%2CAnmaldHa%2CAvvHa%2CAvvSasong%2CAvverktyp&returnGeometry=false&orderByFields=Beteckn&f=json,2026-10-06T02:34:39Z,200,application/json,221540,2b81230edfddef295780ef89599fa4b550fd0d0a8bf0ad4b6d6b1032c9a4d8c7,"""8fd36aff""",,changed,raw/skogsstyrelsen.harvest.notified/2026/10/20261006T023439Z-2b81230edfdd.json.gz,,
skogsstyrelsen.harvest.notified,https://geodpags.skogsstyrelsen.se/arcgis/rest/services/Geodataportal/GeodataportalVisaAvverkningsanmalan/MapServer/0/query?where=Lannr%3D%2707%27+AND+ArendeAr%3D2024&outFields=Beteckn%2CLannr%2CKommunnr%2CArendeAr%2CInkomdatum%2CAnmaldHa%2CAvvHa%2CAvvSasong%2CAvverktyp&returnGeometry=false&orderByFields=Beteckn&f=json,2026-10-06T02:34:42Z,200,application/json,220664,61a5cd934a2069d2364d8f18da16b7c37a4c8bee3f7dd27b55fc0e99c21d2168,"""9d2984b8""",,changed,raw/skogsstyrelsen.harvest.notified/2026/10/20261006T023442Z-61a5cd934a20.json.gz,,
skogsstyrelsen.harvest.notified,https://geodpags.skogsstyrelsen.se/arcgis/rest/services/Geodataportal/GeodataportalVisaAvverkningsanmalan/MapServer/0/query?where=Lannr%3D%2707%27+AND+ArendeAr%3D2025&outFields=Beteckn%2CLannr%2CKommunnr%2CArendeAr%2CInkomdatum%2CAnmaldHa%2CAvvHa%2CAvvSasong%2CAvverktyp&returnGeometry=false&orderByFields=Beteckn&f=json,2026-10-06T02:34:44Z,200,application/json,216336,688af3266f087b4beb9331f905660b12e07e9b525320d24f0d4d812ecdbace20,"""1570d9a3""",,changed,raw/skogsstyrelsen.harvest.notified/2026/10/20261006T023444Z-688af3266f08.json.gz,,
skogsstyrelsen.harvest.notified,https://geodpags.skogsstyrelsen.se/arcgis/rest/services/Geodataportal/GeodataportalVisaAvverkningsanmalan/MapServer/0/query?where=Lannr%3D%2712%27+AND+ArendeAr%3D2024&outFields=Beteckn%2CLannr%2CKommunnr%2CArendeAr%2CInkomdatum%2CAnmaldHa%2CAvvHa%2CAvvSasong%2CAvverktyp&returnGeometry=false&orderByFields=Beteckn&f=json,2026-10-06T02:34:47Z,200,application/json,212615,fd7a5f0e1f38d6aa4e90a85f30a32a06c9d396cf8d61e34c8abbb7f2624869bd,"""f0fedbd1""",,changed,raw/skogsstyrelsen.harvest.notified/2026/10/20261006T023447Z-fd7a5f0e1f38.json.gz,,
skogsstyrelsen.harvest.notified,https://geodpags.skogsstyrelsen.se/arcgis/rest/services/Geodataportal/GeodataportalVisaAvverkningsanmalan/MapServer/0/query?where=Lannr%3D%2708%27+AND+ArendeAr%3D2022&outFields=Beteckn%2CLannr%2CKommunnr%2CArendeAr%2CInkomdatum%2CAnmaldHa%2CAvvHa%2CAvvSasong%2CAvverktyp&returnGeometry=false&orderByFields=Beteckn&f=json,2026-10-06T02:34:49Z,200,application/json,211273,aee2f835677456423d202010d36727c97e27a7c737dd85c8049275169f2bfdf2,"""2c3f0aa5""",,changed,raw/skogsstyrelsen.harvest.notified/2026/10/20261006T023449Z-aee2f8356774.json.gz,,
skogsstyrelsen.harvest.notified,https://geodpags.skogsstyrelsen.se/arcgis/rest/services/Geodataportal/GeodataportalVisaAvverkningsanmalan/MapServer/0/query?where=Lannr%3D%2705%27+AND+ArendeAr%3D2026&outFields=Beteckn%2CLannr%2CKommunnr%2CArendeAr%2CInkomdatum%2CAnmaldHa%2CAvvHa%2CAvvSasong%2CAvverktyp&returnGeometry=false&orderByFields=Beteckn&f=json,2026-10-06T02:34:52Z,200,application/json,240003,0f77e2508293ab0a4f8e61f67b0e316910f9bc2eb746542e2aa7c938c6b1aa06,"""e6d49924""",,changed,raw/skogsstyrelsen.harvest.notified/2026/10/20261006T023452Z-0f77e2508293.json.gz,,
skogsstyrelsen.harvest.notified,https://geodpags.skogsstyrelsen.se/arcgis/rest/services/Geodataportal/GeodataportalVisaAvverkningsanmalan/MapServer/0/query?where=Lannr%3D%2708%27+AND+ArendeAr%3D2026&outFields=Beteckn%2CLannr%2CKommunnr%2CArendeAr%2CInkomdatum%2CAnmaldHa%2CAvvHa%2CAvvSasong%2CAvverktyp&returnGeometry=false&orderByFields=Beteckn&f=json,2026-10-06T02:34:54Z,200,application/json,236865,2e5ba71b6ddf98b5573d89ea7cde977523fde55c676d76d305e8fc8e680b8311,"""57817fd7""",,changed,raw/skogsstyrelsen.harvest.notified/2026/10/20261006T023454Z-2e5ba71b6ddf.json.gz,,
skogsstyrelsen.harvest.notified,https://geodpags.skogsstyrelsen.se/arcgis/rest/services/Geodataportal/GeodataportalVisaAvverkningsanmalan/MapServer/0/query?where=Lannr%3D%2706%27+AND+ArendeAr%3D2026&outFields=Beteckn%2CLannr%2CKommunnr%2CArendeAr%2CInkomdatum%2CAnmaldHa%2CAvvHa%2CAvvSasong%2CAvverktyp&returnGeometry=false&orderByFields=Beteckn&f=json,2026-10-06T02:34:57Z,200,application/json,238738,8d83c24a4d7cc7db1c9410fcf37713e32870d3d3528812321bf49cd7b0247299,"""3fba25f9""",,changed,raw/skogsstyrelsen.harvest.notified/2026/10/20261006T023457Z-8d83c24a4d7c.json.gz,,
skogsstyrelsen.harvest.notified,https://geodpags.skogsstyrelsen.se/arcgis/rest/services/Geodataportal/GeodataportalVisaAvverkningsanmalan/MapServer/0/query?where=Lannr%3D%2720%27+AND+ArendeAr%3D2022&outFields=Beteckn%2CLannr%2CKommunnr%2CArendeAr%2CInkomdatum%2CAnmaldHa%2CAvvHa%2CAvvSasong%2CAvverktyp&returnGeometry=false&orderByFields=Beteckn&f=json,2026-10-06T02:34:59Z,200,application/json,198264,55e4c1d92111b8fb20573a4f102eeb450d8d91b83e0b1b05c948114044d35500,"""f8bbb658""",,changed,raw/skogsstyrelsen.harvest.notified/2026/10/20261006T023459Z-55e4c1d92111.json.gz,,
skogsstyrelsen.harvest.notified,https://geodpags.skogsstyrelsen.se/arcgis/rest/services/Geodataportal/GeodataportalVisaAvverkningsanmalan/MapServer/0/query?where=Lannr%3D%2706%27+AND+ArendeAr%3D2022&outFields=Beteckn%2CLannr%2CKommunnr%2CArendeAr%2CInkomdatum%2CAnmaldHa%2CAvvHa%2CAvvSasong%2CAvverktyp&returnGeometry=false&orderByFields=Beteckn&f=json,2026-10-06T02:35:02Z,200,application/json,195944,cc833e29e7c814a9a75cf97f392fa505082eb7b1006fd770d7b1c80833d7673c,"""849cdf22""",,changed,raw/skogsstyrelsen.harvest.notified/2026/10/20261006T023502Z-cc833e29e7c8.json.gz,,
skogsstyrelsen.harvest.notified,https://geodpags.skogsstyrelsen.se/arcgis/rest/services/Geodataportal/GeodataportalVisaAvverkningsanmalan/MapServer/0/query?where=Lannr%3D%2705%27+AND+ArendeAr%3D2022&outFields=Beteckn%2CLannr%2CKommunnr%2CArendeAr%2CInkomdatum%2CAnmaldHa%2CAvvHa%2CAvvSasong%2CAvverktyp&returnGeometry=false&orderByFields=Beteckn&f=json,2026-10-06T02:35:04Z,200,application/json,195362,55d29d7ba300ecf750e89b31ed7ebf6612aa155f437207d4cc86ee1df8d362a5,"""ccc2b3b9""",,changed,raw/skogsstyrelsen.harvest.notified/2026/10/20261006T023504Z-55d29d7ba300.json.gz,,
skogsstyrelsen.harvest.notified,https://geodpags.skogsstyrelsen.se/arcgis/rest/services/Geodataportal/GeodataportalVisaAvverkningsanmalan/MapServer/0/query?where=Lannr%3D%2712%27+AND+ArendeAr%3D2025&outFields=Beteckn%2CLannr%2CKommunnr%2CArendeAr%2CInkomdatum%2CAnmaldHa%2CAvvHa%2CAvvSasong%2CAvverktyp&returnGeometry=false&orderByFields=Beteckn&f=json,2026-10-06T02:35:07Z,200,application/json,190552,bb033345517c373d36410fef5fbe09b46b1bc4cbdacb75e32a679caeeee83952,"""2dc4b5af""",,changed,raw/skogsstyrelsen.harvest.notified/2026/10/20261006T023507Z-bb033345517c.json.gz,,
skogsstyrelsen.harvest.notified,https://geodpags.skogsstyrelsen.se/arcgis/rest/services/Geodataportal/GeodataportalVisaAvverkningsanmalan/MapServer/0/query?where=Lannr%3D%2707%27+AND+ArendeAr%3D2026&outFields=Beteckn%2CLannr%2CKommunnr%2CArendeAr%2CInkomdatum%2CAnmaldHa%2CAvvHa%2CAvvSasong%2CAvverktyp&returnGeometry=false&orderByFields=Beteckn&f=json,2026-10-06T02:35:09Z,200,application/json,208682,4ebe06a48142d27f0d14a30d7c6d429eb98a7b8ad603f75b36c77df5ba42c742,"""35c848d5""",,changed,raw/skogsstyrelsen.harvest.notified/2026/10/20261006T023509Z-4ebe06a48142.json.gz,,
skogsstyrelsen.harvest.notified,https://geodpags.skogsstyrelsen.se/arcgis/rest/services/Geodataportal/GeodataportalVisaAvverkningsanmalan/MapServer/0/query?where=Lannr%3D%2721%27+AND+ArendeAr%3D2022&outFields=Beteckn%2CLannr%2CKommunnr%2CArendeAr%2CInkomdatum%2CAnmaldHa%2CAvvHa%2CAvvSasong%2CAvverktyp&returnGeometry=false&orderByFields=Beteckn&f=json,2026-10-06T02:35:12Z,200,application/json,179372,0ae5792252c75cb063b0a8d2a91aec26246236251ae0d0ade3d028331470afc2,"""a8af9c3d""",,changed,raw/skogsstyrelsen.harvest.notified/2026/10/20261006T023512Z-0ae5792252c7.json.gz,,
skogsstyrelsen.harvest.notified,https://geodpags.skogsstyrelsen.se/arcgis/rest/services/Geodataportal/GeodataportalVisaAvverkningsanmalan/MapServer/0/query?where=Lannr%3D%2704%27+AND+ArendeAr%3D2022&outFields=Beteckn%2CLannr%2CKommunnr%2CArendeAr%2CInkomdatum%2CAnmaldHa%2CAvvHa%2CAvvSasong%2CAvverktyp&returnGeometry=false&orderByFields=Beteckn&f=json,2026-10-06T02:35:14Z,200,application/json,176905,2376a052a12b1452be4cdae1993b5adadb1a2769930b08e204bbeb6b6240cd93,"""566c437a""",,changed,raw/skogsstyrelsen.harvest.notified/2026/10/20261006T023514Z-2376a052a12b.json.gz,,
skogsstyrelsen.harvest.notified,https://geodpags.skogsstyrelsen.se/arcgis/rest/services/Geodataportal/GeodataportalVisaAvverkningsanmalan/MapServer/0/query?where=Lannr%3D%2725%27+AND+ArendeAr%3D2023&outFields=Beteckn%2CLannr%2CKommunnr%2CArendeAr%2CInkomdatum%2CAnmaldHa%2CAvvHa%2CAvvSasong%2CAvverktyp&returnGeometry=false&orderByFields=Beteckn&f=json,2026-10-06T02:35:17Z,200,application/json,176851,f4f0ff87ec6ef00753994bed510b55ec53bbcafd260dd9492feacd21193385ef,"""2a023d9a""",,changed,raw/skogsstyrelsen.harvest.notified/2026/10/20261006T023517Z-f4f0ff87ec6e.json.gz,,
skogsstyrelsen.harvest.notified,https://geodpags.skogsstyrelsen.se/arcgis/rest/services/Geodataportal/GeodataportalVisaAvverkningsanmalan/MapServer/0/query?where=Lannr%3D%2705%27+AND+ArendeAr%3D2024&outFields=Beteckn%2CLannr%2CKommunnr%2CArendeAr%2CInkomdatum%2CAnmaldHa%2CAvvHa%2CAvvSasong%2CAvverktyp&returnGeometry=false&orderByFields=Beteckn&f=json,2026-10-06T02:35:19Z,200,application/json,174475,1509ef84fa1123ce5011f868ffc40f9af7035b582ee1d12fb72356fcfc1c7bde,"""71fd69ce""",,changed,raw/skogsstyrelsen.harvest.notified/2026/10/20261006T023519Z-1509ef84fa11.json.gz,,
skogsstyrelsen.harvest.notified,https://geodpags.skogsstyrelsen.se/arcgis/rest/services/Geodataportal/GeodataportalVisaAvverkningsanmalan/MapServer/0/query?where=Lannr%3D%2707%27+AND+ArendeAr%3D2022&outFields=Beteckn%2CLannr%2CKommunnr%2CArendeAr%2CInkomdatum%2CAnmaldHa%2CAvvHa%2CAvvSasong%2CAvverktyp&returnGeometry=false&orderByFields=Beteckn&f=json,2026-10-06T02:35:22Z,304,application/json,171358,f2ed033bd88390fe8df17557513d465608430529cb0213e13c2a3b2d594ca9b7,"""83ffab12""",,unchanged,raw/skogsstyrelsen.harvest.notified/2026/09/20260906T001847Z-f2ed033bd883.json,not_modified,
skogsstyrelsen.harvest.notified,https://geodpags.skogsstyrelsen.se/arcgis/rest/services/Geodataportal/GeodataportalVisaAvverkningsanmalan/MapServer/0/query?where=Lannr%3D%2714%27+AND+ArendeAr%3D2021&outFields=Beteckn%2CLannr%2CKommunnr%2CArendeAr%2CInkomdatum%2CAnmaldHa%2CAvvHa%2CAvvSasong%2CAvverktyp&returnGeometry=false&orderByFields=Beteckn&f=json,2026-10-06T02:35:24Z,200,application/json,109586,e2818411f684776e2856e96f8173a4655736a2e561606e32f3f4059ad15cdd66,"""3085d649""",,changed,raw/skogsstyrelsen.harvest.notified/2026/10/20261006T023524Z-e2818411f684.json.gz,,
skogsstyrelsen.harvest.notified,https://geodpags.skogsstyrelsen.se/arcgis/rest/services/Geodataportal/GeodataportalVisaAvverkningsanmalan/MapServer/0/query?where=Lannr%3D%2704%27+AND+ArendeAr%3D2023&outFields=Beteckn%2CLannr%2CKommunnr%2CArendeAr%2CInkomdatum%2CAnmaldHa%2CAvvHa%2CAvvSasong%2CAvverktyp&returnGeometry=false&orderByFields=Beteckn&f=json,2026-10-06T02:35:27Z,200,application/json,167179,801f66c0490362de38ab7287b50a757ec6f8b8593b73ebf95c2ac517f356ce69,"""d506cdf0""",,changed,raw/skogsstyrelsen.harvest.notified/2026/10/20261006T023527Z-801f66c04903.json.gz,,
skogsstyrelsen.harvest.notified,https://geodpags.skogsstyrelsen.se/arcgis/rest/services/Geodataportal/GeodataportalVisaAvverkningsanmalan/MapServer/0/query?where=Lannr%3D%2718%27+AND+ArendeAr%3D2026&outFields=Beteckn%2CLannr%2CKommunnr%2CArendeAr%2CInkomdatum%2CAnmaldHa%2CAvvHa%2CAvvSasong%2CAvverktyp&returnGeometry=false&orderByFields=Beteckn&f=json,2026-10-06T02:35:29Z,200,application/json,198983,cb69c51f9a84bf63c6d193192ce073dbc2ff5e21647682aa6f7d20ad8a88d827,"""b4bd0bb""",,changed,raw/skogsstyrelsen.harvest.notified/2026/10/20261006T023529Z-cb69c51f9a84.json.gz,,
skogsstyrelsen.harvest.notified,https://geodpags.skogsstyrelsen.se/arcgis/rest/services/Geodataportal/GeodataportalVisaAvverkningsanmalan/MapServer/0/query?where=Lannr%3D%2703%27+AND+ArendeAr%3D2026&outFields=Beteckn%2CLannr%2CKommunnr%2CArendeAr%2CInkomdatum%2CAnmaldHa%2CAvvHa%2CAvvSasong%2CAvverktyp&returnGeometry=false&orderByFields=Beteckn&f=json,2026-10-06T02:35:32Z,200,application/json,183019,b1bc94e991df7c02386d9f08c608750f7325b06adaf25b3cf5e0197cab405dd2,"""60832a17""",,changed,raw/skogsstyrelsen.harvest.notified/2026/10/20261006T023532Z-b1bc94e991df.json.gz,,
skogsstyrelsen.harvest.notified,https://geodpags.skogsstyrelsen.se/arcgis/rest/services/Geodataportal/GeodataportalVisaAvverkningsanmalan/MapServer/0/query?where=Lannr%3D%2703%27+AND+ArendeAr%3D2025&outFields=Beteckn%2CLannr%2CKommunnr%2CArendeAr%2CInkomdatum%2CAnmaldHa%2CAvvHa%2CAvvSasong%2CAvverktyp&returnGeometry=false&orderByFields=Beteckn&f=json,2026-10-06T02:35:35Z,200,application/json,154960,460b4ab7c6e34c5a929055cc21f93a4590796bfe8d5918a52e98ad5af35dd54b,"""df155120""",,changed,raw/skogsstyrelsen.harvest.notified/2026/10/20261006T023535Z-460b4ab7c6e3.json.gz,,
skogsstyrelsen.harvest.notified,https://geodpags.skogsstyrelsen.se/arcgis/rest/services/Geodataportal/GeodataportalVisaAvverkningsanmalan/MapServer/0/query?where=Lannr%3D%2718%27+AND+ArendeAr%3D2023&outFields=Beteckn%2CLannr%2CKommunnr%2CArendeAr%2CInkomdatum%2CAnmaldHa%2CAvvHa%2CAvvSasong%2CAvverktyp&returnGeometry=false&orderByFields=Beteckn&f=json,2026-10-06T02:35:38Z,200,application/json,157328,e3755c84a4cea67bf7c177c407f4a39a4707bc0efb4e2414a5e57e8cf0f6c52c,"""db67329d""",,changed,raw/skogsstyrelsen.harvest.notified/2026/10/20261006T023538Z-e3755c84a4ce.json.gz,,
skogsstyrelsen.harvest.notified,https://geodpags.skogsstyrelsen.se/arcgis/rest/services/Geodataportal/GeodataportalVisaAvverkningsanmalan/MapServer/0/query?where=Lannr%3D%2718%27+AND+ArendeAr%3D2024&outFields=Beteckn%2CLannr%2CKommunnr%2CArendeAr%2CInkomdatum%2CAnmaldHa%2CAvvHa%2CAvvSasong%2CAvverktyp&returnGeometry=false&orderByFields=Beteckn&f=json,2026-10-06T02:35:41Z,200,application/json,159678,bf637095ba4107b6667402e8307133563c3221ae093b31abff7e8443f5063db9,"""8633ce87""",,changed,raw/skogsstyrelsen.harvest.notified/2026/10/20261006T023541Z-bf637095ba41.json.gz,,
skogsstyrelsen.harvest.notified,https://geodpags.skogsstyrelsen.se/arcgis/rest/services/Geodataportal/GeodataportalVisaAvverkningsanmalan/MapServer/0/query?where=Lannr%3D%2712%27+AND+ArendeAr%3D2022&outFields=Beteckn%2CLannr%2CKommunnr%2CArendeAr%2CInkomdatum%2CAnmaldHa%2CAvvHa%2CAvvSasong%2CAvverktyp&returnGeometry=false&orderByFields=Beteckn&f=json,2026-10-06T02:35:44Z,200,application/json,155528,66b91f6389712e70df0cd546088502b98370ee84bc0b784c97bbea43a9dfa775,"""e9f632e5""",,changed,raw/skogsstyrelsen.harvest.notified/2026/10/20261006T023544Z-66b91f638971.json.gz,,
skogsstyrelsen.harvest.notified,https://geodpags.skogsstyrelsen.se/arcgis/rest/services/Geodataportal/GeodataportalVisaAvverkningsanmalan/MapServer/0/query?where=Lannr%3D%2712%27+AND+ArendeAr%3D2026&outFields=Beteckn%2CLannr%2CKommunnr%2CArendeAr%2CInkomdatum%2CAnmaldHa%2CAvvHa%2CAvvSasong%2CAvverktyp&returnGeometry=false&orderByFields=Beteckn&f=json,2026-10-06T02:35:47Z,200,application/json,180040,5679ce97c2650012acdd035c28910db1e689b4e26ad867abd02208c8de67d58e,"""cef32598""",,changed,raw/skogsstyrelsen.harvest.notified/2026/10/20261006T023547Z-5679ce97c265.json.gz,,
skogsstyrelsen.harvest.notified,https://geodpags.skogsstyrelsen.se/arcgis/rest/services/Geodataportal/GeodataportalVisaAvverkningsanmalan/MapServer/0/query?where=Lannr%3D%2713%27+AND+ArendeAr%3D2025&outFields=Beteckn%2CLannr%2CKommunnr%2CArendeAr%2CInkomdatum%2CAnmaldHa%2CAvvHa%2CAvvSasong%2CAvverktyp&returnGeometry=false&orderByFields=Beteckn&f=json,2026-10-06T02:35:49Z,200,application/json,143846,0279806ee068a3f56a3b14e1a98d326fb2fbc683f4d7a295808161140d7fa6e0,"""93500eba""",,changed,raw/skogsstyrelsen.harvest.notified/2026/10/20261006T023549Z-0279806ee068.json.gz,,
skogsstyrelsen.harvest.notified,https://geodpags.skogsstyrelsen.se/arcgis/rest/services/Geodataportal/GeodataportalVisaAvverkningsanmalan/MapServer/0/query?where=Lannr%3D%2725%27+AND+ArendeAr%3D2022&outFields=Beteckn%2CLannr%2CKommunnr%2CArendeAr%2CInkomdatum%2CAnmaldHa%2CAvvHa%2CAvvSasong%2CAvverktyp&returnGeometry=false&orderByFields=Beteckn&f=json,2026-10-06T02:35:52Z,200,application/json,145994,0d2a5cfdd219b0bb87901a465d21d0af26eb9ba929552f3b3e3bb86828d7d024,"""eae34c65""",,changed,raw/skogsstyrelsen.harvest.notified/2026/10/20261006T023552Z-0d2a5cfdd219.json.gz,,
skogsstyrelsen.harvest.notified,https://geodpags.skogsstyrelsen.se/arcgis/rest/services/Geodataportal/GeodataportalVisaAvverkningsanmalan/MapServer/0/query?where=Lannr%3D%2718%27+AND+ArendeAr%3D2025&outFields=Beteckn%2CLannr%2CKommunnr%2CArendeAr%2CInkomdatum%2CAnmaldHa%2CAvvHa%2CAvvSasong%2CAvverktyp&returnGeometry=false&orderByFields=Beteckn&f=json,2026-10-06T02:35:54Z,200,application/json,140927,d0a29b86ad3194a5f8bb369643cd6428acd2e1013167702a9463f97ae2f1fbc7,"""7f022b7d""",,changed,raw/skogsstyrelsen.harvest.notified/2026/10/20261006T023554Z-d0a29b86ad31.json.gz,,
skogsstyrelsen.harvest.notified,https://geodpags.skogsstyrelsen.se/arcgis/rest/services/Geodataportal/GeodataportalVisaAvverkningsanmalan/MapServer/0/query?where=Lannr%3D%2717%27+AND+ArendeAr%3D2021&outFields=Beteckn%2CLannr%2CKommunnr%2CArendeAr%2CInkomdatum%2CAnmaldHa%2CAvvHa%2CAvvSasong%2CAvverktyp&returnGeometry=false&orderByFields=Beteckn&f=json,2026-10-06T02:35:57Z,200,application/json,97046,f3ad3cbd982de3fb1adda22ab2bd00995a91c6261bedaeea92545dc5d2ce57da,"""cca03b62""",,changed,raw/skogsstyrelsen.harvest.notified/2026/10/20261006T023557Z-f3ad3cbd982d.json.gz,,
skogsstyrelsen.harvest.notified,https://geodpags.skogsstyrelsen.se/arcgis/rest/services/Geodataportal/GeodataportalVisaAvverkningsanmalan/MapServer/0/query?where=Lannr%3D%2713%27+AND+ArendeAr%3D2023&outFields=Beteckn%2CLannr%2CKommunnr%2CArendeAr%2CInkomdatum%2CAnmaldHa%2CAvvHa%2CAvvSasong%2CAvverktyp&returnGeometry=false&orderByFields=Beteckn&f=json,2026-10-06T02:35:59Z,200,application/json,135223,f729745a40810f89eb4b701dbb53e2d6c1cf1d0d880e451a4fdd58db79337873,"""b9b44b17""",,changed,raw/skogsstyrelsen.harvest.notified/2026/10/20261006T023559Z-f729745a4081.json.gz,,
skogsstyrelsen.harvest.notified,https://geodpags.skogsstyrelsen.se/arcgis/rest/services/Geodataportal/GeodataportalVisaAvverkningsanmalan/MapServer/0/query?where=Lannr%3D%2703%27+AND+ArendeAr%3D2022&outFields=Beteckn%2CLannr%2CKommunnr%2CArendeAr%2CInkomdatum%2CAnmaldHa%2CAvvHa%2CAvvSasong%2CAvverktyp&returnGeometry=false&orderByFields=Beteckn&f=json,2026-10-06T02:36:02Z,200,application/json,130578,92877cacfeb2c2cbc3d11815beaa7e7ae76c00a9290dba294f2fc73faf358cb3,"""a5d8652f""",,changed,raw/skogsstyrelsen.harvest.notified/2026/10/20261006T023602Z-92877cacfeb2.json.gz,,
skogsstyrelsen.harvest.notified,https://geodpags.skogsstyrelsen.se/arcgis/rest/services/Geodataportal/GeodataportalVisaAvverkningsanmalan/MapServer/0/query?where=Lannr%3D%2703%27+AND+ArendeAr%3D2023&outFields=Beteckn%2CLannr%2CKommunnr%2CArendeAr%2CInkomdatum%2CAnmaldHa%2CAvvHa%2CAvvSasong%2CAvverktyp&returnGeometry=false&orderByFields=Beteckn&f=json,2026-10-06T02:36:04Z,304,application/json,130331,28bae05bb6c5d9189a97a3456520aad08e31335cfb21149d6c931deaf6d3894b,"""58443bea""",,unchanged,raw/skogsstyrelsen.harvest.notified/2026/09/20260904T141512Z-28bae05bb6c5.json,not_modified,
skogsstyrelsen.harvest.notified,https://geodpags.skogsstyrelsen.se/arcgis/rest/services/Geodataportal/GeodataportalVisaAvverkningsanmalan/MapServer/0/query?where=Lannr%3D%2718%27+AND+ArendeAr%3D2022&outFields=Beteckn%2CLannr%2CKommunnr%2CArendeAr%2CInkomdatum%2CAnmaldHa%2CAvvHa%2CAvvSasong%2CAvverktyp&returnGeometry=false&orderByFields=Beteckn&f=json,2026-10-06T02:36:07Z,200,application/json,126073,ea2212b99fd0b19e2c5c8d6632834e4966b5aaa242f87318d6e97194d13141f9,"""668f8719""",,changed,raw/skogsstyrelsen.harvest.notified/2026/10/20261006T023607Z-ea2212b99fd0.json.gz,,
skogsstyrelsen.harvest.notified,https://geodpags.skogsstyrelsen.se/arcgis/rest/services/Geodataportal/GeodataportalVisaAvverkningsanmalan/MapServer/0/query?where=Lannr%3D%2713%27+AND+ArendeAr%3D2024&outFields=Beteckn%2CLannr%2CKommunnr%2CArendeAr%2CInkomdatum%2CAnmaldHa%2CAvvHa%2CAvvSasong%2CAvverktyp&returnGeometry=false&orderByFields=Beteckn&f=json,2026-10-06T02:36:09Z,200,application/json,117647,d69247d0b00bd4333d2ec28440f92ec1796e6f9c167ecd735ddd635e444ccfd8,"""28a65f91""",,changed,raw/skogsstyrelsen.harvest.notified/2026/10/20261006T023609Z-d69247d0b00b.json.gz,,
skogsstyrelsen.harvest.notified,https://geodpags.skogsstyrelsen.se/arcgis/rest/services/Geodataportal/GeodataportalVisaAvverkningsanmalan/MapServer/0/query?where=Lannr%3D%2710%27+AND+ArendeAr%3D2023&outFields=Beteckn%2CLannr%2CKommunnr%2CArendeAr%2CInkomdatum%2CAnmaldHa%2CAvvHa%2CAvvSasong%2CAvverktyp&returnGeometry=false&orderByFields=Beteckn&f=json,2026-10-06T02:36:12Z,200,application/json,115179,323c144bcedcb42f2dea1a5bd72abdf9b72513fdc1c6927a3e69d07348711d18,"""b418a34d""",,changed,raw/skogsstyrelsen.harvest.notified/2026/10/20261006T023612Z-323c144bcedc.json.gz,,
skogsstyrelsen.harvest.notified,https://geodpags.skogsstyrelsen.se/arcgis/rest/services/Geodataportal/GeodataportalVisaAvverkningsanmalan/MapServer/0/query?where=Lannr%3D%2722%27+AND+ArendeAr%3D2021&outFields=Beteckn%2CLannr%2CKommunnr%2CArendeAr%2CInkomdatum%2CAnmaldHa%2CAvvHa%2CAvvSasong%2CAvverktyp&returnGeometry=false&orderByFields=Beteckn&f=json,2026-10-06T02:36:14Z,200,application/json,76242,452710d3f17bd1217197fa36b58998aafa2d7384328c143b47f8daf121f5627a,"""a7aa0f6f""",,changed,raw/skogsstyrelsen.harvest.notified/2026/10/20261006T023614Z-452710d3f17b.json.gz,,
skogsstyrelsen.harvest.notified,https://geodpags.skogsstyrelsen.se/arcgis/rest/services/Geodataportal/GeodataportalVisaAvverkningsanmalan/MapServer/0/query?where=Lannr%3D%2719%27+AND+ArendeAr%3D2026&outFields=Beteckn%2CLannr%2CKommunnr%2CArendeAr%2CInkomdatum%2CAnmaldHa%2CAvvHa%2CAvvSasong%2CAvverktyp&returnGeometry=false&orderByFields=Beteckn&f=json,2026-10-06T02:36:17Z,200,application/json,118277,6070b1828b5c1f4f8cf0e7131329dcddcce2f611e0be1e152e0289dc7256f68f,"""49f9b21""",,changed,raw/skogsstyrelsen.harvest.notified/2026/10/20261006T023617Z-6070b1828b5c.json.gz,,
skogsstyrelsen.harvest.notified,https://geodpags.skogsstyrelsen.se/arcgis/rest/services/Geodataportal/GeodataportalVisaAvverkningsanmalan/MapServer/0/query?where=Lannr%3D%2704%27+AND+ArendeAr%3D2026&outFields=Beteckn%2CLannr%2CKommunnr%2CArendeAr%2CInkomdatum%2CAnmaldHa%2CAvvHa%2CAvvSasong%2CAvverktyp&returnGeometry=false&orderByFields=Beteckn&f=json,2026-10-06T02:36:19Z,200,application/json,106859,0b39f2b8d5c05bb2484745341423420c23d88bc7d8fabccd34e7c3794a682cd1,"""4b3ff994""",,changed,raw/skogsstyrelsen.harvest.notified/2026/10/20261006T023619Z-0b39f2b8d5c0.json.gz,,
skogsstyrelsen.harvest.notified,https://geodpags.skogsstyrelsen.se/arcgis/rest/services/Geodataportal/GeodataportalVisaAvverkningsanmalan/MapServer/0/query?where=Lannr%3D%2704%27+AND+ArendeAr%3D2025&outFields=Beteckn%2CLannr%2CKommunnr%2CArendeAr%2CInkomdatum%2CAnmaldHa%2CAvvHa%2CAvvSasong%2CAvverktyp&returnGeometry=false&orderByFields=Beteckn&f=json,2026-10-06T02:36:22Z,200,application/json,95225,4fc0740b365c2414e4a932fa91bc0283d5dae62d7948dcf04da31a37d7669a29,"""8638ccb7""",,changed,raw/skogsstyrelsen.harvest.notified/2026/10/20261006T023622Z-4fc0740b365c.json.gz,,
skogsstyrelsen.harvest.notified,https://geodpags.skogsstyrelsen.se/arcgis/rest/services/Geodataportal/GeodataportalVisaAvverkningsanmalan/MapServer/0/query?where=Lannr%3D%2701%27+AND+ArendeAr%3D2023&outFields=Beteckn%2CLannr%2CKommunnr%2CArendeAr%2CInkomdatum%2CAnmaldHa%2CAvvHa%2CAvvSasong%2CAvverktyp&returnGeometry=false&orderByFields=Beteckn&f=json,2026-10-06T02:36:25Z,200,application/json,95957,288f595eb7d1e7af86a951a7503efa85006da3ecc2e627671f5b9bf18b49091b,"""af8d12c5""",,changed,raw/skogsstyrelsen.harvest.notified/2026/10/20261006T023625Z-288f595eb7d1.json.gz,,
skogsstyrelsen.harvest.notified,https://geodpags.skogsstyrelsen.se/arcgis/rest/services/Geodataportal/GeodataportalVisaAvverkningsanmalan/MapServer/0/query?where=Lannr%3D%2713%27+AND+ArendeAr%3D2026&outFields=Beteckn%2CLannr%2CKommunnr%2CArendeAr%2CInkomdatum%2CAnmaldHa%2CAvvHa%2CAvvSasong%2CAvverktyp&returnGeometry=false&orderByFields=Beteckn&f=json,2026-10-06T02:36:27Z,200,application/json,113783,a059b9a1e3e7a84db7c79d99a6ca82a5ae4aa26e9a2b3a5dfc76b645350385ab,"""1c589e6c""",,changed,raw/skogsstyrelsen.harvest.notified/2026/10/20261006T023627Z-a059b9a1e3e7.json.gz,,
skogsstyrelsen.harvest.notified,https://geodpags.skogsstyrelsen.se/arcgis/rest/services/Geodataportal/GeodataportalVisaAvverkningsanmalan/MapServer/0/query?where=Lannr%3D%2713%27+AND+ArendeAr%3D2022&outFields=Beteckn%2CLannr%2CKommunnr%2CArendeAr%2CInkomdatum%2CAnmaldHa%2CAvvHa%2CAvvSasong%2CAvverktyp&returnGeometry=false&orderByFields=Beteckn&f=json,2026-10-06T02:36:30Z,200,application/json,93379,50326e3dfd9157c6c344c4cab63e79538fb0efc3f16e62839e077b6ddab688d1,"""9d0ca300""",,changed,raw/skogsstyrelsen.harvest.notified/2026/10/20261006T023630Z-50326e3dfd91.json.gz,,
skogsstyrelsen.harvest.notified,https://geodpags.skogsstyrelsen.se/arcgis/rest/services/Geodataportal/GeodataportalVisaAvverkningsanmalan/MapServer/0/query?where=Lannr%3D%2701%27+AND+ArendeAr%3D2022&outFields=Beteckn%2CLannr%2CKommunnr%2CArendeAr%2CInkomdatum%2CAnmaldHa%2CAvvHa%2CAvvSasong%2CAvverktyp&returnGeometry=false&orderByFields=Beteckn&f=json,2026-10-06T02:36:32Z,200,application/json,92092,2c62af7dd31c508f73d406b1913642536dec525ac1f440ea8ec2272ba7b3af44,"""633246e""",,changed,raw/skogsstyrelsen.harvest.notified/2026/10/20261006T023632Z-2c62af7dd31c.json.gz,,
skogsstyrelsen.harvest.notified,https://geodpags.skogsstyrelsen.se/arcgis/rest/services/Geodataportal/GeodataportalVisaAvverkningsanmalan/MapServer/0/query?where=Lannr%3D%2719%27+AND+ArendeAr%3D2025&outFields=Beteckn%2CLannr%2CKommunnr%2CArendeAr%2CInkomdatum%2CAnmaldHa%2CAvvHa%2CAvvSasong%2CAvverktyp&returnGeometry=false&orderByFields=Beteckn&f=json,2026-10-06T02:36:35Z,200,application/json,90304,c1b957ef896e1ff1ca31f1317deb9ae029c80cd8626f6953a0461aef28574216,"""dca37c9d""",,changed,raw/skogsstyrelsen.harvest.notified/2026/10/20261006T023635Z-c1b957ef896e.json.gz,,
skogsstyrelsen.harvest.notified,https://geodpags.skogsstyrelsen.se/arcgis/rest/services/Geodataportal/GeodataportalVisaAvverkningsanmalan/MapServer/0/query?where=Lannr%3D%2703%27+AND+ArendeAr%3D2024&outFields=Beteckn%2CLannr%2CKommunnr%2CArendeAr%2CInkomdatum%2CAnmaldHa%2CAvvHa%2CAvvSasong%2CAvverktyp&returnGeometry=false&orderByFields=Beteckn&f=json,2026-10-06T02:36:37Z,200,application/json,89224,2600f0dff66114091514536fd2759914ef67a9283b60af78bf25bc9dd2d02204,"""a69c8c8e""",,changed,raw/skogsstyrelsen.harvest.notified/2026/10/20261006T023637Z-2600f0dff661.json.gz,,
skogsstyrelsen.harvest.notified,https://geodpags.skogsstyrelsen.se/arcgis/rest/services/Geodataportal/GeodataportalVisaAvverkningsanmalan/MapServer/0/query?where=Lannr%3D%2704%27+AND+ArendeAr%3D2024&outFields=Beteckn%2CLannr%2CKommunnr%2CArendeAr%2CInkomdatum%2CAnmaldHa%2CAvvHa%2CAvvSasong%2CAvverktyp&returnGeometry=false&orderByFields=Beteckn&f=json,2026-10-06T02:36:40Z,200,application/json,90294,1032c55ed2dd489ee10ad709c28af9bf5effd5ddd985e7540c3482a97a6994e8,"""5824b690""",,changed,raw/skogsstyrelsen.harvest.notified/2026/10/20261006T023640Z-1032c55ed2dd.json.gz,,
skogsstyrelsen.harvest.notified,https://geodpags.skogsstyrelsen.se/arcgis/rest/services/Geodataportal/GeodataportalVisaAvverkningsanmalan/MapServer/0/query?where=Lannr%3D%2719%27+AND+ArendeAr%3D2023&outFields=Beteckn%2CLannr%2CKommunnr%2CArendeAr%2CInkomdatum%2CAnmaldHa%2CAvvHa%2CAvvSasong%2CAvverktyp&returnGeometry=false&orderByFields=Beteckn&f=json,2026-10-06T02:36:42Z,304,application/json,90493,e386535230f16f642fe15752eaaf6f91e8e638ff3dfa0a3a94f57548c8a26d32,"""ccdcd354""",,unchanged,raw/skogsstyrelsen.harvest.notified/2026/09/20260904T141608Z-e386535230f1.json,not_modified,
skogsstyrelsen.harvest.notified,https://geodpags.skogsstyrelsen.se/arcgis/rest/services/Geodataportal/GeodataportalVisaAvverkningsanmalan/MapServer/0/query?where=Lannr%3D%2710%27+AND+ArendeAr%3D2025&outFields=Beteckn%2CLannr%2CKommunnr%2CArendeAr%2CInkomdatum%2CAnmaldHa%2CAvvHa%2CAvvSasong%2CAvverktyp&returnGeometry=false&orderByFields=Beteckn&f=json,2026-10-06T02:36:44Z,200,application/json,88977,e8912e0f4ee47529908f36a74e0dd13143453014ae335005bd382c18e78bd47a,"""8b39b52a""",,changed,raw/skogsstyrelsen.harvest.notified/2026/10/20261006T023644Z-e8912e0f4ee4.json.gz,,
skogsstyrelsen.harvest.notified,https://geodpags.skogsstyrelsen.se/arcgis/rest/services/Geodataportal/GeodataportalVisaAvverkningsanmalan/MapServer/0/query?where=Lannr%3D%2708%27+AND+ArendeAr%3D2021&outFields=Beteckn%2CLannr%2CKommunnr%2CArendeAr%2CInkomdatum%2CAnmaldHa%2CAvvHa%2CAvvSasong%2CAvverktyp&returnGeometry=false&orderByFields=Beteckn&f=json,2026-10-06T02:36:47Z,200,application/json,58685,da6b42cd73b6d44247ec468d6baa571a0952801774f0d3cda75e4f8faac6a3a1,"""1be135fc""",,changed,raw/skogsstyrelsen.harvest.notified/2026/10/20261006T023647Z-da6b42cd73b6.json.gz,,
skogsstyrelsen.harvest.notified,https://geodpags.skogsstyrelsen.se/arcgis/rest/services/Geodataportal/GeodataportalVisaAvverkningsanmalan/MapServer/0/query?where=Lannr%3D%2706%27+AND+ArendeAr%3D2021&outFields=Beteckn%2CLannr%2CKommunnr%2CArendeAr%2CInkomdatum%2CAnmaldHa%2CAvvHa%2CAvvSasong%2CAvverktyp&returnGeometry=false&orderByFields=Beteckn&f=json,2026-10-06T02:36:50Z,200,application/json,54938,db5389b91152517fd6161f18b46f1767300af9fbf8220991aef3d1e7c47e6d07,"""f9615a0d""",,changed,raw/skogsstyrelsen.harvest.notified/2026/10/20261006T023650Z-db5389b91152.json.gz,,
skogsstyrelsen.harvest.notified,https://geodpags.skogsstyrelsen.se/arcgis/rest/services/Geodataportal/GeodataportalVisaAvverkningsanmalan/MapServer/0/query?where=Lannr%3D%2719%27+AND+ArendeAr%3D2022&outFields=Beteckn%2CLannr%2CKommunnr%2CArendeAr%2CInkomdatum%2CAnmaldHa%2CAvvHa%2CAvvSasong%2CAvverktyp&returnGeometry=false&orderByFields=Beteckn&f=json,2026-10-06T02:36:52Z,200,application/json,87493,21e35467faca0bc1b6d561f5d0a8e6824f6c95f04af01e08727c25f83edd8153,"""4aba56e9""",,changed,raw/skogsstyrelsen.harvest.notified/2026/10/20261006T023652Z-21e35467faca.json.gz,,
skogsstyrelsen.harvest.notified,https://geodpags.skogsstyrelsen.se/arcgis/rest/services/Geodataportal/GeodataportalVisaAvverkningsanmalan/MapServer/0/query?where=Lannr%3D%2723%27+AND+ArendeAr%3D2021&outFields=Beteckn%2CLannr%2CKommunnr%2CArendeAr%2CInkomdatum%2CAnmaldHa%2CAvvHa%2CAvvSasong%2CAvverktyp&returnGeometry=false&orderByFields=Beteckn&f=json,2026-10-06T02:36:55Z,200,application/json,63383,2f4e604eb188225555040d7240902cd73aa3b93da4eebdc180d3cd48403e58be,"""a4908226""",,changed,raw/skogsstyrelsen.harvest.notified/2026/10/20261006T023655Z-2f4e604eb188.json.gz,,
skogsstyrelsen.harvest.notified,https://geodpags.skogsstyrelsen.se/arcgis/rest/services/Geodataportal/GeodataportalVisaAvverkningsanmalan/MapServer/0/query?where=Lannr%3D%2720%27+AND+ArendeAr%3D2021&outFields=Beteckn%2CLannr%2CKommunnr%2CArendeAr%2CInkomdatum%2CAnmaldHa%2CAvvHa%2CAvvSasong%2CAvverktyp&returnGeometry=false&orderByFields=Beteckn&f=json,2026-10-06T02:36:57Z,200,application/json,55541,97d840fe561d9afe074ecba09009de9b934082255e7ee8c03d19a2d3207a5523,"""5b1364da""",,changed,raw/skogsstyrelsen.harvest.notified/2026/10/20261006T023657Z-97d840fe561d.json.gz,,
skogsstyrelsen.harvest.notified,https://geodpags.skogsstyrelsen.se/arcgis/rest/services/Geodataportal/GeodataportalVisaAvverkningsanmalan/MapServer/0/query?where=Lannr%3D%2710%27+AND+ArendeAr%3D2024&outFields=Beteckn%2CLannr%2CKommunnr%2CArendeAr%2CInkomdatum%2CAnmaldHa%2CAvvHa%2CAvvSasong%2CAvverktyp&returnGeometry=false&orderByFields=Beteckn&f=json,2026-10-06T02:37:00Z,200,application/json,81811,844f6caab92cc3af2b1197cba14b4339d09392661c1b04354c8f3fd928456737,"""74ff421c""",,changed,raw/skogsstyrelsen.harvest.notified/2026/10/20261006T023700Z-844f6caab92c.json.gz,,
skogsstyrelsen.harvest.notified,https://geodpags.skogsstyrelsen.se/arcgis/rest/services/Geodataportal/GeodataportalVisaAvverkningsanmalan/MapServer/0/query?where=Lannr%3D%2724%27+AND+ArendeAr%3D2021&outFields=Beteckn%2CLannr%2CKommunnr%2CArendeAr%2CInkomdatum%2CAnmaldHa%2CAvvHa%2CAvvSasong%2CAvverktyp&returnGeometry=false&orderByFields=Beteckn&f=json,2026-10-06T02:37:02Z,200,application/json,58827,6518038aaf837dc31280fd22c184bb4e7233dc1d896d6d3cc46da6baddf05802,"""8bc8e7ca""",,changed,raw/skogsstyrelsen.harvest.notified/2026/10/20261006T023702Z-6518038aaf83.json.gz,,
skogsstyrelsen.harvest.notified,https://geodpags.skogsstyrelsen.se/arcgis/rest/services/Geodataportal/GeodataportalVisaAvverkningsanmalan/MapServer/0/query?where=Lannr%3D%2701%27+AND+ArendeAr%3D2025&outFields=Beteckn%2CLannr%2CKommunnr%2CArendeAr%2CInkomdatum%2CAnmaldHa%2CAvvHa%2CAvvSasong%2CAvverktyp&returnGeometry=false&orderByFields=Beteckn&f=json,2026-10-06T02:37:05Z,200,application/json,79161,a873cded858c859b10a0ffb594c3a29c905b9b3e25976b65248e8f19333facb7,"""2bb630e9""",,changed,raw/skogsstyrelsen.harvest.notified/2026/10/20261006T023705Z-a873cded858c.json.gz,,
skogsstyrelsen.harvest.notified,https://geodpags.skogsstyrelsen.se/arcgis/rest/services/Geodataportal/GeodataportalVisaAvverkningsanmalan/MapServer/0/query?where=Lannr%3D%2705%27+AND+ArendeAr%3D2021&outFields=Beteckn%2CLannr%2CKommunnr%2CArendeAr%2CInkomdatum%2CAnmaldHa%2CAvvHa%2CAvvSasong%2CAvverktyp&returnGeometry=false&orderByFields=Beteckn&f=json,2026-10-06T02:37:07Z,200,application/json,51536,0542ea937a4ddcaa204f565428e68fd4b021229bc4f4820720cd03b16d6e1bca,"""2f1f614""",,changed,raw/skogsstyrelsen.harvest.notified/2026/10/20261006T023707Z-0542ea937a4d.json.gz,,
skogsstyrelsen.harvest.notified,https://geodpags.skogsstyrelsen.se/arcgis/rest/services/Geodataportal/GeodataportalVisaAvverkningsanmalan/MapServer/0/query?where=Lannr%3D%2719%27+AND+ArendeAr%3D2024&outFields=Beteckn%2CLannr%2CKommunnr%2CArendeAr%2CInkomdatum%2CAnmaldHa%2CAvvHa%2CAvvSasong%2CAvverktyp&returnGeometry=false&orderByFields=Beteckn&f=json,2026-10-06T02:37:10Z,200,application/json,80403,847bb05a3bb26dc57cf3b9f5ac93a04382513f37ce24fbe1fea23fe2e25c10c7,"""8999e101""",,changed,raw/skogsstyrelsen.harvest.notified/2026/10/20261006T023710Z-847bb05a3bb2.json.gz,,
skogsstyrelsen.harvest.notified,https://geodpags.skogsstyrelsen.se/arcgis/rest/services/Geodataportal/GeodataportalVisaAvverkningsanmalan/MapServer/0/query?where=Lannr%3D%2707%27+AND+ArendeAr%3D2021&outFields=Beteckn%2CLannr%2CKommunnr%2CArendeAr%2CInkomdatum%2CAnmaldHa%2CAvvHa%2CAvvSasong%2CAvverktyp&returnGeometry=false&orderByFields=Beteckn&f=json,2026-10-06T02:37:12Z,200,application/json,50152,9b64e20e1bc3d3bbc88811ad438c0e54b8ee900d32edb4789753cd52c2708415,"""18908818""",,changed,raw/skogsstyrelsen.harvest.notified/2026/10/20261006T023712Z-9b64e20e1bc3.json.gz,,
skogsstyrelsen.harvest.notified,https://geodpags.skogsstyrelsen.se/arcgis/rest/services/Geodataportal/GeodataportalVisaAvverkningsanmalan/MapServer/0/query?where=Lannr%3D%2701%27+AND+ArendeAr%3D2026&outFields=Beteckn%2CLannr%2CKommunnr%2CArendeAr%2CInkomdatum%2CAnmaldHa%2CAvvHa%2CAvvSasong%2CAvverktyp&returnGeometry=false&orderByFields=Beteckn&f=json,2026-10-06T02:37:15Z,200,application/json,81433,2ef795ff0519bafab749932fd72bece042503d50c16beb74f3cc1864aa494deb,"""fd175fc1""",,changed,raw/skogsstyrelsen.harvest.notified/2026/10/20261006T023715Z-2ef795ff0519.json.gz,,
skogsstyrelsen.harvest.notified,https://geodpags.skogsstyrelsen.se/arcgis/rest/services/Geodataportal/GeodataportalVisaAvverkningsanmalan/MapServer/0/query?where=Lannr%3D%2710%27+AND+ArendeAr%3D2022&outFields=Beteckn%2CLannr%2CKommunnr%2CArendeAr%2CInkomdatum%2CAnmaldHa%2CAvvHa%2CAvvSasong%2CAvverktyp&returnGeometry=false&orderByFields=Beteckn&f=json,2026-10-06T02:37:17Z,200,application/json,72135,1f32ee0dd63ea68405f444bf700c254759134a8a43feb03ab1450722cdce467b,"""248ea9f5""",,changed,raw/skogsstyrelsen.harvest.notified/2026/10/20261006T023717Z-1f32ee0dd63e.json.gz,,
skogsstyrelsen.harvest.notified,https://geodpags.skogsstyrelsen.se/arcgis/rest/services/Geodataportal/GeodataportalVisaAvverkningsanmalan/MapServer/0/query?where=Lannr%3D%2704%27+AND+ArendeAr%3D2021&outFields=Beteckn%2CLannr%2CKommunnr%2CArendeAr%2CInkomdatum%2CAnmaldHa%2CAvvHa%2CAvvSasong%2CAvverktyp&returnGeometry=false&orderByFields=Beteckn&f=json,2026-10-06T02:37:20Z,200,application/json,48359,63c5d4733ce217cb41ea848d3906cf496133b6fd1634bcfb928c94abf4acd505,"""d7512b37""",,changed,raw/skogsstyrelsen.harvest.notified/2026/10/20261006T023720Z-63c5d4733ce2.json.gz,,
skogsstyrelsen.harvest.notified,https://geodpags.skogsstyrelsen.se/arcgis/rest/services/Geodataportal/GeodataportalVisaAvverkningsanmalan/MapServer/0/query?where=Lannr%3D%2710%27+AND+ArendeAr%3D2026&outFields=Beteckn%2CLannr%2CKommunnr%2CArendeAr%2CInkomdatum%2CAnmaldHa%2CAvvHa%2CAvvSasong%2CAvverktyp&returnGeometry=false&orderByFields=Beteckn&f=json,2026-10-06T02:37:22Z,200,application/json,78037,0877fdd50572e3b179d6789af18f89602be9849a98356dfbd8887385599e505c,"""4ba8791f""",,changed,raw/skogsstyrelsen.harvest.notified/2026/10/20261006T023722Z-0877fdd50572.json.gz,,
skogsstyrelsen.harvest.notified,https://geodpags.skogsstyrelsen.se/arcgis/rest/services/Geodataportal/GeodataportalVisaAvverkningsanmalan/MapServer/0/query?where=Lannr%3D%2725%27+AND+ArendeAr%3D2021&outFields=Beteckn%2CLannr%2CKommunnr%2CArendeAr%2CInkomdatum%2CAnmaldHa%2CAvvHa%2CAvvSasong%2CAvverktyp&returnGeometry=false&orderByFields=Beteckn&f=json,2026-10-06T02:37:25Z,200,application/json,47298,0edaa4d1eadc903a6a264cd9d6f01f5d673cb60c11dfe0aa67b042533e90c467,"""f24f392e""",,changed,raw/skogsstyrelsen.harvest.notified/2026/10/20261006T023725Z-0edaa4d1eadc.json.gz,,
skogsstyrelsen.harvest.notified,https://geodpags.skogsstyrelsen.se/arcgis/rest/services/Geodataportal/GeodataportalVisaAvverkningsanmalan/MapServer/0/query?where=Lannr%3D%2721%27+AND+ArendeAr%3D2021&outFields=Beteckn%2CLannr%2CKommunnr%2CArendeAr%2CInkomdatum%2CAnmaldHa%2CAvvHa%2CAvvSasong%2CAvverktyp&returnGeometry=false&orderByFields=Beteckn&f=json,2026-10-06T02:37:27Z,200,application/json,45665,cae384b88e8664ac49df72201c8a869c3bdf3b92fe12202b74356a0e36318475,"""14bfe601""",,changed,raw/skogsstyrelsen.harvest.notified/2026/10/20261006T023727Z-cae384b88e86.json.gz,,
skogsstyrelsen.harvest.notified,https://geodpags.skogsstyrelsen.se/arcgis/rest/services/Geodataportal/GeodataportalVisaAvverkningsanmalan/MapServer/0/query?where=Lannr%3D%2701%27+AND+ArendeAr%3D2024&outFields=Beteckn%2CLannr%2CKommunnr%2CArendeAr%2CInkomdatum%2CAnmaldHa%2CAvvHa%2CAvvSasong%2CAvverktyp&returnGeometry=false&orderByFields=Beteckn&f=json,2026-10-06T02:37:30Z,200,application/json,63736,e55f31ebeb1ab374066c20bb1b474b1ad2440f39fe566d534b97344c2683bf8f,"""b555c2ea""",,changed,raw/skogsstyrelsen.harvest.notified/2026/10/20261006T023730Z-e55f31ebeb1a.json.gz,,
skogsstyrelsen.harvest.notified,https://geodpags.skogsstyrelsen.se/arcgis/rest/services/Geodataportal/GeodataportalVisaAvverkningsanmalan/MapServer/0/query?where=Lannr%3D%2718%27+AND+ArendeAr%3D2021&outFields=Beteckn%2CLannr%2CKommunnr%2CArendeAr%2CInkomdatum%2CAnmaldHa%2CAvvHa%2CAvvSasong%2CAvverktyp&returnGeometry=false&orderByFields=Beteckn&f=json,2026-10-06T02:37:32Z,200,application/json,42822,ac8f9210c194ec5ea861adc4a55979a42012e69aa046ab123665b24368ab54bd,"""6ab3ec82""",,changed,raw/skogsstyrelsen.harvest.notified/2026/10/20261006T023732Z-ac8f9210c194.json.gz,,
skogsstyrelsen.harvest.notified,https://geodpags.skogsstyrelsen.se/arcgis/rest/services/Geodataportal/GeodataportalVisaAvverkningsanmalan/MapServer/0/query?where=Lannr%3D%2712%27+AND+ArendeAr%3D2021&outFields=Beteckn%2CLannr%2CKommunnr%2CArendeAr%2CInkomdatum%2CAnmaldHa%2CAvvHa%2CAvvSasong%2CAvverktyp&returnGeometry=false&orderByFields=Beteckn&f=json,2026-10-06T02:37:35Z,200,application/json,34128,bafe862d43d94a58d9ecc3562839f49194c5bf5e708454cb1991138c2cdd2f65,"""e1941174""",,changed,raw/skogsstyrelsen.harvest.notified/2026/10/20261006T023735Z-bafe862d43d9.json.gz,,
skogsstyrelsen.harvest.notified,https://geodpags.skogsstyrelsen.se/arcgis/rest/services/Geodataportal/GeodataportalVisaAvverkningsanmalan/MapServer/0/query?where=Lannr%3D%2703%27+AND+ArendeAr%3D2021&outFields=Beteckn%2CLannr%2CKommunnr%2CArendeAr%2CInkomdatum%2CAnmaldHa%2CAvvHa%2CAvvSasong%2CAvverktyp&returnGeometry=false&orderByFields=Beteckn&f=json,2026-10-06T02:37:37Z,200,application/json,39423,3b53cf5051b2ad1b395245d7893230e1f3515c338ccdc3df1bf53c12c0d08ba2,"""f1af00d""",,changed,raw/skogsstyrelsen.harvest.notified/2026/10/20261006T023737Z-3b53cf5051b2.json.gz,,
skogsstyrelsen.harvest.notified,https://geodpags.skogsstyrelsen.se/arcgis/rest/services/Geodataportal/GeodataportalVisaAvverkningsanmalan/MapServer/0/query?where=Lannr%3D%2713%27+AND+ArendeAr%3D2021&outFields=Beteckn%2CLannr%2CKommunnr%2CArendeAr%2CInkomdatum%2CAnmaldHa%2CAvvHa%2CAvvSasong%2CAvverktyp&returnGeometry=false&orderByFields=Beteckn&f=json,2026-10-06T02:37:41Z,200,application/json,26286,0045e52697e7e303413ba7c03db6552744f724a8a2f6f9274ffbe19d1c1ce12a,"""c8fb403""",,changed,raw/skogsstyrelsen.harvest.notified/2026/10/20261006T023741Z-0045e52697e7.json.gz,,
skogsstyrelsen.harvest.notified,https://geodpags.skogsstyrelsen.se/arcgis/rest/services/Geodataportal/GeodataportalVisaAvverkningsanmalan/MapServer/0/query?where=Lannr%3D%2719%27+AND+ArendeAr%3D2021&outFields=Beteckn%2CLannr%2CKommunnr%2CArendeAr%2CInkomdatum%2CAnmaldHa%2CAvvHa%2CAvvSasong%2CAvverktyp&returnGeometry=false&orderByFields=Beteckn&f=json,2026-10-06T02:37:43Z,200,application/json,31455,3c4f9613512005781ddf96a042de5608ea540a393772fdaa8ec9b7f7ff340fba,"""305df7b5""",,changed,raw/skogsstyrelsen.harvest.notified/2026/10/20261006T023743Z-3c4f96135120.json.gz,,
skogsstyrelsen.harvest.notified,https://geodpags.skogsstyrelsen.se/arcgis/rest/services/Geodataportal/GeodataportalVisaAvverkningsanmalan/MapServer/0/query?where=Lannr%3D%2701%27+AND+ArendeAr%3D2021&outFields=Beteckn%2CLannr%2CKommunnr%2CArendeAr%2CInkomdatum%2CAnmaldHa%2CAvvHa%2CAvvSasong%2CAvverktyp&returnGeometry=false&orderByFields=Beteckn&f=json,2026-10-06T02:37:46Z,200,application/json,23254,e365d8ed9766cb7f1cab4e7412641f72b1930fbaac1269e874cdc1f449916808,"""8886246d""",,changed,raw/skogsstyrelsen.harvest.notified/2026/10/20261006T023746Z-e365d8ed9766.json.gz,,
skogsstyrelsen.harvest.notified,https://geodpags.skogsstyrelsen.se/arcgis/rest/services/Geodataportal/GeodataportalVisaAvverkningsanmalan/MapServer/0/query?where=Lannr%3D%2710%27+AND+ArendeAr%3D2021&outFields=Beteckn%2CLannr%2CKommunnr%2CArendeAr%2CInkomdatum%2CAnmaldHa%2CAvvHa%2CAvvSasong%2CAvverktyp&returnGeometry=false&orderByFields=Beteckn&f=json,2026-10-06T02:37:48Z,200,application/json,19206,fce4aba5e2b727b57afb446240e149bedd3d165fe1241d125288e234ec097a59,"""27aa8ab9""",,changed,raw/skogsstyrelsen.harvest.notified/2026/10/20261006T023748Z-fce4aba5e2b7.json.gz,,
skogsstyrelsen.harvest.notified,https://geodpags.skogsstyrelsen.se/arcgis/rest/services/Geodataportal/GeodataportalVisaAvverkningsanmalan/MapServer/0/query?where=Lannr%3D%2709%27+AND+ArendeAr%3D2023&outFields=Beteckn%2CLannr%2CKommunnr%2CArendeAr%2CInkomdatum%2CAnmaldHa%2CAvvHa%2CAvvSasong%2CAvverktyp&returnGeometry=false&orderByFields=Beteckn&f=json,2026-10-06T02:37:51Z,200,application/json,26839,ec1d2f0bf5988d2f680e51dec46175f85fa18aad5c1b940bd3dea34b4511bf30,"""cdca513""",,changed,raw/skogsstyrelsen.harvest.notified/2026/10/20261006T023751Z-ec1d2f0bf598.json.gz,,
skogsstyrelsen.harvest.notified,https://geodpags.skogsstyrelsen.se/arcgis/rest/services/Geodataportal/GeodataportalVisaAvverkningsanmalan/MapServer/0/query?where=Lannr%3D%2709%27+AND+ArendeAr%3D2024&outFields=Beteckn%2CLannr%2CKommunnr%2CArendeAr%2CInkomdatum%2CAnmaldHa%2CAvvHa%2CAvvSasong%2CAvverktyp&returnGeometry=false&orderByFields=Beteckn&f=json,2026-10-06T02:37:53Z,200,application/json,23771,ffacd6227acc3e2ad539234baa9f95a54304e7fbdbbbcc21d1d1830544fbdf2c,"""b322f81a""",,changed,raw/skogsstyrelsen.harvest.notified/2026/10/20261006T023753Z-ffacd6227acc.json.gz,,
skogsstyrelsen.harvest.notified,https://geodpags.skogsstyrelsen.se/arcgis/rest/services/Geodataportal/GeodataportalVisaAvverkningsanmalan/MapServer/0/query?where=Lannr%3D%2709%27+AND+ArendeAr%3D2025&outFields=Beteckn%2CLannr%2CKommunnr%2CArendeAr%2CInkomdatum%2CAnmaldHa%2CAvvHa%2CAvvSasong%2CAvverktyp&returnGeometry=false&orderByFields=Beteckn&f=json,2026-10-06T02:37:56Z,200,application/json,22277,434bfe32de73365bcbaa461635bb96323e885a11ffb15ba369e2692677c8420a,"""5b77a2b9""",,changed,raw/skogsstyrelsen.harvest.notified/2026/10/20261006T023756Z-434bfe32de73.json.gz,,
skogsstyrelsen.harvest.notified,https://geodpags.skogsstyrelsen.se/arcgis/rest/services/Geodataportal/GeodataportalVisaAvverkningsanmalan/MapServer/0/query?where=Lannr%3D%2709%27+AND+ArendeAr%3D2026&outFields=Beteckn%2CLannr%2CKommunnr%2CArendeAr%2CInkomdatum%2CAnmaldHa%2CAvvHa%2CAvvSasong%2CAvverktyp&returnGeometry=false&orderByFields=Beteckn&f=json,2026-10-06T02:37:58Z,200,application/json,16529,ccd7e0c849ff0202a9aa00473db850aaa74e9d1134b2c0cd27b86c77ae3e3788,"""aae7d7d7""",,changed,raw/skogsstyrelsen.harvest.notified/2026/10/20261006T023758Z-ccd7e0c849ff.json.gz,,
skogsstyrelsen.harvest.notified,https://geodpags.skogsstyrelsen.se/arcgis/rest/services/Geodataportal/GeodataportalVisaAvverkningsanmalan/MapServer/0/query?where=Lannr%3D%2709%27+AND+ArendeAr%3D2022&outFields=Beteckn%2CLannr%2CKommunnr%2CArendeAr%2CInkomdatum%2CAnmaldHa%2CAvvHa%2CAvvSasong%2CAvverktyp&returnGeometry=false&orderByFields=Beteckn&f=json,2026-10-06T02:38:01Z,304,application/json,14293,9a087e0bfebbbf680ab29453502d3ce75133cd073b33a87431c6fb07f0cc24c1,"""e8c09a32""",,unchanged,raw/skogsstyrelsen.harvest.notified/2026/09/20260906T002125Z-9a087e0bfebb.json,not_modified,
skogsstyrelsen.harvest.notified,https://geodpags.skogsstyrelsen.se/arcgis/rest/services/Geodataportal/GeodataportalVisaAvverkningsanmalan/MapServer/0/query?where=Lannr%3D%2709%27+AND+ArendeAr%3D2021&outFields=Beteckn%2CLannr%2CKommunnr%2CArendeAr%2CInkomdatum%2CAnmaldHa%2CAvvHa%2CAvvSasong%2CAvverktyp&returnGeometry=false&orderByFields=Beteckn&f=json,2026-10-06T02:38:03Z,200,application/json,4718,55e063a09a847ddcf26aaed8daf0f05e7bfd34ed25fa6635cbdf2de173b3a28e,"""2289b23c""",,changed,raw/skogsstyrelsen.harvest.notified/2026/10/20261006T023803Z-55e063a09a84.json.gz,,
