source_id,url,fetched_at,http_status,content_type,content_length,content_sha256,etag,last_modified,outcome,raw_ref,reason,warnings
skogsstyrelsen.harvest.notified,https://geodpags.skogsstyrelsen.se/arcgis/rest/services/Geodataportal/GeodataportalVisaAvverkningsanmalan/MapServer/0/query?where=Lannr%3D%2721%27+AND+ArendeAr%3D2026+AND+Inkomdatum+%3C+DATE+%272026-03-01%27&outFields=Beteckn%2CLannr%2CKommunnr%2CArendeAr%2CInkomdatum%2CAnmaldHa%2CAvvHa%2CAvvSasong%2CAvverktyp&returnGeometry=false&orderByFields=Beteckn&f=json,2026-09-04T14:04:42Z,200,application/json,336123,b101e3ea9cbde9561098a762d7daa795d0aaebabf3251f266014d1a93d3626bb,"""777079ec""",,first_capture,raw/skogsstyrelsen.harvest.notified/2026/09/20260904T140442Z-b101e3ea9cbd.json,,
skogsstyrelsen.harvest.notified,https://geodpags.skogsstyrelsen.se/arcgis/rest/services/Geodataportal/GeodataportalVisaAvverkningsanmalan/MapServer/0/query?where=Lannr%3D%2721%27+AND+ArendeAr%3D2026+AND+Inkomdatum+%3E%3D+DATE+%272026-03-01%27+AND+Inkomdatum+%3C+DATE+%272026-05-01%27&outFields=Beteckn%2CLannr%2CKommunnr%2CArendeAr%2CInkomdatum%2CAnmaldHa%2CAvvHa%2CAvvSasong%2CAvverktyp&returnGeometry=false&orderByFields=Beteckn&f=json,2026-09-04T14:04:46Z,200,application/json,301194,d9d12517ff0516478ff36a730b1b9d4310cbbc88dff909d851fd8fd2e65b857f,"""144d6f5""",,first_capture,raw/skogsstyrelsen.harvest.notified/2026/09/20260904T140446Z-d9d12517ff05.json,,
skogsstyrelsen.harvest.notified,https://geodpags.skogsstyrelsen.se/arcgis/rest/services/Geodataportal/GeodataportalVisaAvverkningsanmalan/MapServer/0/query?where=Lannr%3D%2721%27+AND+ArendeAr%3D2026+AND+Inkomdatum+%3E%3D+DATE+%272026-05-01%27+AND+Inkomdatum+%3C+DATE+%272026-07-01%27&outFields=Beteckn%2CLannr%2CKommunnr%2CArendeAr%2CInkomdatum%2CAnmaldHa%2CAvvHa%2CAvvSasong%2CAvverktyp&returnGeometry=false&orderByFields=Beteckn&f=json,2026-09-04T14:04:50Z,200,application/json,190151,e7efb2ade51b38284b327529a5417ede06b843b42e8f5ddd912ba27447a25fbc,"""cbe9d0a3""",,first_capture,raw/skogsstyrelsen.harvest.notified/2026/09/20260904T140450Z-e7efb2ade51b.json,,
skogsstyrelsen.harvest.notified,https://geodpags.skogsstyrelsen.se/arcgis/rest/services/Geodataportal/GeodataportalVisaAvverkningsanmalan/MapServer/0/query?where=Lannr%3D%2721%27+AND+ArendeAr%3D2026+AND+Inkomdatum+%3E%3D+DATE+%272026-07-01%27+AND+Inkomdatum+%3C+DATE+%272026-09-01%27&outFields=Beteckn%2CLannr%2CKommunnr%2CArendeAr%2CInkomdatum%2CAnmaldHa%2CAvvHa%2CAvvSasong%2CAvverktyp&returnGeometry=false&orderByFields=Beteckn&f=json,2026-09-04T14:04:53Z,200,application/json,113242,db7bd71f21c7caed289eb839bfb80557e69361e8e128fbaaa3a57172e85f5904,"""e0f51661""",,first_capture,raw/skogsstyrelsen.harvest.notified/2026/09/20260904T140453Z-db7bd71f21c7.json,,
skogsstyrelsen.harvest.notified,https://geodpags.skogsstyrelsen.se/arcgis/rest/services/Geodataportal/GeodataportalVisaAvverkningsanmalan/MapServer/0/query?where=Lannr%3D%2721%27+AND+ArendeAr%3D2026+AND+Inkomdatum+%3E%3D+DATE+%272026-09-01%27+AND+Inkomdatum+%3C+DATE+%272026-11-01%27&outFields=Beteckn%2CLannr%2CKommunnr%2CArendeAr%2CInkomdatum%2CAnmaldHa%2CAvvHa%2CAvvSasong%2CAvverktyp&returnGeometry=false&orderByFields=Beteckn&f=json,2026-09-04T14:04:55Z,200,application/json,13555,3b26607d15e908e1aad4a8617ffd42d12d43343776e159a6509a547ab02c4a46,"""5ac393c6""",,first_capture,raw/skogsstyrelsen.harvest.notified/2026/09/20260904T140455Z-3b26607d15e9.json,,
skogsstyrelsen.harvest.notified,https://geodpags.skogsstyrelsen.se/arcgis/rest/services/Geodataportal/GeodataportalVisaAvverkningsanmalan/MapServer/0/query?where=Lannr%3D%2721%27+AND+ArendeAr%3D2026+AND+Inkomdatum+%3E%3D+DATE+%272026-11-01%27&outFields=Beteckn%2CLannr%2CKommunnr%2CArendeAr%2CInkomdatum%2CAnmaldHa%2CAvvHa%2CAvvSasong%2CAvverktyp&returnGeometry=false&orderByFields=Beteckn&f=json,2026-09-04T14:04:58Z,200,application/json,936,3d0f45d783ae7060dc59f31a43ab33b33371bcebb992b2ffbe734fab5b0bd1b8,"""e2d6243""",,first_capture,raw/skogsstyrelsen.harvest.notified/2026/09/20260904T140458Z-3d0f45d783ae.json,,
skogsstyrelsen.harvest.notified,https://geodpags.skogsstyrelsen.se/arcgis/rest/services/Geodataportal/GeodataportalVisaAvverkningsanmalan/MapServer/0/query?where=Lannr%3D%2714%27+AND+ArendeAr%3D2025+AND+Inkomdatum+%3C+DATE+%272025-03-01%27&outFields=Beteckn%2CLannr%2CKommunnr%2CArendeAr%2CInkomdatum%2CAnmaldHa%2CAvvHa%2CAvvSasong%2CAvverktyp&returnGeometry=false&orderByFields=Beteckn&f=json,2026-09-04T14:05:01Z,200,application/json,87070,805b0ec883d5a1eede3cb9663d756d9f9e1dd0de2a285bd4c36e95cc49751d16,"""95f1ce6f""",,first_capture,raw/skogsstyrelsen.harvest.notified/2026/09/20260904T140501Z-805b0ec883d5.json,,
skogsstyrelsen.harvest.notified,https://geodpags.skogsstyrelsen.se/arcgis/rest/services/Geodataportal/GeodataportalVisaAvverkningsanmalan/MapServer/0/query?where=Lannr%3D%2714%27+AND+ArendeAr%3D2025+AND+Inkomdatum+%3E%3D+DATE+%272025-03-01%27+AND+Inkomdatum+%3C+DATE+%272025-05-01%27&outFields=Beteckn%2CLannr%2CKommunnr%2CArendeAr%2CInkomdatum%2CAnmaldHa%2CAvvHa%2CAvvSasong%2CAvverktyp&returnGeometry=false&orderByFields=Beteckn&f=json,2026-09-04T14:05:04Z,200,application/json,118697,ae8c384a557d3f12b64feb1c2251f3e20ebe11acdad71c34a8b8e38f85ef64f8,"""3fbb9aac""",,first_capture,raw/skogsstyrelsen.harvest.notified/2026/09/20260904T140504Z-ae8c384a557d.json,,
skogsstyrelsen.harvest.notified,https://geodpags.skogsstyrelsen.se/arcgis/rest/services/Geodataportal/GeodataportalVisaAvverkningsanmalan/MapServer/0/query?where=Lannr%3D%2714%27+AND+ArendeAr%3D2025+AND+Inkomdatum+%3E%3D+DATE+%272025-05-01%27+AND+Inkomdatum+%3C+DATE+%272025-07-01%27&outFields=Beteckn%2CLannr%2CKommunnr%2CArendeAr%2CInkomdatum%2CAnmaldHa%2CAvvHa%2CAvvSasong%2CAvverktyp&returnGeometry=false&orderByFields=Beteckn&f=json,2026-09-04T14:05:07Z,200,application/json,117612,9708235d4bdb839efe7fb1496e0ffa9be71c192320293706ede7efd87d3b6112,"""cb44d6d8""",,first_capture,raw/skogsstyrelsen.harvest.notified/2026/09/20260904T140507Z-9708235d4bdb.json,,
skogsstyrelsen.harvest.notified,https://geodpags.skogsstyrelsen.se/arcgis/rest/services/Geodataportal/GeodataportalVisaAvverkningsanmalan/MapServer/0/query?where=Lannr%3D%2714%27+AND+ArendeAr%3D2025+AND+Inkomdatum+%3E%3D+DATE+%272025-07-01%27+AND+Inkomdatum+%3C+DATE+%272025-09-01%27&outFields=Beteckn%2CLannr%2CKommunnr%2CArendeAr%2CInkomdatum%2CAnmaldHa%2CAvvHa%2CAvvSasong%2CAvverktyp&returnGeometry=false&orderByFields=Beteckn&f=json,2026-09-04T14:05:09Z,200,application/json,82617,bc9f1d178e57431a36b0d2fe5f4d757428be8b5bf23cdd25529be50e219096b7,"""a548ca68""",,first_capture,raw/skogsstyrelsen.harvest.notified/2026/09/20260904T140509Z-bc9f1d178e57.json,,
skogsstyrelsen.harvest.notified,https://geodpags.skogsstyrelsen.se/arcgis/rest/services/Geodataportal/GeodataportalVisaAvverkningsanmalan/MapServer/0/query?where=Lannr%3D%2714%27+AND+ArendeAr%3D2025+AND+Inkomdatum+%3E%3D+DATE+%272025-09-01%27+AND+Inkomdatum+%3C+DATE+%272025-11-01%27&outFields=Beteckn%2CLannr%2CKommunnr%2CArendeAr%2CInkomdatum%2CAnmaldHa%2CAvvHa%2CAvvSasong%2CAvverktyp&returnGeometry=false&orderByFields=Beteckn&f=json,2026-09-04T14:05:12Z,200,application/json,137837,818a7645918d354797228b7a0523df248b0a81a24c817a9bd84eee907ff74094,"""2201779f""",,first_capture,raw/skogsstyrelsen.harvest.notified/2026/09/20260904T140512Z-818a7645918d.json,,
skogsstyrelsen.harvest.notified,https://geodpags.skogsstyrelsen.se/arcgis/rest/services/Geodataportal/GeodataportalVisaAvverkningsanmalan/MapServer/0/query?where=Lannr%3D%2714%27+AND+ArendeAr%3D2025+AND+Inkomdatum+%3E%3D+DATE+%272025-11-01%27&outFields=Beteckn%2CLannr%2CKommunnr%2CArendeAr%2CInkomdatum%2CAnmaldHa%2CAvvHa%2CAvvSasong%2CAvverktyp&returnGeometry=false&orderByFields=Beteckn&f=json,2026-09-04T14:05:15Z,200,application/json,114021,fcd2489fba3314e95e9617937ab1a6358f4d70c47e481d03ed51110b6c23e64a,"""7e7eb40a""",,first_capture,raw/skogsstyrelsen.harvest.notified/2026/09/20260904T140515Z-fcd2489fba33.json,,
skogsstyrelsen.harvest.notified,https://geodpags.skogsstyrelsen.se/arcgis/rest/services/Geodataportal/GeodataportalVisaAvverkningsanmalan/MapServer/0/query?where=Lannr%3D%2724%27+AND+ArendeAr%3D2025+AND+Inkomdatum+%3C+DATE+%272025-03-01%27&outFields=Beteckn%2CLannr%2CKommunnr%2CArendeAr%2CInkomdatum%2CAnmaldHa%2CAvvHa%2CAvvSasong%2CAvverktyp&returnGeometry=false&orderByFields=Beteckn&f=json,2026-09-04T14:05:18Z,200,application/json,55622,47c99e8bfa99483a95e3003eae9519306916c56dfe901821512b07a59af271ac,"""74bb7c77""",,first_capture,raw/skogsstyrelsen.harvest.notified/2026/09/20260904T140518Z-47c99e8bfa99.json,,
skogsstyrelsen.harvest.notified,https://geodpags.skogsstyrelsen.se/arcgis/rest/services/Geodataportal/GeodataportalVisaAvverkningsanmalan/MapServer/0/query?where=Lannr%3D%2724%27+AND+ArendeAr%3D2025+AND+Inkomdatum+%3E%3D+DATE+%272025-03-01%27+AND+Inkomdatum+%3C+DATE+%272025-05-01%27&outFields=Beteckn%2CLannr%2CKommunnr%2CArendeAr%2CInkomdatum%2CAnmaldHa%2CAvvHa%2CAvvSasong%2CAvverktyp&returnGeometry=false&orderByFields=Beteckn&f=json,2026-09-04T14:05:21Z,200,application/json,60712,189d801d05701bb1253fa919567857cabdfe07c5ce6f6926b049e487c955254f,"""9f6ac312""",,first_capture,raw/skogsstyrelsen.harvest.notified/2026/09/20260904T140521Z-189d801d0570.json,,
skogsstyrelsen.harvest.notified,https://geodpags.skogsstyrelsen.se/arcgis/rest/services/Geodataportal/GeodataportalVisaAvverkningsanmalan/MapServer/0/query?where=Lannr%3D%2724%27+AND+ArendeAr%3D2025+AND+Inkomdatum+%3E%3D+DATE+%272025-05-01%27+AND+Inkomdatum+%3C+DATE+%272025-07-01%27&outFields=Beteckn%2CLannr%2CKommunnr%2CArendeAr%2CInkomdatum%2CAnmaldHa%2CAvvHa%2CAvvSasong%2CAvverktyp&returnGeometry=false&orderByFields=Beteckn&f=json,2026-09-04T14:05:24Z,200,application/json,99437,d131823163b500fc4327901b4d713836b23308d50acbbacfad2b4d1ca8e183a3,"""d9f067""",,first_capture,raw/skogsstyrelsen.harvest.notified/2026/09/20260904T140524Z-d131823163b5.json,,
skogsstyrelsen.harvest.notified,https://geodpags.skogsstyrelsen.se/arcgis/rest/services/Geodataportal/GeodataportalVisaAvverkningsanmalan/MapServer/0/query?where=Lannr%3D%2724%27+AND+ArendeAr%3D2025+AND+Inkomdatum+%3E%3D+DATE+%272025-07-01%27+AND+Inkomdatum+%3C+DATE+%272025-09-01%27&outFields=Beteckn%2CLannr%2CKommunnr%2CArendeAr%2CInkomdatum%2CAnmaldHa%2CAvvHa%2CAvvSasong%2CAvverktyp&returnGeometry=false&orderByFields=Beteckn&f=json,2026-09-04T14:05:26Z,200,application/json,101374,154d1fe673b4806900e03f4a8fab97adc25982b52acf6a9b1aae4acd16cb0e69,"""69e4ab74""",,first_capture,raw/skogsstyrelsen.harvest.notified/2026/09/20260904T140526Z-154d1fe673b4.json,,
skogsstyrelsen.harvest.notified,https://geodpags.skogsstyrelsen.se/arcgis/rest/services/Geodataportal/GeodataportalVisaAvverkningsanmalan/MapServer/0/query?where=Lannr%3D%2724%27+AND+ArendeAr%3D2025+AND+Inkomdatum+%3E%3D+DATE+%272025-09-01%27+AND+Inkomdatum+%3C+DATE+%272025-11-01%27&outFields=Beteckn%2CLannr%2CKommunnr%2CArendeAr%2CInkomdatum%2CAnmaldHa%2CAvvHa%2CAvvSasong%2CAvverktyp&returnGeometry=false&orderByFields=Beteckn&f=json,2026-09-04T14:05:29Z,200,application/json,148246,1945b7564e6a32de6c85bb1e5a520d61f068672fca84200f87c65e91c92e1056,"""5e6d08a0""",,first_capture,raw/skogsstyrelsen.harvest.notified/2026/09/20260904T140529Z-1945b7564e6a.json,,
skogsstyrelsen.harvest.notified,https://geodpags.skogsstyrelsen.se/arcgis/rest/services/Geodataportal/GeodataportalVisaAvverkningsanmalan/MapServer/0/query?where=Lannr%3D%2724%27+AND+ArendeAr%3D2025+AND+Inkomdatum+%3E%3D+DATE+%272025-11-01%27&outFields=Beteckn%2CLannr%2CKommunnr%2CArendeAr%2CInkomdatum%2CAnmaldHa%2CAvvHa%2CAvvSasong%2CAvverktyp&returnGeometry=false&orderByFields=Beteckn&f=json,2026-09-04T14:05:34Z,200,application/json,145664,f5d49e2df0cefb7233085cee97bb819eef2a805e7ebc688f18893487d9ce6bf3,"""a5e65fd6""",,first_capture,raw/skogsstyrelsen.harvest.notified/2026/09/20260904T140534Z-f5d49e2df0ce.json,,
skogsstyrelsen.harvest.notified,https://geodpags.skogsstyrelsen.se/arcgis/rest/services/Geodataportal/GeodataportalVisaAvverkningsanmalan/MapServer/0/query?where=Lannr%3D%2720%27+AND+ArendeAr%3D2026+AND+Inkomdatum+%3C+DATE+%272026-03-01%27&outFields=Beteckn%2CLannr%2CKommunnr%2CArendeAr%2CInkomdatum%2CAnmaldHa%2CAvvHa%2CAvvSasong%2CAvverktyp&returnGeometry=false&orderByFields=Beteckn&f=json,2026-09-04T14:05:38Z,200,application/json,189933,c3cbddb54c01fb7989ba028a7826c456940e125a2b6a7d09ef33554322153e7c,"""195e5a30""",,first_capture,raw/skogsstyrelsen.harvest.notified/2026/09/20260904T140538Z-c3cbddb54c01.json,,
skogsstyrelsen.harvest.notified,https://geodpags.skogsstyrelsen.se/arcgis/rest/services/Geodataportal/GeodataportalVisaAvverkningsanmalan/MapServer/0/query?where=Lannr%3D%2720%27+AND+ArendeAr%3D2026+AND+Inkomdatum+%3E%3D+DATE+%272026-03-01%27+AND+Inkomdatum+%3C+DATE+%272026-05-01%27&outFields=Beteckn%2CLannr%2CKommunnr%2CArendeAr%2CInkomdatum%2CAnmaldHa%2CAvvHa%2CAvvSasong%2CAvverktyp&returnGeometry=false&orderByFields=Beteckn&f=json,2026-09-04T14:05:43Z,200,application/json,157413,b9e0c43eb56677ba4fdd09b5a5880a554d1926c61d89837bfdb05bc036c7616e,"""7a9b031e""",,first_capture,raw/skogsstyrelsen.harvest.notified/2026/09/20260904T140543Z-b9e0c43eb566.json,,
skogsstyrelsen.harvest.notified,https://geodpags.skogsstyrelsen.se/arcgis/rest/services/Geodataportal/GeodataportalVisaAvverkningsanmalan/MapServer/0/query?where=Lannr%3D%2720%27+AND+ArendeAr%3D2026+AND+Inkomdatum+%3E%3D+DATE+%272026-05-01%27+AND+Inkomdatum+%3C+DATE+%272026-07-01%27&outFields=Beteckn%2CLannr%2CKommunnr%2CArendeAr%2CInkomdatum%2CAnmaldHa%2CAvvHa%2CAvvSasong%2CAvverktyp&returnGeometry=false&orderByFields=Beteckn&f=json,2026-09-04T14:05:47Z,200,application/json,161574,b8910581afd858f8092f5d5cd054d437a8fdcdb876311051a65d54a9ee7564f9,"""e9f532bd""",,first_capture,raw/skogsstyrelsen.harvest.notified/2026/09/20260904T140547Z-b8910581afd8.json,,
skogsstyrelsen.harvest.notified,https://geodpags.skogsstyrelsen.se/arcgis/rest/services/Geodataportal/GeodataportalVisaAvverkningsanmalan/MapServer/0/query?where=Lannr%3D%2720%27+AND+ArendeAr%3D2026+AND+Inkomdatum+%3E%3D+DATE+%272026-07-01%27+AND+Inkomdatum+%3C+DATE+%272026-09-01%27&outFields=Beteckn%2CLannr%2CKommunnr%2CArendeAr%2CInkomdatum%2CAnmaldHa%2CAvvHa%2CAvvSasong%2CAvverktyp&returnGeometry=false&orderByFields=Beteckn&f=json,2026-09-04T14:05:50Z,200,application/json,88551,24b8b2f1c4a27e00d325952ca8c0e7e9fffba6fcd63433d513cbfcd06f9398ca,"""9aecae29""",,first_capture,raw/skogsstyrelsen.harvest.notified/2026/09/20260904T140550Z-24b8b2f1c4a2.json,,
skogsstyrelsen.harvest.notified,https://geodpags.skogsstyrelsen.se/arcgis/rest/services/Geodataportal/GeodataportalVisaAvverkningsanmalan/MapServer/0/query?where=Lannr%3D%2720%27+AND+ArendeAr%3D2026+AND+Inkomdatum+%3E%3D+DATE+%272026-09-01%27+AND+Inkomdatum+%3C+DATE+%272026-11-01%27&outFields=Beteckn%2CLannr%2CKommunnr%2CArendeAr%2CInkomdatum%2CAnmaldHa%2CAvvHa%2CAvvSasong%2CAvverktyp&returnGeometry=false&orderByFields=Beteckn&f=json,2026-09-04T14:05:53Z,200,application/json,9355,8ddda4815def1085b13e12f30ae39cd77234286e5c55ad079f7a78d5176b4787,"""72846ff6""",,first_capture,raw/skogsstyrelsen.harvest.notified/2026/09/20260904T140553Z-8ddda4815def.json,,
skogsstyrelsen.harvest.notified,https://geodpags.skogsstyrelsen.se/arcgis/rest/services/Geodataportal/GeodataportalVisaAvverkningsanmalan/MapServer/0/query?where=Lannr%3D%2720%27+AND+ArendeAr%3D2026+AND+Inkomdatum+%3E%3D+DATE+%272026-11-01%27&outFields=Beteckn%2CLannr%2CKommunnr%2CArendeAr%2CInkomdatum%2CAnmaldHa%2CAvvHa%2CAvvSasong%2CAvverktyp&returnGeometry=false&orderByFields=Beteckn&f=json,2026-09-04T14:05:57Z,200,application/json,936,3d0f45d783ae7060dc59f31a43ab33b33371bcebb992b2ffbe734fab5b0bd1b8,"""e2d6243""",,first_capture,raw/skogsstyrelsen.harvest.notified/2026/09/20260904T140557Z-3d0f45d783ae.json,,
skogsstyrelsen.harvest.notified,https://geodpags.skogsstyrelsen.se/arcgis/rest/services/Geodataportal/GeodataportalVisaAvverkningsanmalan/MapServer/0/query?where=Lannr%3D%2722%27+AND+ArendeAr%3D2025+AND+Inkomdatum+%3C+DATE+%272025-03-01%27&outFields=Beteckn%2CLannr%2CKommunnr%2CArendeAr%2CInkomdatum%2CAnmaldHa%2CAvvHa%2CAvvSasong%2CAvverktyp&returnGeometry=false&orderByFields=Beteckn&f=json,2026-09-04T14:06:00Z,200,application/json,55273,0ccf330e7684889de48941458f6427858c18249c2093d350ccf87f26579255d3,"""339b794b""",,first_capture,raw/skogsstyrelsen.harvest.notified/2026/09/20260904T140600Z-0ccf330e7684.json,,
skogsstyrelsen.harvest.notified,https://geodpags.skogsstyrelsen.se/arcgis/rest/services/Geodataportal/GeodataportalVisaAvverkningsanmalan/MapServer/0/query?where=Lannr%3D%2722%27+AND+ArendeAr%3D2025+AND+Inkomdatum+%3E%3D+DATE+%272025-03-01%27+AND+Inkomdatum+%3C+DATE+%272025-05-01%27&outFields=Beteckn%2CLannr%2CKommunnr%2CArendeAr%2CInkomdatum%2CAnmaldHa%2CAvvHa%2CAvvSasong%2CAvverktyp&returnGeometry=false&orderByFields=Beteckn&f=json,2026-09-04T14:06:04Z,200,application/json,69858,bb7f5a30fb406dfa739a0c64db08f20c474694efb33f953b766e84ea72ed06ae,"""689ff988""",,first_capture,raw/skogsstyrelsen.harvest.notified/2026/09/20260904T140604Z-bb7f5a30fb40.json,,
skogsstyrelsen.harvest.notified,https://geodpags.skogsstyrelsen.se/arcgis/rest/services/Geodataportal/GeodataportalVisaAvverkningsanmalan/MapServer/0/query?where=Lannr%3D%2722%27+AND+ArendeAr%3D2025+AND+Inkomdatum+%3E%3D+DATE+%272025-05-01%27+AND+Inkomdatum+%3C+DATE+%272025-07-01%27&outFields=Beteckn%2CLannr%2CKommunnr%2CArendeAr%2CInkomdatum%2CAnmaldHa%2CAvvHa%2CAvvSasong%2CAvverktyp&returnGeometry=false&orderByFields=Beteckn&f=json,2026-09-04T14:06:09Z,200,application/json,112930,535211af0d797ff9d55072bb5ec0608c14cfc301717e5df3efda622a7e74f482,"""d1986b29""",,first_capture,raw/skogsstyrelsen.harvest.notified/2026/09/20260904T140609Z-535211af0d79.json,,
skogsstyrelsen.harvest.notified,https://geodpags.skogsstyrelsen.se/arcgis/rest/services/Geodataportal/GeodataportalVisaAvverkningsanmalan/MapServer/0/query?where=Lannr%3D%2722%27+AND+ArendeAr%3D2025+AND+Inkomdatum+%3E%3D+DATE+%272025-07-01%27+AND+Inkomdatum+%3C+DATE+%272025-09-01%27&outFields=Beteckn%2CLannr%2CKommunnr%2CArendeAr%2CInkomdatum%2CAnmaldHa%2CAvvHa%2CAvvSasong%2CAvverktyp&returnGeometry=false&orderByFields=Beteckn&f=json,2026-09-04T14:06:12Z,200,application/json,91612,5645081d616121ee768bd753d4c8730a61403a7e6aff20c6c53f83f3dcec6419,"""aa9f149b""",,first_capture,raw/skogsstyrelsen.harvest.notified/2026/09/20260904T140612Z-5645081d6161.json,,
skogsstyrelsen.harvest.notified,https://geodpags.skogsstyrelsen.se/arcgis/rest/services/Geodataportal/GeodataportalVisaAvverkningsanmalan/MapServer/0/query?where=Lannr%3D%2722%27+AND+ArendeAr%3D2025+AND+Inkomdatum+%3E%3D+DATE+%272025-09-01%27+AND+Inkomdatum+%3C+DATE+%272025-11-01%27&outFields=Beteckn%2CLannr%2CKommunnr%2CArendeAr%2CInkomdatum%2CAnmaldHa%2CAvvHa%2CAvvSasong%2CAvverktyp&returnGeometry=false&orderByFields=Beteckn&f=json,2026-09-04T14:06:15Z,200,application/json,136317,a6a0f0c7c8404fcaeb3453f7cdc9fbcc762ae1b71d011b34cf03adb2e1ba750c,"""3a2dac6a""",,first_capture,raw/skogsstyrelsen.harvest.notified/2026/09/20260904T140615Z-a6a0f0c7c840.json,,
skogsstyrelsen.harvest.notified,https://geodpags.skogsstyrelsen.se/arcgis/rest/services/Geodataportal/GeodataportalVisaAvverkningsanmalan/MapServer/0/query?where=Lannr%3D%2722%27+AND+ArendeAr%3D2025+AND+Inkomdatum+%3E%3D+DATE+%272025-11-01%27&outFields=Beteckn%2CLannr%2CKommunnr%2CArendeAr%2CInkomdatum%2CAnmaldHa%2CAvvHa%2CAvvSasong%2CAvverktyp&returnGeometry=false&orderByFields=Beteckn&f=json,2026-09-04T14:06:19Z,200,application/json,133224,c7196ed437086ca8f740f9166a7defa2509928189d9412938463e6b90fee7604,"""d98f538""",,first_capture,raw/skogsstyrelsen.harvest.notified/2026/09/20260904T140619Z-c7196ed43708.json,,
skogsstyrelsen.harvest.notified,https://geodpags.skogsstyrelsen.se/arcgis/rest/services/Geodataportal/GeodataportalVisaAvverkningsanmalan/MapServer/0/query?where=Lannr%3D%2723%27+AND+ArendeAr%3D2025+AND+Inkomdatum+%3C+DATE+%272025-04-01%27&outFields=Beteckn%2CLannr%2CKommunnr%2CArendeAr%2CInkomdatum%2CAnmaldHa%2CAvvHa%2CAvvSasong%2CAvverktyp&returnGeometry=false&orderByFields=Beteckn&f=json,2026-09-04T14:06:22Z,200,application/json,93455,9b084d3eab012bc6770979141bed839139743c7d17cae06b9d50b256689e5a93,"""932e4f55""",,first_capture,raw/skogsstyrelsen.harvest.notified/2026/09/20260904T140622Z-9b084d3eab01.json,,
skogsstyrelsen.harvest.notified,https://geodpags.skogsstyrelsen.se/arcgis/rest/services/Geodataportal/GeodataportalVisaAvverkningsanmalan/MapServer/0/query?where=Lannr%3D%2723%27+AND+ArendeAr%3D2025+AND+Inkomdatum+%3E%3D+DATE+%272025-04-01%27+AND+Inkomdatum+%3C+DATE+%272025-07-01%27&outFields=Beteckn%2CLannr%2CKommunnr%2CArendeAr%2CInkomdatum%2CAnmaldHa%2CAvvHa%2CAvvSasong%2CAvverktyp&returnGeometry=false&orderByFields=Beteckn&f=json,2026-09-04T14:06:25Z,200,application/json,138584,71e4b53b16f2f20d9a405c51620b172e72d4c430ca2ba1a11b623f1f19342e78,"""4bb503a6""",,first_capture,raw/skogsstyrelsen.harvest.notified/2026/09/20260904T140625Z-71e4b53b16f2.json,,
skogsstyrelsen.harvest.notified,https://geodpags.skogsstyrelsen.se/arcgis/rest/services/Geodataportal/GeodataportalVisaAvverkningsanmalan/MapServer/0/query?where=Lannr%3D%2723%27+AND+ArendeAr%3D2025+AND+Inkomdatum+%3E%3D+DATE+%272025-07-01%27+AND+Inkomdatum+%3C+DATE+%272025-10-01%27&outFields=Beteckn%2CLannr%2CKommunnr%2CArendeAr%2CInkomdatum%2CAnmaldHa%2CAvvHa%2CAvvSasong%2CAvverktyp&returnGeometry=false&orderByFields=Beteckn&f=json,2026-09-04T14:06:29Z,200,application/json,160145,888fc862d4d86c3f8a5c9cd6ea6b7988a38ccccd029d5d580177a9cee333a9a6,"""8414f4cd""",,first_capture,raw/skogsstyrelsen.harvest.notified/2026/09/20260904T140629Z-888fc862d4d8.json,,
skogsstyrelsen.harvest.notified,https://geodpags.skogsstyrelsen.se/arcgis/rest/services/Geodataportal/GeodataportalVisaAvverkningsanmalan/MapServer/0/query?where=Lannr%3D%2723%27+AND+ArendeAr%3D2025+AND+Inkomdatum+%3E%3D+DATE+%272025-10-01%27&outFields=Beteckn%2CLannr%2CKommunnr%2CArendeAr%2CInkomdatum%2CAnmaldHa%2CAvvHa%2CAvvSasong%2CAvverktyp&returnGeometry=false&orderByFields=Beteckn&f=json,2026-09-04T14:06:33Z,200,application/json,194762,a724c5ab52592017854ee24e1ce5bc3dbbc84cd6dcc0c64f6512d32805015f71,"""785a1eba""",,first_capture,raw/skogsstyrelsen.harvest.notified/2026/09/20260904T140633Z-a724c5ab5259.json,,
skogsstyrelsen.harvest.notified,https://geodpags.skogsstyrelsen.se/arcgis/rest/services/Geodataportal/GeodataportalVisaAvverkningsanmalan/MapServer/0/query?where=Lannr%3D%2717%27+AND+ArendeAr%3D2025+AND+Inkomdatum+%3C+DATE+%272025-04-01%27&outFields=Beteckn%2CLannr%2CKommunnr%2CArendeAr%2CInkomdatum%2CAnmaldHa%2CAvvHa%2CAvvSasong%2CAvverktyp&returnGeometry=false&orderByFields=Beteckn&f=json,2026-09-04T14:06:37Z,200,application/json,118294,e1ffc661e3d00c2d1a8201b106860e6c51629f70a8a5f415adcc5e84d7bc1dbb,"""da5ba9ce""",,first_capture,raw/skogsstyrelsen.harvest.notified/2026/09/20260904T140637Z-e1ffc661e3d0.json,,
skogsstyrelsen.harvest.notified,https://geodpags.skogsstyrelsen.se/arcgis/rest/services/Geodataportal/GeodataportalVisaAvverkningsanmalan/MapServer/0/query?where=Lannr%3D%2717%27+AND+ArendeAr%3D2025+AND+Inkomdatum+%3E%3D+DATE+%272025-04-01%27+AND+Inkomdatum+%3C+DATE+%272025-07-01%27&outFields=Beteckn%2CLannr%2CKommunnr%2CArendeAr%2CInkomdatum%2CAnmaldHa%2CAvvHa%2CAvvSasong%2CAvverktyp&returnGeometry=false&orderByFields=Beteckn&f=json,2026-09-04T14:06:40Z,200,application/json,140373,383450b6e18f797f942395fe0385517c924bff110859f927aa44cad3e87fb840,"""abe318d1""",,first_capture,raw/skogsstyrelsen.harvest.notified/2026/09/20260904T140640Z-383450b6e18f.json,,
skogsstyrelsen.harvest.notified,https://geodpags.skogsstyrelsen.se/arcgis/rest/services/Geodataportal/GeodataportalVisaAvverkningsanmalan/MapServer/0/query?where=Lannr%3D%2717%27+AND+ArendeAr%3D2025+AND+Inkomdatum+%3E%3D+DATE+%272025-07-01%27+AND+Inkomdatum+%3C+DATE+%272025-10-01%27&outFields=Beteckn%2CLannr%2CKommunnr%2CArendeAr%2CInkomdatum%2CAnmaldHa%2CAvvHa%2CAvvSasong%2CAvverktyp&returnGeometry=false&orderByFields=Beteckn&f=json,2026-09-04T14:06:43Z,200,application/json,131170,2938e90aea360f3c09a0ecf705bc5ba956f8a9bf51e5785a23e4c52bd7c160a4,"""aea6cd15""",,first_capture,raw/skogsstyrelsen.harvest.notified/2026/09/20260904T140643Z-2938e90aea36.json,,
skogsstyrelsen.harvest.notified,https://geodpags.skogsstyrelsen.se/arcgis/rest/services/Geodataportal/GeodataportalVisaAvverkningsanmalan/MapServer/0/query?where=Lannr%3D%2717%27+AND+ArendeAr%3D2025+AND+Inkomdatum+%3E%3D+DATE+%272025-10-01%27&outFields=Beteckn%2CLannr%2CKommunnr%2CArendeAr%2CInkomdatum%2CAnmaldHa%2CAvvHa%2CAvvSasong%2CAvverktyp&returnGeometry=false&orderByFields=Beteckn&f=json,2026-09-04T14:06:45Z,200,application/json,169331,1f0e89432b0e702253468a05b96bc0a29b7f063073a3cbde38e87508a2f54b2f,"""1e27e8e8""",,first_capture,raw/skogsstyrelsen.harvest.notified/2026/09/20260904T140645Z-1f0e89432b0e.json,,
skogsstyrelsen.harvest.notified,https://geodpags.skogsstyrelsen.se/arcgis/rest/services/Geodataportal/GeodataportalVisaAvverkningsanmalan/MapServer/0/query?where=Lannr%3D%2714%27+AND+ArendeAr%3D2023+AND+Inkomdatum+%3C+DATE+%272023-04-01%27&outFields=Beteckn%2CLannr%2CKommunnr%2CArendeAr%2CInkomdatum%2CAnmaldHa%2CAvvHa%2CAvvSasong%2CAvverktyp&returnGeometry=false&orderByFields=Beteckn&f=json,2026-09-04T14:06:48Z,200,application/json,123946,02e47122764f0b9e48f09658d0b0ae1d45b1f56ce8f564471f4aedfc3de487b3,"""16bbbd32""",,first_capture,raw/skogsstyrelsen.harvest.notified/2026/09/20260904T140648Z-02e47122764f.json,,
skogsstyrelsen.harvest.notified,https://geodpags.skogsstyrelsen.se/arcgis/rest/services/Geodataportal/GeodataportalVisaAvverkningsanmalan/MapServer/0/query?where=Lannr%3D%2714%27+AND+ArendeAr%3D2023+AND+Inkomdatum+%3E%3D+DATE+%272023-04-01%27+AND+Inkomdatum+%3C+DATE+%272023-07-01%27&outFields=Beteckn%2CLannr%2CKommunnr%2CArendeAr%2CInkomdatum%2CAnmaldHa%2CAvvHa%2CAvvSasong%2CAvverktyp&returnGeometry=false&orderByFields=Beteckn&f=json,2026-09-04T14:06:51Z,200,application/json,109095,8fe96b6516fc70ee15170b7c4177d431970aa5295ecc1db7202bf348216434b6,"""cc46bb16""",,first_capture,raw/skogsstyrelsen.harvest.notified/2026/09/20260904T140651Z-8fe96b6516fc.json,,
skogsstyrelsen.harvest.notified,https://geodpags.skogsstyrelsen.se/arcgis/rest/services/Geodataportal/GeodataportalVisaAvverkningsanmalan/MapServer/0/query?where=Lannr%3D%2714%27+AND+ArendeAr%3D2023+AND+Inkomdatum+%3E%3D+DATE+%272023-07-01%27+AND+Inkomdatum+%3C+DATE+%272023-10-01%27&outFields=Beteckn%2CLannr%2CKommunnr%2CArendeAr%2CInkomdatum%2CAnmaldHa%2CAvvHa%2CAvvSasong%2CAvverktyp&returnGeometry=false&orderByFields=Beteckn&f=json,2026-09-04T14:06:54Z,200,application/json,140351,f9549fd0b7bf658a2e8f512a4c4fbafde4f740c5ac41827faf771eb5b94c12c3,"""adba9765""",,first_capture,raw/skogsstyrelsen.harvest.notified/2026/09/20260904T140654Z-f9549fd0b7bf.json,,
skogsstyrelsen.harvest.notified,https://geodpags.skogsstyrelsen.se/arcgis/rest/services/Geodataportal/GeodataportalVisaAvverkningsanmalan/MapServer/0/query?where=Lannr%3D%2714%27+AND+ArendeAr%3D2023+AND+Inkomdatum+%3E%3D+DATE+%272023-10-01%27&outFields=Beteckn%2CLannr%2CKommunnr%2CArendeAr%2CInkomdatum%2CAnmaldHa%2CAvvHa%2CAvvSasong%2CAvverktyp&returnGeometry=false&orderByFields=Beteckn&f=json,2026-09-04T14:06:57Z,200,application/json,157625,187e3b56306aae347e36a25de048deda544350d37f6f204422208c31be78c3a9,"""7875adc9""",,first_capture,raw/skogsstyrelsen.harvest.notified/2026/09/20260904T140657Z-187e3b56306a.json,,
skogsstyrelsen.harvest.notified,https://geodpags.skogsstyrelsen.se/arcgis/rest/services/Geodataportal/GeodataportalVisaAvverkningsanmalan/MapServer/0/query?where=Lannr%3D%2724%27+AND+ArendeAr%3D2026+AND+Inkomdatum+%3C+DATE+%272026-04-01%27&outFields=Beteckn%2CLannr%2CKommunnr%2CArendeAr%2CInkomdatum%2CAnmaldHa%2CAvvHa%2CAvvSasong%2CAvverktyp&returnGeometry=false&orderByFields=Beteckn&f=json,2026-09-04T14:07:01Z,200,application/json,126710,e2daf494b83c8e35885162f4fe324e0a8c889294379096f4b8a1731146325cf4,"""37da06ac""",,first_capture,raw/skogsstyrelsen.harvest.notified/2026/09/20260904T140701Z-e2daf494b83c.json,,
skogsstyrelsen.harvest.notified,https://geodpags.skogsstyrelsen.se/arcgis/rest/services/Geodataportal/GeodataportalVisaAvverkningsanmalan/MapServer/0/query?where=Lannr%3D%2724%27+AND+ArendeAr%3D2026+AND+Inkomdatum+%3E%3D+DATE+%272026-04-01%27+AND+Inkomdatum+%3C+DATE+%272026-07-01%27&outFields=Beteckn%2CLannr%2CKommunnr%2CArendeAr%2CInkomdatum%2CAnmaldHa%2CAvvHa%2CAvvSasong%2CAvverktyp&returnGeometry=false&orderByFields=Beteckn&f=json,2026-09-04T14:07:04Z,200,application/json,219230,3c266f0829907fadee10cdc3211c3c45a5375eb7f3674eefda105b12f0f86e91,"""e736fd27""",,first_capture,raw/skogsstyrelsen.harvest.notified/2026/09/20260904T140704Z-3c266f082990.json,,
skogsstyrelsen.harvest.notified,https://geodpags.skogsstyrelsen.se/arcgis/rest/services/Geodataportal/GeodataportalVisaAvverkningsanmalan/MapServer/0/query?where=Lannr%3D%2724%27+AND+ArendeAr%3D2026+AND+Inkomdatum+%3E%3D+DATE+%272026-07-01%27+AND+Inkomdatum+%3C+DATE+%272026-10-01%27&outFields=Beteckn%2CLannr%2CKommunnr%2CArendeAr%2CInkomdatum%2CAnmaldHa%2CAvvHa%2CAvvSasong%2CAvverktyp&returnGeometry=false&orderByFields=Beteckn&f=json,2026-09-04T14:07:06Z,200,application/json,188220,d851373ba4f54d6fe9002131cf489482264a130a93ac968bb10953dbbdc1fcac,"""1ea965ab""",,first_capture,raw/skogsstyrelsen.harvest.notified/2026/09/20260904T140706Z-d851373ba4f5.json,,
skogsstyrelsen.harvest.notified,https://geodpags.skogsstyrelsen.se/arcgis/rest/services/Geodataportal/GeodataportalVisaAvverkningsanmalan/MapServer/0/query?where=Lannr%3D%2724%27+AND+ArendeAr%3D2026+AND+Inkomdatum+%3E%3D+DATE+%272026-10-01%27&outFields=Beteckn%2CLannr%2CKommunnr%2CArendeAr%2CInkomdatum%2CAnmaldHa%2CAvvHa%2CAvvSasong%2CAvverktyp&returnGeometry=false&orderByFields=Beteckn&f=json,2026-09-04T14:07:09Z,200,application/json,936,3d0f45d783ae7060dc59f31a43ab33b33371bcebb992b2ffbe734fab5b0bd1b8,"""e2d6243""",,first_capture,raw/skogsstyrelsen.harvest.notified/2026/09/20260904T140709Z-3d0f45d783ae.json,,
skogsstyrelsen.harvest.notified,https://geodpags.skogsstyrelsen.se/arcgis/rest/services/Geodataportal/GeodataportalVisaAvverkningsanmalan/MapServer/0/query?where=Lannr%3D%2721%27+AND+ArendeAr%3D2025+AND+Inkomdatum+%3C+DATE+%272025-04-01%27&outFields=Beteckn%2CLannr%2CKommunnr%2CArendeAr%2CInkomdatum%2CAnmaldHa%2CAvvHa%2CAvvSasong%2CAvverktyp&returnGeometry=false&orderByFields=Beteckn&f=json,2026-09-04T14:07:12Z,200,application/json,76057,ad379cd756aeec4d51e129595d7ddd34336d51fed81047f9d705940cc9e4f22c,"""a2c2361d""",,first_capture,raw/skogsstyrelsen.harvest.notified/2026/09/20260904T140712Z-ad379cd756ae.json,,
skogsstyrelsen.harvest.notified,https://geodpags.skogsstyrelsen.se/arcgis/rest/services/Geodataportal/GeodataportalVisaAvverkningsanmalan/MapServer/0/query?where=Lannr%3D%2721%27+AND+ArendeAr%3D2025+AND+Inkomdatum+%3E%3D+DATE+%272025-04-01%27+AND+Inkomdatum+%3C+DATE+%272025-07-01%27&outFields=Beteckn%2CLannr%2CKommunnr%2CArendeAr%2CInkomdatum%2CAnmaldHa%2CAvvHa%2CAvvSasong%2CAvverktyp&returnGeometry=false&orderByFields=Beteckn&f=json,2026-09-04T14:07:15Z,200,application/json,133622,670deefce9590506e3a5889911b79ff4a01c23f884c9f8fc58705162fdcc4eaa,"""a7981226""",,first_capture,raw/skogsstyrelsen.harvest.notified/2026/09/20260904T140715Z-670deefce959.json,,
skogsstyrelsen.harvest.notified,https://geodpags.skogsstyrelsen.se/arcgis/rest/services/Geodataportal/GeodataportalVisaAvverkningsanmalan/MapServer/0/query?where=Lannr%3D%2721%27+AND+ArendeAr%3D2025+AND+Inkomdatum+%3E%3D+DATE+%272025-07-01%27+AND+Inkomdatum+%3C+DATE+%272025-10-01%27&outFields=Beteckn%2CLannr%2CKommunnr%2CArendeAr%2CInkomdatum%2CAnmaldHa%2CAvvHa%2CAvvSasong%2CAvverktyp&returnGeometry=false&orderByFields=Beteckn&f=json,2026-09-04T14:07:18Z,200,application/json,139528,18e2c6e00a85a6de8c2a98405787ce8f2a86210571d978bd5abd0c414bfea1a0,"""f0ff33e""",,first_capture,raw/skogsstyrelsen.harvest.notified/2026/09/20260904T140718Z-18e2c6e00a85.json,,
skogsstyrelsen.harvest.notified,https://geodpags.skogsstyrelsen.se/arcgis/rest/services/Geodataportal/GeodataportalVisaAvverkningsanmalan/MapServer/0/query?where=Lannr%3D%2721%27+AND+ArendeAr%3D2025+AND+Inkomdatum+%3E%3D+DATE+%272025-10-01%27&outFields=Beteckn%2CLannr%2CKommunnr%2CArendeAr%2CInkomdatum%2CAnmaldHa%2CAvvHa%2CAvvSasong%2CAvverktyp&returnGeometry=false&orderByFields=Beteckn&f=json,2026-09-04T14:07:22Z,200,application/json,180299,4b77ce2b12a28992c96a6b1911c91d7e57ab33e30eb0b0e6598120c14414152f,"""49c4f90e""",,first_capture,raw/skogsstyrelsen.harvest.notified/2026/09/20260904T140722Z-4b77ce2b12a2.json,,
skogsstyrelsen.harvest.notified,https://geodpags.skogsstyrelsen.se/arcgis/rest/services/Geodataportal/GeodataportalVisaAvverkningsanmalan/MapServer/0/query?where=Lannr%3D%2722%27+AND+ArendeAr%3D2026+AND+Inkomdatum+%3C+DATE+%272026-04-01%27&outFields=Beteckn%2CLannr%2CKommunnr%2CArendeAr%2CInkomdatum%2CAnmaldHa%2CAvvHa%2CAvvSasong%2CAvverktyp&returnGeometry=false&orderByFields=Beteckn&f=json,2026-09-04T14:07:26Z,200,application/json,162952,afc2cd77507ad09dcd2558ad7d1ae12f555a6a2654e1af170615de9c589680e3,"""baf9da0""",,first_capture,raw/skogsstyrelsen.harvest.notified/2026/09/20260904T140726Z-afc2cd77507a.json,,
skogsstyrelsen.harvest.notified,https://geodpags.skogsstyrelsen.se/arcgis/rest/services/Geodataportal/GeodataportalVisaAvverkningsanmalan/MapServer/0/query?where=Lannr%3D%2722%27+AND+ArendeAr%3D2026+AND+Inkomdatum+%3E%3D+DATE+%272026-04-01%27+AND+Inkomdatum+%3C+DATE+%272026-07-01%27&outFields=Beteckn%2CLannr%2CKommunnr%2CArendeAr%2CInkomdatum%2CAnmaldHa%2CAvvHa%2CAvvSasong%2CAvverktyp&returnGeometry=false&orderByFields=Beteckn&f=json,2026-09-04T14:07:29Z,200,application/json,205199,09f6cac4508538aa1f00965dc6529ed575e12e6e6a3b0c2cd43c90286db344fb,"""b249bafc""",,first_capture,raw/skogsstyrelsen.harvest.notified/2026/09/20260904T140729Z-09f6cac45085.json,,
skogsstyrelsen.harvest.notified,https://geodpags.skogsstyrelsen.se/arcgis/rest/services/Geodataportal/GeodataportalVisaAvverkningsanmalan/MapServer/0/query?where=Lannr%3D%2722%27+AND+ArendeAr%3D2026+AND+Inkomdatum+%3E%3D+DATE+%272026-07-01%27+AND+Inkomdatum+%3C+DATE+%272026-10-01%27&outFields=Beteckn%2CLannr%2CKommunnr%2CArendeAr%2CInkomdatum%2CAnmaldHa%2CAvvHa%2CAvvSasong%2CAvverktyp&returnGeometry=false&orderByFields=Beteckn&f=json,2026-09-04T14:07:33Z,200,application/json,153814,22bb37f9b93409acd1995b4c5bcf53766b1d82be118fd328421a082ddd18c2c2,"""efb35326""",,first_capture,raw/skogsstyrelsen.harvest.notified/2026/09/20260904T140733Z-22bb37f9b934.json,,
skogsstyrelsen.harvest.notified,https://geodpags.skogsstyrelsen.se/arcgis/rest/services/Geodataportal/GeodataportalVisaAvverkningsanmalan/MapServer/0/query?where=Lannr%3D%2722%27+AND+ArendeAr%3D2026+AND+Inkomdatum+%3E%3D+DATE+%272026-10-01%27&outFields=Beteckn%2CLannr%2CKommunnr%2CArendeAr%2CInkomdatum%2CAnmaldHa%2CAvvHa%2CAvvSasong%2CAvverktyp&returnGeometry=false&orderByFields=Beteckn&f=json,2026-09-04T14:07:37Z,200,application/json,936,3d0f45d783ae7060dc59f31a43ab33b33371bcebb992b2ffbe734fab5b0bd1b8,"""e2d6243""",,first_capture,raw/skogsstyrelsen.harvest.notified/2026/09/20260904T140737Z-3d0f45d783ae.json,,
skogsstyrelsen.harvest.notified,https://geodpags.skogsstyrelsen.se/arcgis/rest/services/Geodataportal/GeodataportalVisaAvverkningsanmalan/MapServer/0/query?where=Lannr%3D%2714%27+AND+ArendeAr%3D2024+AND+Inkomdatum+%3C+DATE+%272024-04-01%27&outFields=Beteckn%2CLannr%2CKommunnr%2CArendeAr%2CInkomdatum%2CAnmaldHa%2CAvvHa%2CAvvSasong%2CAvverktyp&returnGeometry=false&orderByFields=Beteckn&f=json,2026-09-04T14:07:40Z,200,application/json,137973,c42300cb9163463aadabcc53e9fb03cbb6df4e63530f94af5393bf7b0322c77e,"""53bbf9d2""",,first_capture,raw/skogsstyrelsen.harvest.notified/2026/09/20260904T140740Z-c42300cb9163.json,,
skogsstyrelsen.harvest.notified,https://geodpags.skogsstyrelsen.se/arcgis/rest/services/Geodataportal/GeodataportalVisaAvverkningsanmalan/MapServer/0/query?where=Lannr%3D%2714%27+AND+ArendeAr%3D2024+AND+Inkomdatum+%3E%3D+DATE+%272024-04-01%27+AND+Inkomdatum+%3C+DATE+%272024-07-01%27&outFields=Beteckn%2CLannr%2CKommunnr%2CArendeAr%2CInkomdatum%2CAnmaldHa%2CAvvHa%2CAvvSasong%2CAvverktyp&returnGeometry=false&orderByFields=Beteckn&f=json,2026-09-04T14:07:44Z,200,application/json,100532,322fcdf9837fb5687675d7bfe8562e6f09ceacd1d77396be9a7e188f57a4ebcd,"""32faee02""",,first_capture,raw/skogsstyrelsen.harvest.notified/2026/09/20260904T140744Z-322fcdf9837f.json,,
skogsstyrelsen.harvest.notified,https://geodpags.skogsstyrelsen.se/arcgis/rest/services/Geodataportal/GeodataportalVisaAvverkningsanmalan/MapServer/0/query?where=Lannr%3D%2714%27+AND+ArendeAr%3D2024+AND+Inkomdatum+%3E%3D+DATE+%272024-07-01%27+AND+Inkomdatum+%3C+DATE+%272024-10-01%27&outFields=Beteckn%2CLannr%2CKommunnr%2CArendeAr%2CInkomdatum%2CAnmaldHa%2CAvvHa%2CAvvSasong%2CAvverktyp&returnGeometry=false&orderByFields=Beteckn&f=json,2026-09-04T14:07:47Z,200,application/json,102089,77fa805e3177e07cd65858d63fa39e4308e8ec26d65575b351ac96a284e10c53,"""664f38cf""",,first_capture,raw/skogsstyrelsen.harvest.notified/2026/09/20260904T140747Z-77fa805e3177.json,,
skogsstyrelsen.harvest.notified,https://geodpags.skogsstyrelsen.se/arcgis/rest/services/Geodataportal/GeodataportalVisaAvverkningsanmalan/MapServer/0/query?where=Lannr%3D%2714%27+AND+ArendeAr%3D2024+AND+Inkomdatum+%3E%3D+DATE+%272024-10-01%27&outFields=Beteckn%2CLannr%2CKommunnr%2CArendeAr%2CInkomdatum%2CAnmaldHa%2CAvvHa%2CAvvSasong%2CAvverktyp&returnGeometry=false&orderByFields=Beteckn&f=json,2026-09-04T14:07:50Z,200,application/json,157818,f3bd828bd1f7a4a9c542067eb31d0a39e8299dbed9dd78eb6752c16ee1a71480,"""b3c8f5b0""",,first_capture,raw/skogsstyrelsen.harvest.notified/2026/09/20260904T140750Z-f3bd828bd1f7.json,,
skogsstyrelsen.harvest.notified,https://geodpags.skogsstyrelsen.se/arcgis/rest/services/Geodataportal/GeodataportalVisaAvverkningsanmalan/MapServer/0/query?where=Lannr%3D%2720%27+AND+ArendeAr%3D2025+AND+Inkomdatum+%3C+DATE+%272025-04-01%27&outFields=Beteckn%2CLannr%2CKommunnr%2CArendeAr%2CInkomdatum%2CAnmaldHa%2CAvvHa%2CAvvSasong%2CAvverktyp&returnGeometry=false&orderByFields=Beteckn&f=json,2026-09-04T14:07:53Z,200,application/json,67675,c7bc3bbb46534a0fc408c9ff1f165208622675edb3aa3c128612ecbf18bbfc56,"""dc1c3f34""",,first_capture,raw/skogsstyrelsen.harvest.notified/2026/09/20260904T140753Z-c7bc3bbb4653.json,,
skogsstyrelsen.harvest.notified,https://geodpags.skogsstyrelsen.se/arcgis/rest/services/Geodataportal/GeodataportalVisaAvverkningsanmalan/MapServer/0/query?where=Lannr%3D%2720%27+AND+ArendeAr%3D2025+AND+Inkomdatum+%3E%3D+DATE+%272025-04-01%27+AND+Inkomdatum+%3C+DATE+%272025-07-01%27&outFields=Beteckn%2CLannr%2CKommunnr%2CArendeAr%2CInkomdatum%2CAnmaldHa%2CAvvHa%2CAvvSasong%2CAvverktyp&returnGeometry=false&orderByFields=Beteckn&f=json,2026-09-04T14:07:56Z,200,application/json,117708,ae7c6ccc4b0f192890086c32f0c12274c2a78ee0b533c44279405c29f173f674,"""f060c0c3""",,first_capture,raw/skogsstyrelsen.harvest.notified/2026/09/20260904T140756Z-ae7c6ccc4b0f.json,,
skogsstyrelsen.harvest.notified,https://geodpags.skogsstyrelsen.se/arcgis/rest/services/Geodataportal/GeodataportalVisaAvverkningsanmalan/MapServer/0/query?where=Lannr%3D%2720%27+AND+ArendeAr%3D2025+AND+Inkomdatum+%3E%3D+DATE+%272025-07-01%27+AND+Inkomdatum+%3C+DATE+%272025-10-01%27&outFields=Beteckn%2CLannr%2CKommunnr%2CArendeAr%2CInkomdatum%2CAnmaldHa%2CAvvHa%2CAvvSasong%2CAvverktyp&returnGeometry=false&orderByFields=Beteckn&f=json,2026-09-04T14:07:59Z,200,application/json,124729,91b76dc3540b5c941aa20f90d89ab36b2c51ee6aab0c41172f032a93a548fd5e,"""b9740542""",,first_capture,raw/skogsstyrelsen.harvest.notified/2026/09/20260904T140759Z-91b76dc3540b.json,,
skogsstyrelsen.harvest.notified,https://geodpags.skogsstyrelsen.se/arcgis/rest/services/Geodataportal/GeodataportalVisaAvverkningsanmalan/MapServer/0/query?where=Lannr%3D%2720%27+AND+ArendeAr%3D2025+AND+Inkomdatum+%3E%3D+DATE+%272025-10-01%27&outFields=Beteckn%2CLannr%2CKommunnr%2CArendeAr%2CInkomdatum%2CAnmaldHa%2CAvvHa%2CAvvSasong%2CAvverktyp&returnGeometry=false&orderByFields=Beteckn&f=json,2026-09-04T14:08:04Z,200,application/json,183429,7f4569da92befce8b9c65cb40c6c7edec975c598eabadff91f56817a5e68cdfd,"""61dd86e3""",,first_capture,raw/skogsstyrelsen.harvest.notified/2026/09/20260904T140804Z-7f4569da92be.json,,
skogsstyrelsen.harvest.notified,https://geodpags.skogsstyrelsen.se/arcgis/rest/services/Geodataportal/GeodataportalVisaAvverkningsanmalan/MapServer/0/query?where=Lannr%3D%2725%27+AND+ArendeAr%3D2025+AND+Inkomdatum+%3C+DATE+%272025-04-01%27&outFields=Beteckn%2CLannr%2CKommunnr%2CArendeAr%2CInkomdatum%2CAnmaldHa%2CAvvHa%2CAvvSasong%2CAvverktyp&returnGeometry=false&orderByFields=Beteckn&f=json,2026-09-04T14:08:07Z,200,application/json,61545,28154ea03e7b46f4373f5054b1f92eed2b2565d01db71ae973274ed5cfd09fe8,"""9e73e81b""",,first_capture,raw/skogsstyrelsen.harvest.notified/2026/09/20260904T140807Z-28154ea03e7b.json,,
skogsstyrelsen.harvest.notified,https://geodpags.skogsstyrelsen.se/arcgis/rest/services/Geodataportal/GeodataportalVisaAvverkningsanmalan/MapServer/0/query?where=Lannr%3D%2725%27+AND+ArendeAr%3D2025+AND+Inkomdatum+%3E%3D+DATE+%272025-04-01%27+AND+Inkomdatum+%3C+DATE+%272025-07-01%27&outFields=Beteckn%2CLannr%2CKommunnr%2CArendeAr%2CInkomdatum%2CAnmaldHa%2CAvvHa%2CAvvSasong%2CAvverktyp&returnGeometry=false&orderByFields=Beteckn&f=json,2026-09-04T14:08:10Z,200,application/json,85382,a67baa01a368332f246fe39be2f94b9c86c9b203e0150932e7aa26659ec6b85b,"""916b34cf""",,first_capture,raw/skogsstyrelsen.harvest.notified/2026/09/20260904T140810Z-a67baa01a368.json,,
skogsstyrelsen.harvest.notified,https://geodpags.skogsstyrelsen.se/arcgis/rest/services/Geodataportal/GeodataportalVisaAvverkningsanmalan/MapServer/0/query?where=Lannr%3D%2725%27+AND+ArendeAr%3D2025+AND+Inkomdatum+%3E%3D+DATE+%272025-07-01%27+AND+Inkomdatum+%3C+DATE+%272025-10-01%27&outFields=Beteckn%2CLannr%2CKommunnr%2CArendeAr%2CInkomdatum%2CAnmaldHa%2CAvvHa%2CAvvSasong%2CAvverktyp&returnGeometry=false&orderByFields=Beteckn&f=json,2026-09-04T14:08:14Z,200,application/json,101103,733d3b65bb7a64e774b33c0b7f508c335defcffed41fef9dfc70a7c63a1bef78,"""ec5d68""",,first_capture,raw/skogsstyrelsen.harvest.notified/2026/09/20260904T140814Z-733d3b65bb7a.json,,
skogsstyrelsen.harvest.notified,https://geodpags.skogsstyrelsen.se/arcgis/rest/services/Geodataportal/GeodataportalVisaAvverkningsanmalan/MapServer/0/query?where=Lannr%3D%2725%27+AND+ArendeAr%3D2025+AND+Inkomdatum+%3E%3D+DATE+%272025-10-01%27&outFields=Beteckn%2CLannr%2CKommunnr%2CArendeAr%2CInkomdatum%2CAnmaldHa%2CAvvHa%2CAvvSasong%2CAvverktyp&returnGeometry=false&orderByFields=Beteckn&f=json,2026-09-04T14:08:18Z,200,application/json,177856,0d55874e7f20fd81dad891d7b6d031439186fb1d0cbe0ba1934ca9ea07b06f72,"""6b159073""",,first_capture,raw/skogsstyrelsen.harvest.notified/2026/09/20260904T140818Z-0d55874e7f20.json,,
skogsstyrelsen.harvest.notified,https://geodpags.skogsstyrelsen.se/arcgis/rest/services/Geodataportal/GeodataportalVisaAvverkningsanmalan/MapServer/0/query?where=Lannr%3D%2714%27+AND+ArendeAr%3D2022+AND+Inkomdatum+%3C+DATE+%272022-04-01%27&outFields=Beteckn%2CLannr%2CKommunnr%2CArendeAr%2CInkomdatum%2CAnmaldHa%2CAvvHa%2CAvvSasong%2CAvverktyp&returnGeometry=false&orderByFields=Beteckn&f=json,2026-09-04T14:08:21Z,200,application/json,118665,19aeba3712fbe08a16e31fbce35f3671815c9648d2866e36f77f50cc297301b7,"""a790a62e""",,first_capture,raw/skogsstyrelsen.harvest.notified/2026/09/20260904T140821Z-19aeba3712fb.json,,
skogsstyrelsen.harvest.notified,https://geodpags.skogsstyrelsen.se/arcgis/rest/services/Geodataportal/GeodataportalVisaAvverkningsanmalan/MapServer/0/query?where=Lannr%3D%2714%27+AND+ArendeAr%3D2022+AND+Inkomdatum+%3E%3D+DATE+%272022-04-01%27+AND+Inkomdatum+%3C+DATE+%272022-07-01%27&outFields=Beteckn%2CLannr%2CKommunnr%2CArendeAr%2CInkomdatum%2CAnmaldHa%2CAvvHa%2CAvvSasong%2CAvverktyp&returnGeometry=false&orderByFields=Beteckn&f=json,2026-09-04T14:08:24Z,200,application/json,77269,42d9d501538b7c0d71ee1dfca49f79aabf581f936d19dd18a8df84766519b5ed,"""7272ca7d""",,first_capture,raw/skogsstyrelsen.harvest.notified/2026/09/20260904T140824Z-42d9d501538b.json,,
skogsstyrelsen.harvest.notified,https://geodpags.skogsstyrelsen.se/arcgis/rest/services/Geodataportal/GeodataportalVisaAvverkningsanmalan/MapServer/0/query?where=Lannr%3D%2714%27+AND+ArendeAr%3D2022+AND+Inkomdatum+%3E%3D+DATE+%272022-07-01%27+AND+Inkomdatum+%3C+DATE+%272022-10-01%27&outFields=Beteckn%2CLannr%2CKommunnr%2CArendeAr%2CInkomdatum%2CAnmaldHa%2CAvvHa%2CAvvSasong%2CAvverktyp&returnGeometry=false&orderByFields=Beteckn&f=json,2026-09-04T14:08:27Z,200,application/json,97758,de3d4400535eeb0dce2689b682aec2f95abe54db632d3bb2ddf08f306000cdf7,"""3e0bad69""",,first_capture,raw/skogsstyrelsen.harvest.notified/2026/09/20260904T140827Z-de3d4400535e.json,,
skogsstyrelsen.harvest.notified,https://geodpags.skogsstyrelsen.se/arcgis/rest/services/Geodataportal/GeodataportalVisaAvverkningsanmalan/MapServer/0/query?where=Lannr%3D%2714%27+AND+ArendeAr%3D2022+AND+Inkomdatum+%3E%3D+DATE+%272022-10-01%27&outFields=Beteckn%2CLannr%2CKommunnr%2CArendeAr%2CInkomdatum%2CAnmaldHa%2CAvvHa%2CAvvSasong%2CAvverktyp&returnGeometry=false&orderByFields=Beteckn&f=json,2026-09-04T14:08:30Z,200,application/json,127098,2ab05bf2df865efb8f96b15b1a8e0258de74fce102520d5ba8e01b1fb433e586,"""b91f7d8e""",,first_capture,raw/skogsstyrelsen.harvest.notified/2026/09/20260904T140830Z-2ab05bf2df86.json,,
skogsstyrelsen.harvest.notified,https://geodpags.skogsstyrelsen.se/arcgis/rest/services/Geodataportal/GeodataportalVisaAvverkningsanmalan/MapServer/0/query?where=Lannr%3D%2717%27+AND+ArendeAr%3D2026+AND+Inkomdatum+%3C+DATE+%272026-04-01%27&outFields=Beteckn%2CLannr%2CKommunnr%2CArendeAr%2CInkomdatum%2CAnmaldHa%2CAvvHa%2CAvvSasong%2CAvverktyp&returnGeometry=false&orderByFields=Beteckn&f=json,2026-09-04T14:08:33Z,200,application/json,122971,9a29860f2cb5b435db3ab4d004d43a5eeed340cfcb974052fe813b897da88011,"""7921d323""",,first_capture,raw/skogsstyrelsen.harvest.notified/2026/09/20260904T140833Z-9a29860f2cb5.json,,
skogsstyrelsen.harvest.notified,https://geodpags.skogsstyrelsen.se/arcgis/rest/services/Geodataportal/GeodataportalVisaAvverkningsanmalan/MapServer/0/query?where=Lannr%3D%2717%27+AND+ArendeAr%3D2026+AND+Inkomdatum+%3E%3D+DATE+%272026-04-01%27+AND+Inkomdatum+%3C+DATE+%272026-07-01%27&outFields=Beteckn%2CLannr%2CKommunnr%2CArendeAr%2CInkomdatum%2CAnmaldHa%2CAvvHa%2CAvvSasong%2CAvverktyp&returnGeometry=false&orderByFields=Beteckn&f=json,2026-09-04T14:08:36Z,200,application/json,181660,f4713b8313b64a702fb410addf5137572666f18a0c9c6261b3aead7575197be8,"""2122ac57""",,first_capture,raw/skogsstyrelsen.harvest.notified/2026/09/20260904T140836Z-f4713b8313b6.json,,
skogsstyrelsen.harvest.notified,https://geodpags.skogsstyrelsen.se/arcgis/rest/services/Geodataportal/GeodataportalVisaAvverkningsanmalan/MapServer/0/query?where=Lannr%3D%2717%27+AND+ArendeAr%3D2026+AND+Inkomdatum+%3E%3D+DATE+%272026-07-01%27+AND+Inkomdatum+%3C+DATE+%272026-10-01%27&outFields=Beteckn%2CLannr%2CKommunnr%2CArendeAr%2CInkomdatum%2CAnmaldHa%2CAvvHa%2CAvvSasong%2CAvverktyp&returnGeometry=false&orderByFields=Beteckn&f=json,2026-09-04T14:08:39Z,200,application/json,113909,bd226f828247bd0d7277855701f8427f9837ccd54e3fd62d108824c38d6e1a6d,"""b599eaad""",,first_capture,raw/skogsstyrelsen.harvest.notified/2026/09/20260904T140839Z-bd226f828247.json,,
skogsstyrelsen.harvest.notified,https://geodpags.skogsstyrelsen.se/arcgis/rest/services/Geodataportal/GeodataportalVisaAvverkningsanmalan/MapServer/0/query?where=Lannr%3D%2717%27+AND+ArendeAr%3D2026+AND+Inkomdatum+%3E%3D+DATE+%272026-10-01%27&outFields=Beteckn%2CLannr%2CKommunnr%2CArendeAr%2CInkomdatum%2CAnmaldHa%2CAvvHa%2CAvvSasong%2CAvverktyp&returnGeometry=false&orderByFields=Beteckn&f=json,2026-09-04T14:08:42Z,200,application/json,936,3d0f45d783ae7060dc59f31a43ab33b33371bcebb992b2ffbe734fab5b0bd1b8,"""e2d6243""",,first_capture,raw/skogsstyrelsen.harvest.notified/2026/09/20260904T140842Z-3d0f45d783ae.json,,
skogsstyrelsen.harvest.notified,https://geodpags.skogsstyrelsen.se/arcgis/rest/services/Geodataportal/GeodataportalVisaAvverkningsanmalan/MapServer/0/query?where=Lannr%3D%2714%27+AND+ArendeAr%3D2026+AND+Inkomdatum+%3C+DATE+%272026-04-01%27&outFields=Beteckn%2CLannr%2CKommunnr%2CArendeAr%2CInkomdatum%2CAnmaldHa%2CAvvHa%2CAvvSasong%2CAvverktyp&returnGeometry=false&orderByFields=Beteckn&f=json,2026-09-04T14:08:46Z,200,application/json,152907,710db4c00e2248215194f3031dcdfab00e5c12f52ee5ec8252e3790a0d41ed51,"""928223e3""",,first_capture,raw/skogsstyrelsen.harvest.notified/2026/09/20260904T140846Z-710db4c00e22.json,,
skogsstyrelsen.harvest.notified,https://geodpags.skogsstyrelsen.se/arcgis/rest/services/Geodataportal/GeodataportalVisaAvverkningsanmalan/MapServer/0/query?where=Lannr%3D%2714%27+AND+ArendeAr%3D2026+AND+Inkomdatum+%3E%3D+DATE+%272026-04-01%27+AND+Inkomdatum+%3C+DATE+%272026-07-01%27&outFields=Beteckn%2CLannr%2CKommunnr%2CArendeAr%2CInkomdatum%2CAnmaldHa%2CAvvHa%2CAvvSasong%2CAvverktyp&returnGeometry=false&orderByFields=Beteckn&f=json,2026-09-04T14:08:49Z,200,application/json,138745,189fceb3b02f09cd48ea3f4ad0aa59cc0df61c812b6e21e6b51727d0378cb950,"""ff2e89d5""",,first_capture,raw/skogsstyrelsen.harvest.notified/2026/09/20260904T140849Z-189fceb3b02f.json,,
skogsstyrelsen.harvest.notified,https://geodpags.skogsstyrelsen.se/arcgis/rest/services/Geodataportal/GeodataportalVisaAvverkningsanmalan/MapServer/0/query?where=Lannr%3D%2714%27+AND+ArendeAr%3D2026+AND+Inkomdatum+%3E%3D+DATE+%272026-07-01%27+AND+Inkomdatum+%3C+DATE+%272026-10-01%27&outFields=Beteckn%2CLannr%2CKommunnr%2CArendeAr%2CInkomdatum%2CAnmaldHa%2CAvvHa%2CAvvSasong%2CAvverktyp&returnGeometry=false&orderByFields=Beteckn&f=json,2026-09-04T14:08:52Z,200,application/json,102374,4e7c619f7d1530d6f08d054adbeb7f88bfec53127f983867e84230cf6a26a318,"""2bea7dcb""",,first_capture,raw/skogsstyrelsen.harvest.notified/2026/09/20260904T140852Z-4e7c619f7d15.json,,
skogsstyrelsen.harvest.notified,https://geodpags.skogsstyrelsen.se/arcgis/rest/services/Geodataportal/GeodataportalVisaAvverkningsanmalan/MapServer/0/query?where=Lannr%3D%2714%27+AND+ArendeAr%3D2026+AND+Inkomdatum+%3E%3D+DATE+%272026-10-01%27&outFields=Beteckn%2CLannr%2CKommunnr%2CArendeAr%2CInkomdatum%2CAnmaldHa%2CAvvHa%2CAvvSasong%2CAvverktyp&returnGeometry=false&orderByFields=Beteckn&f=json,2026-09-04T14:08:54Z,200,application/json,936,3d0f45d783ae7060dc59f31a43ab33b33371bcebb992b2ffbe734fab5b0bd1b8,"""e2d6243""",,first_capture,raw/skogsstyrelsen.harvest.notified/2026/09/20260904T140854Z-3d0f45d783ae.json,,
skogsstyrelsen.harvest.notified,https://geodpags.skogsstyrelsen.se/arcgis/rest/services/Geodataportal/GeodataportalVisaAvverkningsanmalan/MapServer/0/query?where=Lannr%3D%2717%27+AND+ArendeAr%3D2023+AND+Inkomdatum+%3C+DATE+%272023-04-01%27&outFields=Beteckn%2CLannr%2CKommunnr%2CArendeAr%2CInkomdatum%2CAnmaldHa%2CAvvHa%2CAvvSasong%2CAvverktyp&returnGeometry=false&orderByFields=Beteckn&f=json,2026-09-04T14:08:59Z,200,application/json,82475,1f84eb9c791260ed9bec91ec32349802bbfcfd3b1bd62d87dc329b2266bf4ba0,"""19de2d42""",,first_capture,raw/skogsstyrelsen.harvest.notified/2026/09/20260904T140859Z-1f84eb9c7912.json,,
skogsstyrelsen.harvest.notified,https://geodpags.skogsstyrelsen.se/arcgis/rest/services/Geodataportal/GeodataportalVisaAvverkningsanmalan/MapServer/0/query?where=Lannr%3D%2717%27+AND+ArendeAr%3D2023+AND+Inkomdatum+%3E%3D+DATE+%272023-04-01%27+AND+Inkomdatum+%3C+DATE+%272023-07-01%27&outFields=Beteckn%2CLannr%2CKommunnr%2CArendeAr%2CInkomdatum%2CAnmaldHa%2CAvvHa%2CAvvSasong%2CAvverktyp&returnGeometry=false&orderByFields=Beteckn&f=json,2026-09-04T14:09:02Z,200,application/json,89350,f546d4ee22ca94d9f405f5fef150cbb31962f5ef3c0e359f9eedfb44a75d46d2,"""ccaadd5b""",,first_capture,raw/skogsstyrelsen.harvest.notified/2026/09/20260904T140902Z-f546d4ee22ca.json,,
skogsstyrelsen.harvest.notified,https://geodpags.skogsstyrelsen.se/arcgis/rest/services/Geodataportal/GeodataportalVisaAvverkningsanmalan/MapServer/0/query?where=Lannr%3D%2717%27+AND+ArendeAr%3D2023+AND+Inkomdatum+%3E%3D+DATE+%272023-07-01%27+AND+Inkomdatum+%3C+DATE+%272023-10-01%27&outFields=Beteckn%2CLannr%2CKommunnr%2CArendeAr%2CInkomdatum%2CAnmaldHa%2CAvvHa%2CAvvSasong%2CAvverktyp&returnGeometry=false&orderByFields=Beteckn&f=json,2026-09-04T14:09:05Z,200,application/json,102556,b30899b42015fea20b3591d8d95f24139ee2c5bc2fa2a8fd995dc820ab5c0e55,"""5853039a""",,first_capture,raw/skogsstyrelsen.harvest.notified/2026/09/20260904T140905Z-b30899b42015.json,,
skogsstyrelsen.harvest.notified,https://geodpags.skogsstyrelsen.se/arcgis/rest/services/Geodataportal/GeodataportalVisaAvverkningsanmalan/MapServer/0/query?where=Lannr%3D%2717%27+AND+ArendeAr%3D2023+AND+Inkomdatum+%3E%3D+DATE+%272023-10-01%27&outFields=Beteckn%2CLannr%2CKommunnr%2CArendeAr%2CInkomdatum%2CAnmaldHa%2CAvvHa%2CAvvSasong%2CAvverktyp&returnGeometry=false&orderByFields=Beteckn&f=json,2026-09-04T14:09:08Z,200,application/json,114874,44bbc2e85fff9862560faca5e9bd78d20b0f6c97ddd283d7da903139eb8ab8a4,"""e7acef2""",,first_capture,raw/skogsstyrelsen.harvest.notified/2026/09/20260904T140908Z-44bbc2e85fff.json,,
skogsstyrelsen.harvest.notified,https://geodpags.skogsstyrelsen.se/arcgis/rest/services/Geodataportal/GeodataportalVisaAvverkningsanmalan/MapServer/0/query?where=Lannr%3D%2723%27+AND+ArendeAr%3D2026+AND+Inkomdatum+%3C+DATE+%272026-04-01%27&outFields=Beteckn%2CLannr%2CKommunnr%2CArendeAr%2CInkomdatum%2CAnmaldHa%2CAvvHa%2CAvvSasong%2CAvverktyp&returnGeometry=false&orderByFields=Beteckn&f=json,2026-09-04T14:09:12Z,200,application/json,112514,effe41e1a85932957476ec2af545db1d0fb9f8622c68540a68fd5efd2d768c31,"""247dd8d3""",,first_capture,raw/skogsstyrelsen.harvest.notified/2026/09/20260904T140912Z-effe41e1a859.json,,
skogsstyrelsen.harvest.notified,https://geodpags.skogsstyrelsen.se/arcgis/rest/services/Geodataportal/GeodataportalVisaAvverkningsanmalan/MapServer/0/query?where=Lannr%3D%2723%27+AND+ArendeAr%3D2026+AND+Inkomdatum+%3E%3D+DATE+%272026-04-01%27+AND+Inkomdatum+%3C+DATE+%272026-07-01%27&outFields=Beteckn%2CLannr%2CKommunnr%2CArendeAr%2CInkomdatum%2CAnmaldHa%2CAvvHa%2CAvvSasong%2CAvverktyp&returnGeometry=false&orderByFields=Beteckn&f=json,2026-09-04T14:09:15Z,200,application/json,165297,2e3522f30278378ff407e170cfe55281d7e3ac261eb26443af76b4aee4ced531,"""d854fb5f""",,first_capture,raw/skogsstyrelsen.harvest.notified/2026/09/20260904T140915Z-2e3522f30278.json,,
skogsstyrelsen.harvest.notified,https://geodpags.skogsstyrelsen.se/arcgis/rest/services/Geodataportal/GeodataportalVisaAvverkningsanmalan/MapServer/0/query?where=Lannr%3D%2723%27+AND+ArendeAr%3D2026+AND+Inkomdatum+%3E%3D+DATE+%272026-07-01%27+AND+Inkomdatum+%3C+DATE+%272026-10-01%27&outFields=Beteckn%2CLannr%2CKommunnr%2CArendeAr%2CInkomdatum%2CAnmaldHa%2CAvvHa%2CAvvSasong%2CAvverktyp&returnGeometry=false&orderByFields=Beteckn&f=json,2026-09-04T14:09:18Z,200,application/json,114205,c251f74f1ed95029b40d252765103d91db6e18744bc82ac1e3962239965985ae,"""32df1c90""",,first_capture,raw/skogsstyrelsen.harvest.notified/2026/09/20260904T140918Z-c251f74f1ed9.json,,
skogsstyrelsen.harvest.notified,https://geodpags.skogsstyrelsen.se/arcgis/rest/services/Geodataportal/GeodataportalVisaAvverkningsanmalan/MapServer/0/query?where=Lannr%3D%2723%27+AND+ArendeAr%3D2026+AND+Inkomdatum+%3E%3D+DATE+%272026-10-01%27&outFields=Beteckn%2CLannr%2CKommunnr%2CArendeAr%2CInkomdatum%2CAnmaldHa%2CAvvHa%2CAvvSasong%2CAvverktyp&returnGeometry=false&orderByFields=Beteckn&f=json,2026-09-04T14:09:22Z,200,application/json,936,3d0f45d783ae7060dc59f31a43ab33b33371bcebb992b2ffbe734fab5b0bd1b8,"""e2d6243""",,first_capture,raw/skogsstyrelsen.harvest.notified/2026/09/20260904T140922Z-3d0f45d783ae.json,,
skogsstyrelsen.harvest.notified,https://geodpags.skogsstyrelsen.se/arcgis/rest/services/Geodataportal/GeodataportalVisaAvverkningsanmalan/MapServer/0/query?where=Lannr%3D%2722%27+AND+ArendeAr%3D2024+AND+Inkomdatum+%3C+DATE+%272024-04-01%27&outFields=Beteckn%2CLannr%2CKommunnr%2CArendeAr%2CInkomdatum%2CAnmaldHa%2CAvvHa%2CAvvSasong%2CAvverktyp&returnGeometry=false&orderByFields=Beteckn&f=json,2026-09-04T14:09:25Z,200,application/json,64762,be2d57b04808341bcc4a54a99847464dcb5db8b52ea6234fca9c96e3aa6d117f,"""a990436a""",,first_capture,raw/skogsstyrelsen.harvest.notified/2026/09/20260904T140925Z-be2d57b04808.json,,
skogsstyrelsen.harvest.notified,https://geodpags.skogsstyrelsen.se/arcgis/rest/services/Geodataportal/GeodataportalVisaAvverkningsanmalan/MapServer/0/query?where=Lannr%3D%2722%27+AND+ArendeAr%3D2024+AND+Inkomdatum+%3E%3D+DATE+%272024-04-01%27+AND+Inkomdatum+%3C+DATE+%272024-07-01%27&outFields=Beteckn%2CLannr%2CKommunnr%2CArendeAr%2CInkomdatum%2CAnmaldHa%2CAvvHa%2CAvvSasong%2CAvverktyp&returnGeometry=false&orderByFields=Beteckn&f=json,2026-09-04T14:09:28Z,200,application/json,79835,8a2e9e269c4ec883b60c7e83dd1cce95bf3f74d7d77e535fafff7ed84190ba1e,"""1d82a595""",,first_capture,raw/skogsstyrelsen.harvest.notified/2026/09/20260904T140928Z-8a2e9e269c4e.json,,
skogsstyrelsen.harvest.notified,https://geodpags.skogsstyrelsen.se/arcgis/rest/services/Geodataportal/GeodataportalVisaAvverkningsanmalan/MapServer/0/query?where=Lannr%3D%2722%27+AND+ArendeAr%3D2024+AND+Inkomdatum+%3E%3D+DATE+%272024-07-01%27+AND+Inkomdatum+%3C+DATE+%272024-10-01%27&outFields=Beteckn%2CLannr%2CKommunnr%2CArendeAr%2CInkomdatum%2CAnmaldHa%2CAvvHa%2CAvvSasong%2CAvverktyp&returnGeometry=false&orderByFields=Beteckn&f=json,2026-09-04T14:09:31Z,200,application/json,116612,5fdb2e8b9c48e44496c02b1bc1647ee95756df28cc33e0295daa1c09c6f29bca,"""17ba6209""",,first_capture,raw/skogsstyrelsen.harvest.notified/2026/09/20260904T140931Z-5fdb2e8b9c48.json,,
skogsstyrelsen.harvest.notified,https://geodpags.skogsstyrelsen.se/arcgis/rest/services/Geodataportal/GeodataportalVisaAvverkningsanmalan/MapServer/0/query?where=Lannr%3D%2722%27+AND+ArendeAr%3D2024+AND+Inkomdatum+%3E%3D+DATE+%272024-10-01%27&outFields=Beteckn%2CLannr%2CKommunnr%2CArendeAr%2CInkomdatum%2CAnmaldHa%2CAvvHa%2CAvvSasong%2CAvverktyp&returnGeometry=false&orderByFields=Beteckn&f=json,2026-09-04T14:09:34Z,200,application/json,125105,cb65deec8b0a5090d3074c88b8eb3979a21251edbe8e2e0eb78d1c57a30f5ba4,"""1660e1f1""",,first_capture,raw/skogsstyrelsen.harvest.notified/2026/09/20260904T140934Z-cb65deec8b0a.json,,
skogsstyrelsen.harvest.notified,https://geodpags.skogsstyrelsen.se/arcgis/rest/services/Geodataportal/GeodataportalVisaAvverkningsanmalan/MapServer/0/query?where=Lannr%3D%2717%27+AND+ArendeAr%3D2024+AND+Inkomdatum+%3C+DATE+%272024-04-01%27&outFields=Beteckn%2CLannr%2CKommunnr%2CArendeAr%2CInkomdatum%2CAnmaldHa%2CAvvHa%2CAvvSasong%2CAvverktyp&returnGeometry=false&orderByFields=Beteckn&f=json,2026-09-04T14:09:37Z,200,application/json,75378,bb0da09d22cf8816eba04aa19d9ac66931492146da0a6dbda37d572e02d63c26,"""705cc1c6""",,first_capture,raw/skogsstyrelsen.harvest.notified/2026/09/20260904T140937Z-bb0da09d22cf.json,,
skogsstyrelsen.harvest.notified,https://geodpags.skogsstyrelsen.se/arcgis/rest/services/Geodataportal/GeodataportalVisaAvverkningsanmalan/MapServer/0/query?where=Lannr%3D%2717%27+AND+ArendeAr%3D2024+AND+Inkomdatum+%3E%3D+DATE+%272024-04-01%27+AND+Inkomdatum+%3C+DATE+%272024-07-01%27&outFields=Beteckn%2CLannr%2CKommunnr%2CArendeAr%2CInkomdatum%2CAnmaldHa%2CAvvHa%2CAvvSasong%2CAvverktyp&returnGeometry=false&orderByFields=Beteckn&f=json,2026-09-04T14:09:40Z,200,application/json,95345,4539a580a84cc6cf700edad8182c7eb5b07efd8e51d1b9ebf0a52ac6892433db,"""a293d""",,first_capture,raw/skogsstyrelsen.harvest.notified/2026/09/20260904T140940Z-4539a580a84c.json,,
skogsstyrelsen.harvest.notified,https://geodpags.skogsstyrelsen.se/arcgis/rest/services/Geodataportal/GeodataportalVisaAvverkningsanmalan/MapServer/0/query?where=Lannr%3D%2717%27+AND+ArendeAr%3D2024+AND+Inkomdatum+%3E%3D+DATE+%272024-07-01%27+AND+Inkomdatum+%3C+DATE+%272024-10-01%27&outFields=Beteckn%2CLannr%2CKommunnr%2CArendeAr%2CInkomdatum%2CAnmaldHa%2CAvvHa%2CAvvSasong%2CAvverktyp&returnGeometry=false&orderByFields=Beteckn&f=json,2026-09-04T14:09:43Z,200,application/json,87280,20e56c56ab1515fb5205e9f6c1b66152ee6cb88d723fa2f89decc214e64ea92e,"""e6a09beb""",,first_capture,raw/skogsstyrelsen.harvest.notified/2026/09/20260904T140943Z-20e56c56ab15.json,,
skogsstyrelsen.harvest.notified,https://geodpags.skogsstyrelsen.se/arcgis/rest/services/Geodataportal/GeodataportalVisaAvverkningsanmalan/MapServer/0/query?where=Lannr%3D%2717%27+AND+ArendeAr%3D2024+AND+Inkomdatum+%3E%3D+DATE+%272024-10-01%27&outFields=Beteckn%2CLannr%2CKommunnr%2CArendeAr%2CInkomdatum%2CAnmaldHa%2CAvvHa%2CAvvSasong%2CAvverktyp&returnGeometry=false&orderByFields=Beteckn&f=json,2026-09-04T14:09:47Z,200,application/json,117366,dd766baa31947ecf3b51ffa0808cbfad8a0f010125d1cae7e61a0bfe4ea04de4,"""36f4b8f6""",,first_capture,raw/skogsstyrelsen.harvest.notified/2026/09/20260904T140947Z-dd766baa3194.json,,
skogsstyrelsen.harvest.notified,https://geodpags.skogsstyrelsen.se/arcgis/rest/services/Geodataportal/GeodataportalVisaAvverkningsanmalan/MapServer/0/query?where=Lannr%3D%2724%27+AND+ArendeAr%3D2024+AND+Inkomdatum+%3C+DATE+%272024-04-01%27&outFields=Beteckn%2CLannr%2CKommunnr%2CArendeAr%2CInkomdatum%2CAnmaldHa%2CAvvHa%2CAvvSasong%2CAvverktyp&returnGeometry=false&orderByFields=Beteckn&f=json,2026-09-04T14:09:51Z,200,application/json,46280,91be1c57e94ba7d81c6d107beac64b4591da5dc374960367d9bc4c6103bfa864,"""df93f115""",,first_capture,raw/skogsstyrelsen.harvest.notified/2026/09/20260904T140951Z-91be1c57e94b.json,,
skogsstyrelsen.harvest.notified,https://geodpags.skogsstyrelsen.se/arcgis/rest/services/Geodataportal/GeodataportalVisaAvverkningsanmalan/MapServer/0/query?where=Lannr%3D%2724%27+AND+ArendeAr%3D2024+AND+Inkomdatum+%3E%3D+DATE+%272024-04-01%27+AND+Inkomdatum+%3C+DATE+%272024-07-01%27&outFields=Beteckn%2CLannr%2CKommunnr%2CArendeAr%2CInkomdatum%2CAnmaldHa%2CAvvHa%2CAvvSasong%2CAvverktyp&returnGeometry=false&orderByFields=Beteckn&f=json,2026-09-04T14:09:55Z,200,application/json,74514,210f29f4567a090f8e8317784f731cbe905b54f2e854d03ebdc185a4c3c8e801,"""f4c50243""",,first_capture,raw/skogsstyrelsen.harvest.notified/2026/09/20260904T140955Z-210f29f4567a.json,,
skogsstyrelsen.harvest.notified,https://geodpags.skogsstyrelsen.se/arcgis/rest/services/Geodataportal/GeodataportalVisaAvverkningsanmalan/MapServer/0/query?where=Lannr%3D%2724%27+AND+ArendeAr%3D2024+AND+Inkomdatum+%3E%3D+DATE+%272024-07-01%27+AND+Inkomdatum+%3C+DATE+%272024-10-01%27&outFields=Beteckn%2CLannr%2CKommunnr%2CArendeAr%2CInkomdatum%2CAnmaldHa%2CAvvHa%2CAvvSasong%2CAvverktyp&returnGeometry=false&orderByFields=Beteckn&f=json,2026-09-04T14:09:59Z,200,application/json,121074,7931e6dfc5e164cca974f56c42670eb21de7682501136a2f50585e44f8dcb87b,"""79ec909f""",,first_capture,raw/skogsstyrelsen.harvest.notified/2026/09/20260904T140959Z-7931e6dfc5e1.json,,
skogsstyrelsen.harvest.notified,https://geodpags.skogsstyrelsen.se/arcgis/rest/services/Geodataportal/GeodataportalVisaAvverkningsanmalan/MapServer/0/query?where=Lannr%3D%2724%27+AND+ArendeAr%3D2024+AND+Inkomdatum+%3E%3D+DATE+%272024-10-01%27&outFields=Beteckn%2CLannr%2CKommunnr%2CArendeAr%2CInkomdatum%2CAnmaldHa%2CAvvHa%2CAvvSasong%2CAvverktyp&returnGeometry=false&orderByFields=Beteckn&f=json,2026-09-04T14:10:02Z,200,application/json,135688,d06df8bb37713a78324993254bf8617b9d2cadc4aa77f20ca2a50de0e13f8915,"""77a2eca""",,first_capture,raw/skogsstyrelsen.harvest.notified/2026/09/20260904T141002Z-d06df8bb3771.json,,
skogsstyrelsen.harvest.notified,https://geodpags.skogsstyrelsen.se/arcgis/rest/services/Geodataportal/GeodataportalVisaAvverkningsanmalan/MapServer/0/query?where=Lannr%3D%2725%27+AND+ArendeAr%3D2026+AND+Inkomdatum+%3C+DATE+%272026-04-01%27&outFields=Beteckn%2CLannr%2CKommunnr%2CArendeAr%2CInkomdatum%2CAnmaldHa%2CAvvHa%2CAvvSasong%2CAvverktyp&returnGeometry=false&orderByFields=Beteckn&f=json,2026-09-04T14:10:06Z,200,application/json,84371,f36fbfc2b137fba4fecc0af86f382b0c707edbdfe2cfa68cc76026defcce4a4f,"""4cfcebfe""",,first_capture,raw/skogsstyrelsen.harvest.notified/2026/09/20260904T141006Z-f36fbfc2b137.json,,
skogsstyrelsen.harvest.notified,https://geodpags.skogsstyrelsen.se/arcgis/rest/services/Geodataportal/GeodataportalVisaAvverkningsanmalan/MapServer/0/query?where=Lannr%3D%2725%27+AND+ArendeAr%3D2026+AND+Inkomdatum+%3E%3D+DATE+%272026-04-01%27+AND+Inkomdatum+%3C+DATE+%272026-07-01%27&outFields=Beteckn%2CLannr%2CKommunnr%2CArendeAr%2CInkomdatum%2CAnmaldHa%2CAvvHa%2CAvvSasong%2CAvverktyp&returnGeometry=false&orderByFields=Beteckn&f=json,2026-09-04T14:10:10Z,200,application/json,141603,c37d477243a6330a5039de868205d207dab738080804082fdecc0a654814eb0b,"""8d03d90a""",,first_capture,raw/skogsstyrelsen.harvest.notified/2026/09/20260904T141010Z-c37d477243a6.json,,
skogsstyrelsen.harvest.notified,https://geodpags.skogsstyrelsen.se/arcgis/rest/services/Geodataportal/GeodataportalVisaAvverkningsanmalan/MapServer/0/query?where=Lannr%3D%2725%27+AND+ArendeAr%3D2026+AND+Inkomdatum+%3E%3D+DATE+%272026-07-01%27+AND+Inkomdatum+%3C+DATE+%272026-10-01%27&outFields=Beteckn%2CLannr%2CKommunnr%2CArendeAr%2CInkomdatum%2CAnmaldHa%2CAvvHa%2CAvvSasong%2CAvverktyp&returnGeometry=false&orderByFields=Beteckn&f=json,2026-09-04T14:10:13Z,200,application/json,128711,cd078c22612fb1e244b6f9341408866f1a59914bd5b0be267c1fec4419115fda,"""8c7c8993""",,first_capture,raw/skogsstyrelsen.harvest.notified/2026/09/20260904T141013Z-cd078c22612f.json,,
skogsstyrelsen.harvest.notified,https://geodpags.skogsstyrelsen.se/arcgis/rest/services/Geodataportal/GeodataportalVisaAvverkningsanmalan/MapServer/0/query?where=Lannr%3D%2725%27+AND+ArendeAr%3D2026+AND+Inkomdatum+%3E%3D+DATE+%272026-10-01%27&outFields=Beteckn%2CLannr%2CKommunnr%2CArendeAr%2CInkomdatum%2CAnmaldHa%2CAvvHa%2CAvvSasong%2CAvverktyp&returnGeometry=false&orderByFields=Beteckn&f=json,2026-09-04T14:10:16Z,200,application/json,936,3d0f45d783ae7060dc59f31a43ab33b33371bcebb992b2ffbe734fab5b0bd1b8,"""e2d6243""",,first_capture,raw/skogsstyrelsen.harvest.notified/2026/09/20260904T141016Z-3d0f45d783ae.json,,
skogsstyrelsen.harvest.notified,https://geodpags.skogsstyrelsen.se/arcgis/rest/services/Geodataportal/GeodataportalVisaAvverkningsanmalan/MapServer/0/query?where=Lannr%3D%2724%27+AND+ArendeAr%3D2023+AND+Inkomdatum+%3C+DATE+%272023-04-01%27&outFields=Beteckn%2CLannr%2CKommunnr%2CArendeAr%2CInkomdatum%2CAnmaldHa%2CAvvHa%2CAvvSasong%2CAvverktyp&returnGeometry=false&orderByFields=Beteckn&f=json,2026-09-04T14:10:19Z,200,application/json,67173,d26522379fd692a5312595db2094e0c8bd3f7a15b57bc0fcbb8b4382627747fe,"""1684f571""",,first_capture,raw/skogsstyrelsen.harvest.notified/2026/09/20260904T141019Z-d26522379fd6.json,,
skogsstyrelsen.harvest.notified,https://geodpags.skogsstyrelsen.se/arcgis/rest/services/Geodataportal/GeodataportalVisaAvverkningsanmalan/MapServer/0/query?where=Lannr%3D%2724%27+AND+ArendeAr%3D2023+AND+Inkomdatum+%3E%3D+DATE+%272023-04-01%27+AND+Inkomdatum+%3C+DATE+%272023-07-01%27&outFields=Beteckn%2CLannr%2CKommunnr%2CArendeAr%2CInkomdatum%2CAnmaldHa%2CAvvHa%2CAvvSasong%2CAvverktyp&returnGeometry=false&orderByFields=Beteckn&f=json,2026-09-04T14:10:21Z,200,application/json,69003,464e668bcda82927b2707c199f60ee3572ceb7534346931e8f4699a7f1180b66,"""fc387007""",,first_capture,raw/skogsstyrelsen.harvest.notified/2026/09/20260904T141021Z-464e668bcda8.json,,
skogsstyrelsen.harvest.notified,https://geodpags.skogsstyrelsen.se/arcgis/rest/services/Geodataportal/GeodataportalVisaAvverkningsanmalan/MapServer/0/query?where=Lannr%3D%2724%27+AND+ArendeAr%3D2023+AND+Inkomdatum+%3E%3D+DATE+%272023-07-01%27+AND+Inkomdatum+%3C+DATE+%272023-10-01%27&outFields=Beteckn%2CLannr%2CKommunnr%2CArendeAr%2CInkomdatum%2CAnmaldHa%2CAvvHa%2CAvvSasong%2CAvverktyp&returnGeometry=false&orderByFields=Beteckn&f=json,2026-09-04T14:10:25Z,200,application/json,108862,8ed1b32a37d4af8d5a7160b13e3c6d47263e24913f0bbc4f30fdc78f39f1e276,"""bc59d720""",,first_capture,raw/skogsstyrelsen.harvest.notified/2026/09/20260904T141025Z-8ed1b32a37d4.json,,
skogsstyrelsen.harvest.notified,https://geodpags.skogsstyrelsen.se/arcgis/rest/services/Geodataportal/GeodataportalVisaAvverkningsanmalan/MapServer/0/query?where=Lannr%3D%2724%27+AND+ArendeAr%3D2023+AND+Inkomdatum+%3E%3D+DATE+%272023-10-01%27&outFields=Beteckn%2CLannr%2CKommunnr%2CArendeAr%2CInkomdatum%2CAnmaldHa%2CAvvHa%2CAvvSasong%2CAvverktyp&returnGeometry=false&orderByFields=Beteckn&f=json,2026-09-04T14:10:29Z,200,application/json,93564,de7e9a2112aa857d6829d89c885606837dd3c897e2645aad0450690848a3cffb,"""b803946""",,first_capture,raw/skogsstyrelsen.harvest.notified/2026/09/20260904T141029Z-de7e9a2112aa.json,,
skogsstyrelsen.harvest.notified,https://geodpags.skogsstyrelsen.se/arcgis/rest/services/Geodataportal/GeodataportalVisaAvverkningsanmalan/MapServer/0/query?where=Lannr%3D%2708%27+AND+ArendeAr%3D2023+AND+Inkomdatum+%3C+DATE+%272023-04-01%27&outFields=Beteckn%2CLannr%2CKommunnr%2CArendeAr%2CInkomdatum%2CAnmaldHa%2CAvvHa%2CAvvSasong%2CAvverktyp&returnGeometry=false&orderByFields=Beteckn&f=json,2026-09-04T14:10:33Z,200,application/json,84656,a05d69b4b66bd40739f8b66e261f55cb841fc287d2cd71b9aaab93a2f6b04672,"""98fa64b3""",,first_capture,raw/skogsstyrelsen.harvest.notified/2026/09/20260904T141033Z-a05d69b4b66b.json,,
skogsstyrelsen.harvest.notified,https://geodpags.skogsstyrelsen.se/arcgis/rest/services/Geodataportal/GeodataportalVisaAvverkningsanmalan/MapServer/0/query?where=Lannr%3D%2708%27+AND+ArendeAr%3D2023+AND+Inkomdatum+%3E%3D+DATE+%272023-04-01%27+AND+Inkomdatum+%3C+DATE+%272023-07-01%27&outFields=Beteckn%2CLannr%2CKommunnr%2CArendeAr%2CInkomdatum%2CAnmaldHa%2CAvvHa%2CAvvSasong%2CAvverktyp&returnGeometry=false&orderByFields=Beteckn&f=json,2026-09-04T14:10:37Z,200,application/json,78105,cb5365b2047b62c8d80622be309912ea863748214628f9db7b5b4a5a3c54232f,"""dcd96ed4""",,first_capture,raw/skogsstyrelsen.harvest.notified/2026/09/20260904T141037Z-cb5365b2047b.json,,
skogsstyrelsen.harvest.notified,https://geodpags.skogsstyrelsen.se/arcgis/rest/services/Geodataportal/GeodataportalVisaAvverkningsanmalan/MapServer/0/query?where=Lannr%3D%2708%27+AND+ArendeAr%3D2023+AND+Inkomdatum+%3E%3D+DATE+%272023-07-01%27+AND+Inkomdatum+%3C+DATE+%272023-10-01%27&outFields=Beteckn%2CLannr%2CKommunnr%2CArendeAr%2CInkomdatum%2CAnmaldHa%2CAvvHa%2CAvvSasong%2CAvverktyp&returnGeometry=false&orderByFields=Beteckn&f=json,2026-09-04T14:10:40Z,200,application/json,87831,1e6c848fea775f137fe58730ff7e9f4610a711dbd01a6f32d47d11c7fd642f0d,"""4691d9a""",,first_capture,raw/skogsstyrelsen.harvest.notified/2026/09/20260904T141040Z-1e6c848fea77.json,,
skogsstyrelsen.harvest.notified,https://geodpags.skogsstyrelsen.se/arcgis/rest/services/Geodataportal/GeodataportalVisaAvverkningsanmalan/MapServer/0/query?where=Lannr%3D%2708%27+AND+ArendeAr%3D2023+AND+Inkomdatum+%3E%3D+DATE+%272023-10-01%27&outFields=Beteckn%2CLannr%2CKommunnr%2CArendeAr%2CInkomdatum%2CAnmaldHa%2CAvvHa%2CAvvSasong%2CAvverktyp&returnGeometry=false&orderByFields=Beteckn&f=json,2026-09-04T14:10:44Z,200,application/json,80869,3c3ef8e0d7b413c0df24ee1fd5caeb25b08b7b8630434908d3ca760d89228c55,"""a157e34c""",,first_capture,raw/skogsstyrelsen.harvest.notified/2026/09/20260904T141044Z-3c3ef8e0d7b4.json,,
skogsstyrelsen.harvest.notified,https://geodpags.skogsstyrelsen.se/arcgis/rest/services/Geodataportal/GeodataportalVisaAvverkningsanmalan/MapServer/0/query?where=Lannr%3D%2720%27+AND+ArendeAr%3D2024+AND+Inkomdatum+%3C+DATE+%272024-04-01%27&outFields=Beteckn%2CLannr%2CKommunnr%2CArendeAr%2CInkomdatum%2CAnmaldHa%2CAvvHa%2CAvvSasong%2CAvverktyp&returnGeometry=false&orderByFields=Beteckn&f=json,2026-09-04T14:10:47Z,200,application/json,58934,65829a1004d6c3616cab0c215556d09ad48d9326570bd2476dd48c45e7ef5dae,"""cf3ba4db""",,first_capture,raw/skogsstyrelsen.harvest.notified/2026/09/20260904T141047Z-65829a1004d6.json,,
skogsstyrelsen.harvest.notified,https://geodpags.skogsstyrelsen.se/arcgis/rest/services/Geodataportal/GeodataportalVisaAvverkningsanmalan/MapServer/0/query?where=Lannr%3D%2720%27+AND+ArendeAr%3D2024+AND+Inkomdatum+%3E%3D+DATE+%272024-04-01%27+AND+Inkomdatum+%3C+DATE+%272024-07-01%27&outFields=Beteckn%2CLannr%2CKommunnr%2CArendeAr%2CInkomdatum%2CAnmaldHa%2CAvvHa%2CAvvSasong%2CAvverktyp&returnGeometry=false&orderByFields=Beteckn&f=json,2026-09-04T14:10:50Z,200,application/json,56421,2d5481df9b362827dc97415d544f194213a11d523ecf5e44ba7790e39f012e46,"""872f2259""",,first_capture,raw/skogsstyrelsen.harvest.notified/2026/09/20260904T141050Z-2d5481df9b36.json,,
skogsstyrelsen.harvest.notified,https://geodpags.skogsstyrelsen.se/arcgis/rest/services/Geodataportal/GeodataportalVisaAvverkningsanmalan/MapServer/0/query?where=Lannr%3D%2720%27+AND+ArendeAr%3D2024+AND+Inkomdatum+%3E%3D+DATE+%272024-07-01%27+AND+Inkomdatum+%3C+DATE+%272024-10-01%27&outFields=Beteckn%2CLannr%2CKommunnr%2CArendeAr%2CInkomdatum%2CAnmaldHa%2CAvvHa%2CAvvSasong%2CAvverktyp&returnGeometry=false&orderByFields=Beteckn&f=json,2026-09-04T14:10:53Z,200,application/json,94435,d6c529c9aeaa0c5953ccad969eda877f996b4a362bd9bcd58c635246e865e2d5,"""42eb189""",,first_capture,raw/skogsstyrelsen.harvest.notified/2026/09/20260904T141053Z-d6c529c9aeaa.json,,
skogsstyrelsen.harvest.notified,https://geodpags.skogsstyrelsen.se/arcgis/rest/services/Geodataportal/GeodataportalVisaAvverkningsanmalan/MapServer/0/query?where=Lannr%3D%2720%27+AND+ArendeAr%3D2024+AND+Inkomdatum+%3E%3D+DATE+%272024-10-01%27&outFields=Beteckn%2CLannr%2CKommunnr%2CArendeAr%2CInkomdatum%2CAnmaldHa%2CAvvHa%2CAvvSasong%2CAvverktyp&returnGeometry=false&orderByFields=Beteckn&f=json,2026-09-04T14:10:56Z,200,application/json,112674,9d8599f5a7a78dc89e79f7c68377891a8d2b4b285b8b56a5d10aec45233bc1a7,"""b61b111""",,first_capture,raw/skogsstyrelsen.harvest.notified/2026/09/20260904T141056Z-9d8599f5a7a7.json,,
skogsstyrelsen.harvest.notified,https://geodpags.skogsstyrelsen.se/arcgis/rest/services/Geodataportal/GeodataportalVisaAvverkningsanmalan/MapServer/0/query?where=Lannr%3D%2723%27+AND+ArendeAr%3D2024+AND+Inkomdatum+%3C+DATE+%272024-04-01%27&outFields=Beteckn%2CLannr%2CKommunnr%2CArendeAr%2CInkomdatum%2CAnmaldHa%2CAvvHa%2CAvvSasong%2CAvverktyp&returnGeometry=false&orderByFields=Beteckn&f=json,2026-09-04T14:10:59Z,200,application/json,50732,b06eba23921874f354bddefb919c8526655dbbd8ec4e8c551f81b117ef23b445,"""3f63c25a""",,first_capture,raw/skogsstyrelsen.harvest.notified/2026/09/20260904T141059Z-b06eba239218.json,,
skogsstyrelsen.harvest.notified,https://geodpags.skogsstyrelsen.se/arcgis/rest/services/Geodataportal/GeodataportalVisaAvverkningsanmalan/MapServer/0/query?where=Lannr%3D%2723%27+AND+ArendeAr%3D2024+AND+Inkomdatum+%3E%3D+DATE+%272024-04-01%27+AND+Inkomdatum+%3C+DATE+%272024-07-01%27&outFields=Beteckn%2CLannr%2CKommunnr%2CArendeAr%2CInkomdatum%2CAnmaldHa%2CAvvHa%2CAvvSasong%2CAvverktyp&returnGeometry=false&orderByFields=Beteckn&f=json,2026-09-04T14:11:02Z,200,application/json,70889,1e54c3c41eba078b6b0f1c54fb2d902dfe9f5fb17dd41952b958fcc62d179058,"""118d0426""",,first_capture,raw/skogsstyrelsen.harvest.notified/2026/09/20260904T141102Z-1e54c3c41eba.json,,
skogsstyrelsen.harvest.notified,https://geodpags.skogsstyrelsen.se/arcgis/rest/services/Geodataportal/GeodataportalVisaAvverkningsanmalan/MapServer/0/query?where=Lannr%3D%2723%27+AND+ArendeAr%3D2024+AND+Inkomdatum+%3E%3D+DATE+%272024-07-01%27+AND+Inkomdatum+%3C+DATE+%272024-10-01%27&outFields=Beteckn%2CLannr%2CKommunnr%2CArendeAr%2CInkomdatum%2CAnmaldHa%2CAvvHa%2CAvvSasong%2CAvverktyp&returnGeometry=false&orderByFields=Beteckn&f=json,2026-09-04T14:11:06Z,200,application/json,92424,370cf23095888eb13a2f4bc3ea150f602c6a1b5b88ddb8d7db4b1b301719a417,"""a01e6e1c""",,first_capture,raw/skogsstyrelsen.harvest.notified/2026/09/20260904T141106Z-370cf2309588.json,,
skogsstyrelsen.harvest.notified,https://geodpags.skogsstyrelsen.se/arcgis/rest/services/Geodataportal/GeodataportalVisaAvverkningsanmalan/MapServer/0/query?where=Lannr%3D%2723%27+AND+ArendeAr%3D2024+AND+Inkomdatum+%3E%3D+DATE+%272024-10-01%27&outFields=Beteckn%2CLannr%2CKommunnr%2CArendeAr%2CInkomdatum%2CAnmaldHa%2CAvvHa%2CAvvSasong%2CAvverktyp&returnGeometry=false&orderByFields=Beteckn&f=json,2026-09-04T14:11:09Z,200,application/json,114015,b7252d23efff09dbb2c96b6010b29ef3fa274a73d028f98f2ab685d28a1bd8a3,"""fbcff9eb""",,first_capture,raw/skogsstyrelsen.harvest.notified/2026/09/20260904T141109Z-b7252d23efff.json,,
skogsstyrelsen.harvest.notified,https://geodpags.skogsstyrelsen.se/arcgis/rest/services/Geodataportal/GeodataportalVisaAvverkningsanmalan/MapServer/0/query?where=Lannr%3D%2717%27+AND+ArendeAr%3D2022+AND+Inkomdatum+%3C+DATE+%272022-04-01%27&outFields=Beteckn%2CLannr%2CKommunnr%2CArendeAr%2CInkomdatum%2CAnmaldHa%2CAvvHa%2CAvvSasong%2CAvverktyp&returnGeometry=false&orderByFields=Beteckn&f=json,2026-09-04T14:11:13Z,200,application/json,81054,4c4d4449f9c85a1d16244915b4c1fae421a3f32650e48f8b38423ed618716107,"""cc5adc4c""",,first_capture,raw/skogsstyrelsen.harvest.notified/2026/09/20260904T141113Z-4c4d4449f9c8.json,,
skogsstyrelsen.harvest.notified,https://geodpags.skogsstyrelsen.se/arcgis/rest/services/Geodataportal/GeodataportalVisaAvverkningsanmalan/MapServer/0/query?where=Lannr%3D%2717%27+AND+ArendeAr%3D2022+AND+Inkomdatum+%3E%3D+DATE+%272022-04-01%27+AND+Inkomdatum+%3C+DATE+%272022-07-01%27&outFields=Beteckn%2CLannr%2CKommunnr%2CArendeAr%2CInkomdatum%2CAnmaldHa%2CAvvHa%2CAvvSasong%2CAvverktyp&returnGeometry=false&orderByFields=Beteckn&f=json,2026-09-04T14:11:16Z,200,application/json,61093,db2c7cbaf55f6461f757ed08f0407737547d872bc5e5d35b28ece4fb8c617cd4,"""c8a68ef1""",,first_capture,raw/skogsstyrelsen.harvest.notified/2026/09/20260904T141116Z-db2c7cbaf55f.json,,
skogsstyrelsen.harvest.notified,https://geodpags.skogsstyrelsen.se/arcgis/rest/services/Geodataportal/GeodataportalVisaAvverkningsanmalan/MapServer/0/query?where=Lannr%3D%2717%27+AND+ArendeAr%3D2022+AND+Inkomdatum+%3E%3D+DATE+%272022-07-01%27+AND+Inkomdatum+%3C+DATE+%272022-10-01%27&outFields=Beteckn%2CLannr%2CKommunnr%2CArendeAr%2CInkomdatum%2CAnmaldHa%2CAvvHa%2CAvvSasong%2CAvverktyp&returnGeometry=false&orderByFields=Beteckn&f=json,2026-09-04T14:11:21Z,200,application/json,84518,7da840e11e5c0de5a251c5bd9fe4ee7c8dbbe83d87411e657d83df562415abe9,"""7750f4e1""",,first_capture,raw/skogsstyrelsen.harvest.notified/2026/09/20260904T141121Z-7da840e11e5c.json,,
skogsstyrelsen.harvest.notified,https://geodpags.skogsstyrelsen.se/arcgis/rest/services/Geodataportal/GeodataportalVisaAvverkningsanmalan/MapServer/0/query?where=Lannr%3D%2717%27+AND+ArendeAr%3D2022+AND+Inkomdatum+%3E%3D+DATE+%272022-10-01%27&outFields=Beteckn%2CLannr%2CKommunnr%2CArendeAr%2CInkomdatum%2CAnmaldHa%2CAvvHa%2CAvvSasong%2CAvverktyp&returnGeometry=false&orderByFields=Beteckn&f=json,2026-09-04T14:11:24Z,200,application/json,91933,c67a3a9935800aca5ece98ed8a5db46fda2ddc65618a5d97c27f5e2e864875a7,"""7061410a""",,first_capture,raw/skogsstyrelsen.harvest.notified/2026/09/20260904T141124Z-c67a3a993580.json,,
skogsstyrelsen.harvest.notified,https://geodpags.skogsstyrelsen.se/arcgis/rest/services/Geodataportal/GeodataportalVisaAvverkningsanmalan/MapServer/0/query?where=Lannr%3D%2706%27+AND+ArendeAr%3D2025+AND+Inkomdatum+%3C+DATE+%272025-04-01%27&outFields=Beteckn%2CLannr%2CKommunnr%2CArendeAr%2CInkomdatum%2CAnmaldHa%2CAvvHa%2CAvvSasong%2CAvverktyp&returnGeometry=false&orderByFields=Beteckn&f=json,2026-09-04T14:11:28Z,200,application/json,73195,72b275d6dce623b5acb9acc5522015734b773388d5c96f7505d5988183087c2c,"""60c6d1a0""",,first_capture,raw/skogsstyrelsen.harvest.notified/2026/09/20260904T141128Z-72b275d6dce6.json,,
skogsstyrelsen.harvest.notified,https://geodpags.skogsstyrelsen.se/arcgis/rest/services/Geodataportal/GeodataportalVisaAvverkningsanmalan/MapServer/0/query?where=Lannr%3D%2706%27+AND+ArendeAr%3D2025+AND+Inkomdatum+%3E%3D+DATE+%272025-04-01%27+AND+Inkomdatum+%3C+DATE+%272025-07-01%27&outFields=Beteckn%2CLannr%2CKommunnr%2CArendeAr%2CInkomdatum%2CAnmaldHa%2CAvvHa%2CAvvSasong%2CAvverktyp&returnGeometry=false&orderByFields=Beteckn&f=json,2026-09-04T14:11:33Z,200,application/json,76361,c50c5122a2aa5945b50a5de69679e14f0c2f249cbe80259015aaaba7d436a9b9,"""c6b85843""",,first_capture,raw/skogsstyrelsen.harvest.notified/2026/09/20260904T141133Z-c50c5122a2aa.json,,
skogsstyrelsen.harvest.notified,https://geodpags.skogsstyrelsen.se/arcgis/rest/services/Geodataportal/GeodataportalVisaAvverkningsanmalan/MapServer/0/query?where=Lannr%3D%2706%27+AND+ArendeAr%3D2025+AND+Inkomdatum+%3E%3D+DATE+%272025-07-01%27+AND+Inkomdatum+%3C+DATE+%272025-10-01%27&outFields=Beteckn%2CLannr%2CKommunnr%2CArendeAr%2CInkomdatum%2CAnmaldHa%2CAvvHa%2CAvvSasong%2CAvverktyp&returnGeometry=false&orderByFields=Beteckn&f=json,2026-09-04T14:11:37Z,200,application/json,72225,6aa1b32f041c6e269f8bf0778f2ec884bbb23d9f41225ea05e4a77071968ddc0,"""e0e142d1""",,first_capture,raw/skogsstyrelsen.harvest.notified/2026/09/20260904T141137Z-6aa1b32f041c.json,,
skogsstyrelsen.harvest.notified,https://geodpags.skogsstyrelsen.se/arcgis/rest/services/Geodataportal/GeodataportalVisaAvverkningsanmalan/MapServer/0/query?where=Lannr%3D%2706%27+AND+ArendeAr%3D2025+AND+Inkomdatum+%3E%3D+DATE+%272025-10-01%27&outFields=Beteckn%2CLannr%2CKommunnr%2CArendeAr%2CInkomdatum%2CAnmaldHa%2CAvvHa%2CAvvSasong%2CAvverktyp&returnGeometry=false&orderByFields=Beteckn&f=json,2026-09-04T14:11:41Z,200,application/json,85725,2f6211727bf85c9ce961a56ed75ae2887abc1eeb453d96c8b5eaca38328c8e03,"""c80482f4""",,first_capture,raw/skogsstyrelsen.harvest.notified/2026/09/20260904T141141Z-2f6211727bf8.json,,
skogsstyrelsen.harvest.notified,https://geodpags.skogsstyrelsen.se/arcgis/rest/services/Geodataportal/GeodataportalVisaAvverkningsanmalan/MapServer/0/query?where=Lannr%3D%2722%27+AND+ArendeAr%3D2023+AND+Inkomdatum+%3C+DATE+%272023-04-01%27&outFields=Beteckn%2CLannr%2CKommunnr%2CArendeAr%2CInkomdatum%2CAnmaldHa%2CAvvHa%2CAvvSasong%2CAvverktyp&returnGeometry=false&orderByFields=Beteckn&f=json,2026-09-04T14:11:46Z,200,application/json,52407,a210d07f4e62db4c12abafaef9ce2ae44944d2203ec9df9b063e3ba581fe265b,"""11888c5c""",,first_capture,raw/skogsstyrelsen.harvest.notified/2026/09/20260904T141146Z-a210d07f4e62.json,,
skogsstyrelsen.harvest.notified,https://geodpags.skogsstyrelsen.se/arcgis/rest/services/Geodataportal/GeodataportalVisaAvverkningsanmalan/MapServer/0/query?where=Lannr%3D%2722%27+AND+ArendeAr%3D2023+AND+Inkomdatum+%3E%3D+DATE+%272023-04-01%27+AND+Inkomdatum+%3C+DATE+%272023-07-01%27&outFields=Beteckn%2CLannr%2CKommunnr%2CArendeAr%2CInkomdatum%2CAnmaldHa%2CAvvHa%2CAvvSasong%2CAvverktyp&returnGeometry=false&orderByFields=Beteckn&f=json,2026-09-04T14:11:51Z,200,application/json,66109,15d9c94f8f3d98eb93b3f57237a78a9411a6d31df3490d0ebeb5faf8fe7b39ad,"""7a7073df""",,first_capture,raw/skogsstyrelsen.harvest.notified/2026/09/20260904T141151Z-15d9c94f8f3d.json,,
skogsstyrelsen.harvest.notified,https://geodpags.skogsstyrelsen.se/arcgis/rest/services/Geodataportal/GeodataportalVisaAvverkningsanmalan/MapServer/0/query?where=Lannr%3D%2722%27+AND+ArendeAr%3D2023+AND+Inkomdatum+%3E%3D+DATE+%272023-07-01%27+AND+Inkomdatum+%3C+DATE+%272023-10-01%27&outFields=Beteckn%2CLannr%2CKommunnr%2CArendeAr%2CInkomdatum%2CAnmaldHa%2CAvvHa%2CAvvSasong%2CAvverktyp&returnGeometry=false&orderByFields=Beteckn&f=json,2026-09-04T14:11:56Z,200,application/json,85051,90db30cc8e40db215d275a61afc21aff1734fa474e82170c06cdf0d5dbd87382,"""d88adc22""",,first_capture,raw/skogsstyrelsen.harvest.notified/2026/09/20260904T141156Z-90db30cc8e40.json,,
skogsstyrelsen.harvest.notified,https://geodpags.skogsstyrelsen.se/arcgis/rest/services/Geodataportal/GeodataportalVisaAvverkningsanmalan/MapServer/0/query?where=Lannr%3D%2722%27+AND+ArendeAr%3D2023+AND+Inkomdatum+%3E%3D+DATE+%272023-10-01%27&outFields=Beteckn%2CLannr%2CKommunnr%2CArendeAr%2CInkomdatum%2CAnmaldHa%2CAvvHa%2CAvvSasong%2CAvverktyp&returnGeometry=false&orderByFields=Beteckn&f=json,2026-09-04T14:11:59Z,200,application/json,98279,a0e73f7b4e40841986d3be2b1950f98cc9323a1b49663419a14e3dc15f904ba9,"""1b9f7ae6""",,first_capture,raw/skogsstyrelsen.harvest.notified/2026/09/20260904T141159Z-a0e73f7b4e40.json,,
skogsstyrelsen.harvest.notified,https://geodpags.skogsstyrelsen.se/arcgis/rest/services/Geodataportal/GeodataportalVisaAvverkningsanmalan/MapServer/0/query?where=Lannr%3D%2721%27+AND+ArendeAr%3D2024&outFields=Beteckn%2CLannr%2CKommunnr%2CArendeAr%2CInkomdatum%2CAnmaldHa%2CAvvHa%2CAvvSasong%2CAvverktyp&returnGeometry=false&orderByFields=Beteckn&f=json,2026-09-04T14:12:04Z,200,application/json,285356,73045ea79d69770c3ed867cd1c78b51cf1c9173562d04ff695d17088b71463a2,"""fa1bf881""",,first_capture,raw/skogsstyrelsen.harvest.notified/2026/09/20260904T141204Z-73045ea79d69.json,,
skogsstyrelsen.harvest.notified,https://geodpags.skogsstyrelsen.se/arcgis/rest/services/Geodataportal/GeodataportalVisaAvverkningsanmalan/MapServer/0/query?where=Lannr%3D%2706%27+AND+ArendeAr%3D2023&outFields=Beteckn%2CLannr%2CKommunnr%2CArendeAr%2CInkomdatum%2CAnmaldHa%2CAvvHa%2CAvvSasong%2CAvverktyp&returnGeometry=false&orderByFields=Beteckn&f=json,2026-09-04T14:12:08Z,200,application/json,276147,0eb4dc7b40fd2be878fe64c5a775a8353db2d4e1f8494b11fe730f79b313afe5,"""8f07110b""",,first_capture,raw/skogsstyrelsen.harvest.notified/2026/09/20260904T141208Z-0eb4dc7b40fd.json,,
skogsstyrelsen.harvest.notified,https://geodpags.skogsstyrelsen.se/arcgis/rest/services/Geodataportal/GeodataportalVisaAvverkningsanmalan/MapServer/0/query?where=Lannr%3D%2720%27+AND+ArendeAr%3D2023&outFields=Beteckn%2CLannr%2CKommunnr%2CArendeAr%2CInkomdatum%2CAnmaldHa%2CAvvHa%2CAvvSasong%2CAvverktyp&returnGeometry=false&orderByFields=Beteckn&f=json,2026-09-04T14:12:12Z,200,application/json,268929,9d9f00ed65cf30adba4ce8888867eb9c67bf58a756679daa30bd3766713d7b09,"""c348527f""",,first_capture,raw/skogsstyrelsen.harvest.notified/2026/09/20260904T141212Z-9d9f00ed65cf.json,,
skogsstyrelsen.harvest.notified,https://geodpags.skogsstyrelsen.se/arcgis/rest/services/Geodataportal/GeodataportalVisaAvverkningsanmalan/MapServer/0/query?where=Lannr%3D%2705%27+AND+ArendeAr%3D2023&outFields=Beteckn%2CLannr%2CKommunnr%2CArendeAr%2CInkomdatum%2CAnmaldHa%2CAvvHa%2CAvvSasong%2CAvverktyp&returnGeometry=false&orderByFields=Beteckn&f=json,2026-09-04T14:12:15Z,200,application/json,263510,51478176195d5e9c1085651ad55be4763bca93306db7c828797d4acae50781b4,"""64d4a3e7""",,first_capture,raw/skogsstyrelsen.harvest.notified/2026/09/20260904T141215Z-51478176195d.json,,
skogsstyrelsen.harvest.notified,https://geodpags.skogsstyrelsen.se/arcgis/rest/services/Geodataportal/GeodataportalVisaAvverkningsanmalan/MapServer/0/query?where=Lannr%3D%2722%27+AND+ArendeAr%3D2022&outFields=Beteckn%2CLannr%2CKommunnr%2CArendeAr%2CInkomdatum%2CAnmaldHa%2CAvvHa%2CAvvSasong%2CAvverktyp&returnGeometry=false&orderByFields=Beteckn&f=json,2026-09-04T14:12:20Z,200,application/json,267746,bf294bc2a4696982dbc67eb1ba12d6a249d9270cc45738b9d411c96a67cc9686,"""6dfb1d71""",,first_capture,raw/skogsstyrelsen.harvest.notified/2026/09/20260904T141220Z-bf294bc2a469.json,,
skogsstyrelsen.harvest.notified,https://geodpags.skogsstyrelsen.se/arcgis/rest/services/Geodataportal/GeodataportalVisaAvverkningsanmalan/MapServer/0/query?where=Lannr%3D%2723%27+AND+ArendeAr%3D2023&outFields=Beteckn%2CLannr%2CKommunnr%2CArendeAr%2CInkomdatum%2CAnmaldHa%2CAvvHa%2CAvvSasong%2CAvverktyp&returnGeometry=false&orderByFields=Beteckn&f=json,2026-09-04T14:12:25Z,200,application/json,268436,3d78cb5a6aa9d999fd721e5c81630368838612a0234a84da6b0ac4cbd18f9860,"""e9fd874e""",,first_capture,raw/skogsstyrelsen.harvest.notified/2026/09/20260904T141225Z-3d78cb5a6aa9.json,,
skogsstyrelsen.harvest.notified,https://geodpags.skogsstyrelsen.se/arcgis/rest/services/Geodataportal/GeodataportalVisaAvverkningsanmalan/MapServer/0/query?where=Lannr%3D%2707%27+AND+ArendeAr%3D2023&outFields=Beteckn%2CLannr%2CKommunnr%2CArendeAr%2CInkomdatum%2CAnmaldHa%2CAvvHa%2CAvvSasong%2CAvverktyp&returnGeometry=false&orderByFields=Beteckn&f=json,2026-09-04T14:12:28Z,200,application/json,255222,86062cbad35717ff0169eae22864070c71e9753308d0224181d588a6d0854578,"""6d05829c""",,first_capture,raw/skogsstyrelsen.harvest.notified/2026/09/20260904T141228Z-86062cbad357.json,,
skogsstyrelsen.harvest.notified,https://geodpags.skogsstyrelsen.se/arcgis/rest/services/Geodataportal/GeodataportalVisaAvverkningsanmalan/MapServer/0/query?where=Lannr%3D%2706%27+AND+ArendeAr%3D2024&outFields=Beteckn%2CLannr%2CKommunnr%2CArendeAr%2CInkomdatum%2CAnmaldHa%2CAvvHa%2CAvvSasong%2CAvverktyp&returnGeometry=false&orderByFields=Beteckn&f=json,2026-09-04T14:12:33Z,200,application/json,256016,6afca91adcf7f9f4f52d8944c55761b234b607480c9717c5af60fda04fb373ad,"""71bc61d8""",,first_capture,raw/skogsstyrelsen.harvest.notified/2026/09/20260904T141233Z-6afca91adcf7.json,,
skogsstyrelsen.harvest.notified,https://geodpags.skogsstyrelsen.se/arcgis/rest/services/Geodataportal/GeodataportalVisaAvverkningsanmalan/MapServer/0/query?where=Lannr%3D%2724%27+AND+ArendeAr%3D2022&outFields=Beteckn%2CLannr%2CKommunnr%2CArendeAr%2CInkomdatum%2CAnmaldHa%2CAvvHa%2CAvvSasong%2CAvverktyp&returnGeometry=false&orderByFields=Beteckn&f=json,2026-09-04T14:12:36Z,200,application/json,239481,c15a962875163a241958b002afc68d35262e5d6a57de637732451ed4cb3f8f9d,"""d3fdeaad""",,first_capture,raw/skogsstyrelsen.harvest.notified/2026/09/20260904T141236Z-c15a96287516.json,,
skogsstyrelsen.harvest.notified,https://geodpags.skogsstyrelsen.se/arcgis/rest/services/Geodataportal/GeodataportalVisaAvverkningsanmalan/MapServer/0/query?where=Lannr%3D%2708%27+AND+ArendeAr%3D2025&outFields=Beteckn%2CLannr%2CKommunnr%2CArendeAr%2CInkomdatum%2CAnmaldHa%2CAvvHa%2CAvvSasong%2CAvverktyp&returnGeometry=false&orderByFields=Beteckn&f=json,2026-09-04T14:12:40Z,200,application/json,237818,68a9ae68e908bed031f6a77c6d87cea8b9f93a11b2fab1d0c31ea450f2bfb481,"""8af2433a""",,first_capture,raw/skogsstyrelsen.harvest.notified/2026/09/20260904T141240Z-68a9ae68e908.json,,
skogsstyrelsen.harvest.notified,https://geodpags.skogsstyrelsen.se/arcgis/rest/services/Geodataportal/GeodataportalVisaAvverkningsanmalan/MapServer/0/query?where=Lannr%3D%2705%27+AND+ArendeAr%3D2025&outFields=Beteckn%2CLannr%2CKommunnr%2CArendeAr%2CInkomdatum%2CAnmaldHa%2CAvvHa%2CAvvSasong%2CAvverktyp&returnGeometry=false&orderByFields=Beteckn&f=json,2026-09-04T14:12:43Z,200,application/json,237499,cf912141bf9782b5d655c86f5b5dc116d950cdb19fe5c721386ed39c8d24d97e,"""a4c4f1b7""",,first_capture,raw/skogsstyrelsen.harvest.notified/2026/09/20260904T141243Z-cf912141bf97.json,,
skogsstyrelsen.harvest.notified,https://geodpags.skogsstyrelsen.se/arcgis/rest/services/Geodataportal/GeodataportalVisaAvverkningsanmalan/MapServer/0/query?where=Lannr%3D%2723%27+AND+ArendeAr%3D2022&outFields=Beteckn%2CLannr%2CKommunnr%2CArendeAr%2CInkomdatum%2CAnmaldHa%2CAvvHa%2CAvvSasong%2CAvverktyp&returnGeometry=false&orderByFields=Beteckn&f=json,2026-09-04T14:12:46Z,200,application/json,240921,0a7584fc08531f78a43f392f4587cca8afa78a6fb4bc52b7a6e18df6aa00783a,"""e32f3476""",,first_capture,raw/skogsstyrelsen.harvest.notified/2026/09/20260904T141246Z-0a7584fc0853.json,,
skogsstyrelsen.harvest.notified,https://geodpags.skogsstyrelsen.se/arcgis/rest/services/Geodataportal/GeodataportalVisaAvverkningsanmalan/MapServer/0/query?where=Lannr%3D%2725%27+AND+ArendeAr%3D2024&outFields=Beteckn%2CLannr%2CKommunnr%2CArendeAr%2CInkomdatum%2CAnmaldHa%2CAvvHa%2CAvvSasong%2CAvverktyp&returnGeometry=false&orderByFields=Beteckn&f=json,2026-09-04T14:12:50Z,200,application/json,233057,49740b35017eaa8715810abbbe89eb916656b46daf677d425996188318f2657e,"""6c5cd555""",,first_capture,raw/skogsstyrelsen.harvest.notified/2026/09/20260904T141250Z-49740b35017e.json,,
skogsstyrelsen.harvest.notified,https://geodpags.skogsstyrelsen.se/arcgis/rest/services/Geodataportal/GeodataportalVisaAvverkningsanmalan/MapServer/0/query?where=Lannr%3D%2712%27+AND+ArendeAr%3D2023&outFields=Beteckn%2CLannr%2CKommunnr%2CArendeAr%2CInkomdatum%2CAnmaldHa%2CAvvHa%2CAvvSasong%2CAvverktyp&returnGeometry=false&orderByFields=Beteckn&f=json,2026-09-04T14:12:53Z,200,application/json,230356,0993604a0ef96b8550c4a7212a19862e98ab18b04a072ba50d56daf63517fde8,"""583a2571""",,first_capture,raw/skogsstyrelsen.harvest.notified/2026/09/20260904T141253Z-0993604a0ef9.json,,
skogsstyrelsen.harvest.notified,https://geodpags.skogsstyrelsen.se/arcgis/rest/services/Geodataportal/GeodataportalVisaAvverkningsanmalan/MapServer/0/query?where=Lannr%3D%2721%27+AND+ArendeAr%3D2023&outFields=Beteckn%2CLannr%2CKommunnr%2CArendeAr%2CInkomdatum%2CAnmaldHa%2CAvvHa%2CAvvSasong%2CAvverktyp&returnGeometry=false&orderByFields=Beteckn&f=json,2026-09-04T14:12:57Z,200,application/json,229671,6bfee762a4005f3b4d7b25b5cbcb8b09a005fc2acaee3a8ba4f59e53037fe91e,"""d5156ed6""",,first_capture,raw/skogsstyrelsen.harvest.notified/2026/09/20260904T141257Z-6bfee762a400.json,,
skogsstyrelsen.harvest.notified,https://geodpags.skogsstyrelsen.se/arcgis/rest/services/Geodataportal/GeodataportalVisaAvverkningsanmalan/MapServer/0/query?where=Lannr%3D%2708%27+AND+ArendeAr%3D2024&outFields=Beteckn%2CLannr%2CKommunnr%2CArendeAr%2CInkomdatum%2CAnmaldHa%2CAvvHa%2CAvvSasong%2CAvverktyp&returnGeometry=false&orderByFields=Beteckn&f=json,2026-09-04T14:13:00Z,200,application/json,222805,0858351d6c5b10ce406cfb93960ddb51d19c555aa01a47f5f098494d0c023b36,"""88f6f3fe""",,first_capture,raw/skogsstyrelsen.harvest.notified/2026/09/20260904T141300Z-0858351d6c5b.json,,
skogsstyrelsen.harvest.notified,https://geodpags.skogsstyrelsen.se/arcgis/rest/services/Geodataportal/GeodataportalVisaAvverkningsanmalan/MapServer/0/query?where=Lannr%3D%2707%27+AND+ArendeAr%3D2024&outFields=Beteckn%2CLannr%2CKommunnr%2CArendeAr%2CInkomdatum%2CAnmaldHa%2CAvvHa%2CAvvSasong%2CAvverktyp&returnGeometry=false&orderByFields=Beteckn&f=json,2026-09-04T14:13:03Z,200,application/json,221090,7f9f4811ad43b23546bc574f5fbd18fffeff9770422c9698b05e94144dba33a5,"""f63a13e9""",,first_capture,raw/skogsstyrelsen.harvest.notified/2026/09/20260904T141303Z-7f9f4811ad43.json,,
skogsstyrelsen.harvest.notified,https://geodpags.skogsstyrelsen.se/arcgis/rest/services/Geodataportal/GeodataportalVisaAvverkningsanmalan/MapServer/0/query?where=Lannr%3D%2707%27+AND+ArendeAr%3D2025&outFields=Beteckn%2CLannr%2CKommunnr%2CArendeAr%2CInkomdatum%2CAnmaldHa%2CAvvHa%2CAvvSasong%2CAvverktyp&returnGeometry=false&orderByFields=Beteckn&f=json,2026-09-04T14:13:07Z,200,application/json,221480,f202cd306a884ba8cd9d0b9d45577c26a79eca1c16757463729ce5cfa08b95f7,"""cda0aef6""",,first_capture,raw/skogsstyrelsen.harvest.notified/2026/09/20260904T141307Z-f202cd306a88.json,,
skogsstyrelsen.harvest.notified,https://geodpags.skogsstyrelsen.se/arcgis/rest/services/Geodataportal/GeodataportalVisaAvverkningsanmalan/MapServer/0/query?where=Lannr%3D%2712%27+AND+ArendeAr%3D2024&outFields=Beteckn%2CLannr%2CKommunnr%2CArendeAr%2CInkomdatum%2CAnmaldHa%2CAvvHa%2CAvvSasong%2CAvverktyp&returnGeometry=false&orderByFields=Beteckn&f=json,2026-09-04T14:13:12Z,200,application/json,212825,319ced9af45332213ae64144e4655fb6f419dcfe352e20ecf15c9391b253c680,"""b33e6e80""",,first_capture,raw/skogsstyrelsen.harvest.notified/2026/09/20260904T141312Z-319ced9af453.json,,
skogsstyrelsen.harvest.notified,https://geodpags.skogsstyrelsen.se/arcgis/rest/services/Geodataportal/GeodataportalVisaAvverkningsanmalan/MapServer/0/query?where=Lannr%3D%2708%27+AND+ArendeAr%3D2022&outFields=Beteckn%2CLannr%2CKommunnr%2CArendeAr%2CInkomdatum%2CAnmaldHa%2CAvvHa%2CAvvSasong%2CAvverktyp&returnGeometry=false&orderByFields=Beteckn&f=json,2026-09-04T14:13:15Z,200,application/json,211279,38d2242a1c7ede44d33823766c12f642b1ac5622eacc4ccd9678936c92ccd4fc,"""b8986ccc""",,first_capture,raw/skogsstyrelsen.harvest.notified/2026/09/20260904T141315Z-38d2242a1c7e.json,,
skogsstyrelsen.harvest.notified,https://geodpags.skogsstyrelsen.se/arcgis/rest/services/Geodataportal/GeodataportalVisaAvverkningsanmalan/MapServer/0/query?where=Lannr%3D%2705%27+AND+ArendeAr%3D2026&outFields=Beteckn%2CLannr%2CKommunnr%2CArendeAr%2CInkomdatum%2CAnmaldHa%2CAvvHa%2CAvvSasong%2CAvverktyp&returnGeometry=false&orderByFields=Beteckn&f=json,2026-09-04T14:13:18Z,200,application/json,209219,dec21e029080b958a7d2238f443636f1ed40f2a2d0255a04c975e43d9f0ded79,"""736386a""",,first_capture,raw/skogsstyrelsen.harvest.notified/2026/09/20260904T141318Z-dec21e029080.json,,
skogsstyrelsen.harvest.notified,https://geodpags.skogsstyrelsen.se/arcgis/rest/services/Geodataportal/GeodataportalVisaAvverkningsanmalan/MapServer/0/query?where=Lannr%3D%2708%27+AND+ArendeAr%3D2026&outFields=Beteckn%2CLannr%2CKommunnr%2CArendeAr%2CInkomdatum%2CAnmaldHa%2CAvvHa%2CAvvSasong%2CAvverktyp&returnGeometry=false&orderByFields=Beteckn&f=json,2026-09-04T14:13:23Z,200,application/json,208165,e53e012de792c6582daaad03f04c776377e3dcd2444dffad2a2c704117929ee9,"""9f3a0aee""",,first_capture,raw/skogsstyrelsen.harvest.notified/2026/09/20260904T141323Z-e53e012de792.json,,
skogsstyrelsen.harvest.notified,https://geodpags.skogsstyrelsen.se/arcgis/rest/services/Geodataportal/GeodataportalVisaAvverkningsanmalan/MapServer/0/query?where=Lannr%3D%2706%27+AND+ArendeAr%3D2026&outFields=Beteckn%2CLannr%2CKommunnr%2CArendeAr%2CInkomdatum%2CAnmaldHa%2CAvvHa%2CAvvSasong%2CAvverktyp&returnGeometry=false&orderByFields=Beteckn&f=json,2026-09-04T14:13:26Z,200,application/json,202680,61e7910245dcea6e7bb910184457644676b2389ea6b441dfc9071fec4852d269,"""1d037a58""",,first_capture,raw/skogsstyrelsen.harvest.notified/2026/09/20260904T141326Z-61e7910245dc.json,,
skogsstyrelsen.harvest.notified,https://geodpags.skogsstyrelsen.se/arcgis/rest/services/Geodataportal/GeodataportalVisaAvverkningsanmalan/MapServer/0/query?where=Lannr%3D%2720%27+AND+ArendeAr%3D2022&outFields=Beteckn%2CLannr%2CKommunnr%2CArendeAr%2CInkomdatum%2CAnmaldHa%2CAvvHa%2CAvvSasong%2CAvverktyp&returnGeometry=false&orderByFields=Beteckn&f=json,2026-09-04T14:13:31Z,200,application/json,198684,ebe1b499813083babc6b1df82094b4e2418c05d34a8820317d0b8d272b76a14c,"""4b5666ed""",,first_capture,raw/skogsstyrelsen.harvest.notified/2026/09/20260904T141331Z-ebe1b4998130.json,,
skogsstyrelsen.harvest.notified,https://geodpags.skogsstyrelsen.se/arcgis/rest/services/Geodataportal/GeodataportalVisaAvverkningsanmalan/MapServer/0/query?where=Lannr%3D%2706%27+AND+ArendeAr%3D2022&outFields=Beteckn%2CLannr%2CKommunnr%2CArendeAr%2CInkomdatum%2CAnmaldHa%2CAvvHa%2CAvvSasong%2CAvverktyp&returnGeometry=false&orderByFields=Beteckn&f=json,2026-09-04T14:13:35Z,200,application/json,196160,167c1842b2baab60cadf3644e6016febb4da765607028f077aaf6a36fb25c30f,"""e5431ff0""",,first_capture,raw/skogsstyrelsen.harvest.notified/2026/09/20260904T141335Z-167c1842b2ba.json,,
skogsstyrelsen.harvest.notified,https://geodpags.skogsstyrelsen.se/arcgis/rest/services/Geodataportal/GeodataportalVisaAvverkningsanmalan/MapServer/0/query?where=Lannr%3D%2705%27+AND+ArendeAr%3D2022&outFields=Beteckn%2CLannr%2CKommunnr%2CArendeAr%2CInkomdatum%2CAnmaldHa%2CAvvHa%2CAvvSasong%2CAvverktyp&returnGeometry=false&orderByFields=Beteckn&f=json,2026-09-04T14:13:39Z,200,application/json,195154,b53ba6aa113bef59cf4f42d79f781e0b30763a0acd6dffe28cb980e3db6b58f6,"""a9754e5e""",,first_capture,raw/skogsstyrelsen.harvest.notified/2026/09/20260904T141339Z-b53ba6aa113b.json,,
skogsstyrelsen.harvest.notified,https://geodpags.skogsstyrelsen.se/arcgis/rest/services/Geodataportal/GeodataportalVisaAvverkningsanmalan/MapServer/0/query?where=Lannr%3D%2712%27+AND+ArendeAr%3D2025&outFields=Beteckn%2CLannr%2CKommunnr%2CArendeAr%2CInkomdatum%2CAnmaldHa%2CAvvHa%2CAvvSasong%2CAvverktyp&returnGeometry=false&orderByFields=Beteckn&f=json,2026-09-04T14:13:43Z,200,application/json,193108,a3f6abc8cc02e134db67c142c8ad5d30d1f5b8c2f4e881e2f036ac3dc287e812,"""be51311b""",,first_capture,raw/skogsstyrelsen.harvest.notified/2026/09/20260904T141343Z-a3f6abc8cc02.json,,
skogsstyrelsen.harvest.notified,https://geodpags.skogsstyrelsen.se/arcgis/rest/services/Geodataportal/GeodataportalVisaAvverkningsanmalan/MapServer/0/query?where=Lannr%3D%2707%27+AND+ArendeAr%3D2026&outFields=Beteckn%2CLannr%2CKommunnr%2CArendeAr%2CInkomdatum%2CAnmaldHa%2CAvvHa%2CAvvSasong%2CAvverktyp&returnGeometry=false&orderByFields=Beteckn&f=json,2026-09-04T14:13:46Z,200,application/json,187555,0e406128baa8889e6bd86602a93ec02f36711f96becd69f9c4a5f6c616b03442,"""c21ae8dc""",,first_capture,raw/skogsstyrelsen.harvest.notified/2026/09/20260904T141346Z-0e406128baa8.json,,
skogsstyrelsen.harvest.notified,https://geodpags.skogsstyrelsen.se/arcgis/rest/services/Geodataportal/GeodataportalVisaAvverkningsanmalan/MapServer/0/query?where=Lannr%3D%2721%27+AND+ArendeAr%3D2022&outFields=Beteckn%2CLannr%2CKommunnr%2CArendeAr%2CInkomdatum%2CAnmaldHa%2CAvvHa%2CAvvSasong%2CAvverktyp&returnGeometry=false&orderByFields=Beteckn&f=json,2026-09-04T14:13:51Z,200,application/json,180423,b7f86fa7b3fc051ef79e5c05da13afd390470dec4933c5e0c2329ade8cc5bcb4,"""78cf4edb""",,first_capture,raw/skogsstyrelsen.harvest.notified/2026/09/20260904T141351Z-b7f86fa7b3fc.json,,
skogsstyrelsen.harvest.notified,https://geodpags.skogsstyrelsen.se/arcgis/rest/services/Geodataportal/GeodataportalVisaAvverkningsanmalan/MapServer/0/query?where=Lannr%3D%2704%27+AND+ArendeAr%3D2022&outFields=Beteckn%2CLannr%2CKommunnr%2CArendeAr%2CInkomdatum%2CAnmaldHa%2CAvvHa%2CAvvSasong%2CAvverktyp&returnGeometry=false&orderByFields=Beteckn&f=json,2026-09-04T14:13:56Z,200,application/json,177115,0bb773a9933616f64ad7742d48dda2bee9661a318a9cc381e6846b1298fcbec0,"""3ccd3fcf""",,first_capture,raw/skogsstyrelsen.harvest.notified/2026/09/20260904T141356Z-0bb773a99336.json,,
skogsstyrelsen.harvest.notified,https://geodpags.skogsstyrelsen.se/arcgis/rest/services/Geodataportal/GeodataportalVisaAvverkningsanmalan/MapServer/0/query?where=Lannr%3D%2725%27+AND+ArendeAr%3D2023&outFields=Beteckn%2CLannr%2CKommunnr%2CArendeAr%2CInkomdatum%2CAnmaldHa%2CAvvHa%2CAvvSasong%2CAvverktyp&returnGeometry=false&orderByFields=Beteckn&f=json,2026-09-04T14:13:59Z,200,application/json,177294,57e9dfb2cd4e86cd03cf51dd58d929428f7d607484f9b72d75b77f091c94c51a,"""34b4a3e5""",,first_capture,raw/skogsstyrelsen.harvest.notified/2026/09/20260904T141359Z-57e9dfb2cd4e.json,,
skogsstyrelsen.harvest.notified,https://geodpags.skogsstyrelsen.se/arcgis/rest/services/Geodataportal/GeodataportalVisaAvverkningsanmalan/MapServer/0/query?where=Lannr%3D%2705%27+AND+ArendeAr%3D2024&outFields=Beteckn%2CLannr%2CKommunnr%2CArendeAr%2CInkomdatum%2CAnmaldHa%2CAvvHa%2CAvvSasong%2CAvverktyp&returnGeometry=false&orderByFields=Beteckn&f=json,2026-09-04T14:14:02Z,200,application/json,174685,a75aff7c08873db25d93ca111b9a607c11d99e1693f54ef0274088f78c84ddf8,"""c3d3255""",,first_capture,raw/skogsstyrelsen.harvest.notified/2026/09/20260904T141402Z-a75aff7c0887.json,,
skogsstyrelsen.harvest.notified,https://geodpags.skogsstyrelsen.se/arcgis/rest/services/Geodataportal/GeodataportalVisaAvverkningsanmalan/MapServer/0/query?where=Lannr%3D%2707%27+AND+ArendeAr%3D2022&outFields=Beteckn%2CLannr%2CKommunnr%2CArendeAr%2CInkomdatum%2CAnmaldHa%2CAvvHa%2CAvvSasong%2CAvverktyp&returnGeometry=false&orderByFields=Beteckn&f=json,2026-09-04T14:14:06Z,200,application/json,171358,f2ed033bd88390fe8df17557513d465608430529cb0213e13c2a3b2d594ca9b7,"""83ffab12""",,first_capture,raw/skogsstyrelsen.harvest.notified/2026/09/20260904T141406Z-f2ed033bd883.json,,
skogsstyrelsen.harvest.notified,https://geodpags.skogsstyrelsen.se/arcgis/rest/services/Geodataportal/GeodataportalVisaAvverkningsanmalan/MapServer/0/query?where=Lannr%3D%2714%27+AND+ArendeAr%3D2021&outFields=Beteckn%2CLannr%2CKommunnr%2CArendeAr%2CInkomdatum%2CAnmaldHa%2CAvvHa%2CAvvSasong%2CAvverktyp&returnGeometry=false&orderByFields=Beteckn&f=json,2026-09-04T14:14:10Z,200,application/json,168513,f0d2b8afd7016cf971442ffa8c57d56b6720f100179f84a3502599b92751d5fc,"""7f638881""",,first_capture,raw/skogsstyrelsen.harvest.notified/2026/09/20260904T141410Z-f0d2b8afd701.json,,
skogsstyrelsen.harvest.notified,https://geodpags.skogsstyrelsen.se/arcgis/rest/services/Geodataportal/GeodataportalVisaAvverkningsanmalan/MapServer/0/query?where=Lannr%3D%2704%27+AND+ArendeAr%3D2023&outFields=Beteckn%2CLannr%2CKommunnr%2CArendeAr%2CInkomdatum%2CAnmaldHa%2CAvvHa%2CAvvSasong%2CAvverktyp&returnGeometry=false&orderByFields=Beteckn&f=json,2026-09-04T14:14:13Z,200,application/json,167599,c8386be99a03834ad5c0cf186a6c100e5e4f919d31b6c26944ad3ed996dc36cb,"""46f0649""",,first_capture,raw/skogsstyrelsen.harvest.notified/2026/09/20260904T141413Z-c8386be99a03.json,,
skogsstyrelsen.harvest.notified,https://geodpags.skogsstyrelsen.se/arcgis/rest/services/Geodataportal/GeodataportalVisaAvverkningsanmalan/MapServer/0/query?where=Lannr%3D%2718%27+AND+ArendeAr%3D2026&outFields=Beteckn%2CLannr%2CKommunnr%2CArendeAr%2CInkomdatum%2CAnmaldHa%2CAvvHa%2CAvvSasong%2CAvverktyp&returnGeometry=false&orderByFields=Beteckn&f=json,2026-09-04T14:14:17Z,200,application/json,169457,52d7e9654678aaf863b025b790cf5abc9074bc841dab869d5daec26ddb5ae82e,"""5860416c""",,first_capture,raw/skogsstyrelsen.harvest.notified/2026/09/20260904T141417Z-52d7e9654678.json,,
skogsstyrelsen.harvest.notified,https://geodpags.skogsstyrelsen.se/arcgis/rest/services/Geodataportal/GeodataportalVisaAvverkningsanmalan/MapServer/0/query?where=Lannr%3D%2703%27+AND+ArendeAr%3D2026&outFields=Beteckn%2CLannr%2CKommunnr%2CArendeAr%2CInkomdatum%2CAnmaldHa%2CAvvHa%2CAvvSasong%2CAvverktyp&returnGeometry=false&orderByFields=Beteckn&f=json,2026-09-04T14:14:21Z,200,application/json,160766,6e8ea51ed4ca97d044175132ee2c5c2f8dea007dc60af03437035df48ea1ada6,"""cf9f456""",,first_capture,raw/skogsstyrelsen.harvest.notified/2026/09/20260904T141421Z-6e8ea51ed4ca.json,,
skogsstyrelsen.harvest.notified,https://geodpags.skogsstyrelsen.se/arcgis/rest/services/Geodataportal/GeodataportalVisaAvverkningsanmalan/MapServer/0/query?where=Lannr%3D%2703%27+AND+ArendeAr%3D2025&outFields=Beteckn%2CLannr%2CKommunnr%2CArendeAr%2CInkomdatum%2CAnmaldHa%2CAvvHa%2CAvvSasong%2CAvverktyp&returnGeometry=false&orderByFields=Beteckn&f=json,2026-09-04T14:14:26Z,200,application/json,159826,22152dbf38ba52a81c04e7a7d581c0e208dfe464f10375f320cab741e62bdfc9,"""6524fb60""",,first_capture,raw/skogsstyrelsen.harvest.notified/2026/09/20260904T141426Z-22152dbf38ba.json,,
skogsstyrelsen.harvest.notified,https://geodpags.skogsstyrelsen.se/arcgis/rest/services/Geodataportal/GeodataportalVisaAvverkningsanmalan/MapServer/0/query?where=Lannr%3D%2718%27+AND+ArendeAr%3D2023&outFields=Beteckn%2CLannr%2CKommunnr%2CArendeAr%2CInkomdatum%2CAnmaldHa%2CAvvHa%2CAvvSasong%2CAvverktyp&returnGeometry=false&orderByFields=Beteckn&f=json,2026-09-04T14:14:31Z,200,application/json,158162,6784cfc8c2297fa0b5a2e689864f6316a1907aa89f7cb0e05241559c274bcf6c,"""691ceb44""",,first_capture,raw/skogsstyrelsen.harvest.notified/2026/09/20260904T141431Z-6784cfc8c229.json,,
skogsstyrelsen.harvest.notified,https://geodpags.skogsstyrelsen.se/arcgis/rest/services/Geodataportal/GeodataportalVisaAvverkningsanmalan/MapServer/0/query?where=Lannr%3D%2718%27+AND+ArendeAr%3D2024&outFields=Beteckn%2CLannr%2CKommunnr%2CArendeAr%2CInkomdatum%2CAnmaldHa%2CAvvHa%2CAvvSasong%2CAvverktyp&returnGeometry=false&orderByFields=Beteckn&f=json,2026-09-04T14:14:34Z,200,application/json,159684,55a9aa6f567a0f38a95304ddea0193a9f30edbabec65d9d0a300b0f906162336,"""395d926a""",,first_capture,raw/skogsstyrelsen.harvest.notified/2026/09/20260904T141434Z-55a9aa6f567a.json,,
skogsstyrelsen.harvest.notified,https://geodpags.skogsstyrelsen.se/arcgis/rest/services/Geodataportal/GeodataportalVisaAvverkningsanmalan/MapServer/0/query?where=Lannr%3D%2712%27+AND+ArendeAr%3D2022&outFields=Beteckn%2CLannr%2CKommunnr%2CArendeAr%2CInkomdatum%2CAnmaldHa%2CAvvHa%2CAvvSasong%2CAvverktyp&returnGeometry=false&orderByFields=Beteckn&f=json,2026-09-04T14:14:38Z,200,application/json,155948,429a0fc273486ee8a51fd3022799fa8bedf396cc4980dc07bd3b2ef307ed190b,"""24382846""",,first_capture,raw/skogsstyrelsen.harvest.notified/2026/09/20260904T141438Z-429a0fc27348.json,,
skogsstyrelsen.harvest.notified,https://geodpags.skogsstyrelsen.se/arcgis/rest/services/Geodataportal/GeodataportalVisaAvverkningsanmalan/MapServer/0/query?where=Lannr%3D%2712%27+AND+ArendeAr%3D2026&outFields=Beteckn%2CLannr%2CKommunnr%2CArendeAr%2CInkomdatum%2CAnmaldHa%2CAvvHa%2CAvvSasong%2CAvverktyp&returnGeometry=false&orderByFields=Beteckn&f=json,2026-09-04T14:14:41Z,200,application/json,153801,aae50f6be794231e396938f620b05f098427a337e579ba6a9f7ac67d035bf2f9,"""d33d45d6""",,first_capture,raw/skogsstyrelsen.harvest.notified/2026/09/20260904T141441Z-aae50f6be794.json,,
skogsstyrelsen.harvest.notified,https://geodpags.skogsstyrelsen.se/arcgis/rest/services/Geodataportal/GeodataportalVisaAvverkningsanmalan/MapServer/0/query?where=Lannr%3D%2713%27+AND+ArendeAr%3D2025&outFields=Beteckn%2CLannr%2CKommunnr%2CArendeAr%2CInkomdatum%2CAnmaldHa%2CAvvHa%2CAvvSasong%2CAvverktyp&returnGeometry=false&orderByFields=Beteckn&f=json,2026-09-04T14:14:46Z,200,application/json,148069,a9a1d850aeeb7a56fad179ee06b0e7d9efe73f4a84826e25910a00d6ef9a54d4,"""5054d7f1""",,first_capture,raw/skogsstyrelsen.harvest.notified/2026/09/20260904T141446Z-a9a1d850aeeb.json,,
skogsstyrelsen.harvest.notified,https://geodpags.skogsstyrelsen.se/arcgis/rest/services/Geodataportal/GeodataportalVisaAvverkningsanmalan/MapServer/0/query?where=Lannr%3D%2725%27+AND+ArendeAr%3D2022&outFields=Beteckn%2CLannr%2CKommunnr%2CArendeAr%2CInkomdatum%2CAnmaldHa%2CAvvHa%2CAvvSasong%2CAvverktyp&returnGeometry=false&orderByFields=Beteckn&f=json,2026-09-04T14:14:50Z,200,application/json,147055,dba3438bc6cbfcea8e196b35a88b6452abd79401ffde8e85b594296d731280c2,"""e9c718c""",,first_capture,raw/skogsstyrelsen.harvest.notified/2026/09/20260904T141450Z-dba3438bc6cb.json,,
skogsstyrelsen.harvest.notified,https://geodpags.skogsstyrelsen.se/arcgis/rest/services/Geodataportal/GeodataportalVisaAvverkningsanmalan/MapServer/0/query?where=Lannr%3D%2718%27+AND+ArendeAr%3D2025&outFields=Beteckn%2CLannr%2CKommunnr%2CArendeAr%2CInkomdatum%2CAnmaldHa%2CAvvHa%2CAvvSasong%2CAvverktyp&returnGeometry=false&orderByFields=Beteckn&f=json,2026-09-04T14:14:55Z,200,application/json,144725,ff0e7edb0d12be3c9fec3dc9085550e390da077f4c9cd8b28a57152e89d6d9aa,"""baac1617""",,first_capture,raw/skogsstyrelsen.harvest.notified/2026/09/20260904T141455Z-ff0e7edb0d12.json,,
skogsstyrelsen.harvest.notified,https://geodpags.skogsstyrelsen.se/arcgis/rest/services/Geodataportal/GeodataportalVisaAvverkningsanmalan/MapServer/0/query?where=Lannr%3D%2717%27+AND+ArendeAr%3D2021&outFields=Beteckn%2CLannr%2CKommunnr%2CArendeAr%2CInkomdatum%2CAnmaldHa%2CAvvHa%2CAvvSasong%2CAvverktyp&returnGeometry=false&orderByFields=Beteckn&f=json,2026-09-04T14:14:59Z,200,application/json,141047,795f010f46f8ac37068ef89f1dd3fc1558b8ebfa53cc803df92afb0aefe26959,"""a5e84fd0""",,first_capture,raw/skogsstyrelsen.harvest.notified/2026/09/20260904T141459Z-795f010f46f8.json,,
skogsstyrelsen.harvest.notified,https://geodpags.skogsstyrelsen.se/arcgis/rest/services/Geodataportal/GeodataportalVisaAvverkningsanmalan/MapServer/0/query?where=Lannr%3D%2713%27+AND+ArendeAr%3D2023&outFields=Beteckn%2CLannr%2CKommunnr%2CArendeAr%2CInkomdatum%2CAnmaldHa%2CAvvHa%2CAvvSasong%2CAvverktyp&returnGeometry=false&orderByFields=Beteckn&f=json,2026-09-04T14:15:04Z,200,application/json,135637,eb98d0b62e926ae75d0b70fbcd92bf58612da79a87498ba6a6f56795f9a9c050,"""d8f8ca1c""",,first_capture,raw/skogsstyrelsen.harvest.notified/2026/09/20260904T141504Z-eb98d0b62e92.json,,
skogsstyrelsen.harvest.notified,https://geodpags.skogsstyrelsen.se/arcgis/rest/services/Geodataportal/GeodataportalVisaAvverkningsanmalan/MapServer/0/query?where=Lannr%3D%2703%27+AND+ArendeAr%3D2022&outFields=Beteckn%2CLannr%2CKommunnr%2CArendeAr%2CInkomdatum%2CAnmaldHa%2CAvvHa%2CAvvSasong%2CAvverktyp&returnGeometry=false&orderByFields=Beteckn&f=json,2026-09-04T14:15:08Z,200,application/json,130998,4b39fb99172bdeb4e40c6281167fb0d109935a67fb852d66e9fd74e9f88e09df,"""b27bc09e""",,first_capture,raw/skogsstyrelsen.harvest.notified/2026/09/20260904T141508Z-4b39fb99172b.json,,
skogsstyrelsen.harvest.notified,https://geodpags.skogsstyrelsen.se/arcgis/rest/services/Geodataportal/GeodataportalVisaAvverkningsanmalan/MapServer/0/query?where=Lannr%3D%2703%27+AND+ArendeAr%3D2023&outFields=Beteckn%2CLannr%2CKommunnr%2CArendeAr%2CInkomdatum%2CAnmaldHa%2CAvvHa%2CAvvSasong%2CAvverktyp&returnGeometry=false&orderByFields=Beteckn&f=json,2026-09-04T14:15:12Z,200,application/json,130331,28bae05bb6c5d9189a97a3456520aad08e31335cfb21149d6c931deaf6d3894b,"""58443bea""",,first_capture,raw/skogsstyrelsen.harvest.notified/2026/09/20260904T141512Z-28bae05bb6c5.json,,
skogsstyrelsen.harvest.notified,https://geodpags.skogsstyrelsen.se/arcgis/rest/services/Geodataportal/GeodataportalVisaAvverkningsanmalan/MapServer/0/query?where=Lannr%3D%2718%27+AND+ArendeAr%3D2022&outFields=Beteckn%2CLannr%2CKommunnr%2CArendeAr%2CInkomdatum%2CAnmaldHa%2CAvvHa%2CAvvSasong%2CAvverktyp&returnGeometry=false&orderByFields=Beteckn&f=json,2026-09-04T14:15:16Z,200,application/json,126901,eb3195a9e192ab48a21de8f645431930438b8bf02394cb7e5a35bb5acc8092e8,"""249b606f""",,first_capture,raw/skogsstyrelsen.harvest.notified/2026/09/20260904T141516Z-eb3195a9e192.json,,
skogsstyrelsen.harvest.notified,https://geodpags.skogsstyrelsen.se/arcgis/rest/services/Geodataportal/GeodataportalVisaAvverkningsanmalan/MapServer/0/query?where=Lannr%3D%2713%27+AND+ArendeAr%3D2024&outFields=Beteckn%2CLannr%2CKommunnr%2CArendeAr%2CInkomdatum%2CAnmaldHa%2CAvvHa%2CAvvSasong%2CAvverktyp&returnGeometry=false&orderByFields=Beteckn&f=json,2026-09-04T14:15:19Z,200,application/json,118283,515ba7475884097e88c5a2178bffc321a57b6338d297bc3c1b7c70c36f311cd2,"""a990c0a5""",,first_capture,raw/skogsstyrelsen.harvest.notified/2026/09/20260904T141519Z-515ba7475884.json,,
skogsstyrelsen.harvest.notified,https://geodpags.skogsstyrelsen.se/arcgis/rest/services/Geodataportal/GeodataportalVisaAvverkningsanmalan/MapServer/0/query?where=Lannr%3D%2710%27+AND+ArendeAr%3D2023&outFields=Beteckn%2CLannr%2CKommunnr%2CArendeAr%2CInkomdatum%2CAnmaldHa%2CAvvHa%2CAvvSasong%2CAvverktyp&returnGeometry=false&orderByFields=Beteckn&f=json,2026-09-04T14:15:22Z,200,application/json,115389,8a86fed702d84a22cc1659ec206290bdad5bdcc41592f8a6ce85ac6339a16afd,"""e655ca57""",,first_capture,raw/skogsstyrelsen.harvest.notified/2026/09/20260904T141522Z-8a86fed702d8.json,,
skogsstyrelsen.harvest.notified,https://geodpags.skogsstyrelsen.se/arcgis/rest/services/Geodataportal/GeodataportalVisaAvverkningsanmalan/MapServer/0/query?where=Lannr%3D%2722%27+AND+ArendeAr%3D2021&outFields=Beteckn%2CLannr%2CKommunnr%2CArendeAr%2CInkomdatum%2CAnmaldHa%2CAvvHa%2CAvvSasong%2CAvverktyp&returnGeometry=false&orderByFields=Beteckn&f=json,2026-09-04T14:15:25Z,200,application/json,102751,f6f490e5737bae27a88dd1441b4ad64581bf35d1b1a86c2421717168640697bc,"""7149dde3""",,first_capture,raw/skogsstyrelsen.harvest.notified/2026/09/20260904T141525Z-f6f490e5737b.json,,
skogsstyrelsen.harvest.notified,https://geodpags.skogsstyrelsen.se/arcgis/rest/services/Geodataportal/GeodataportalVisaAvverkningsanmalan/MapServer/0/query?where=Lannr%3D%2719%27+AND+ArendeAr%3D2026&outFields=Beteckn%2CLannr%2CKommunnr%2CArendeAr%2CInkomdatum%2CAnmaldHa%2CAvvHa%2CAvvSasong%2CAvverktyp&returnGeometry=false&orderByFields=Beteckn&f=json,2026-09-04T14:15:29Z,200,application/json,102499,65eafce710a6ecce4055f3908e45de2fa7bf5f45a77fa92a153be81567814d3a,"""b43c252b""",,first_capture,raw/skogsstyrelsen.harvest.notified/2026/09/20260904T141529Z-65eafce710a6.json,,
skogsstyrelsen.harvest.notified,https://geodpags.skogsstyrelsen.se/arcgis/rest/services/Geodataportal/GeodataportalVisaAvverkningsanmalan/MapServer/0/query?where=Lannr%3D%2704%27+AND+ArendeAr%3D2026&outFields=Beteckn%2CLannr%2CKommunnr%2CArendeAr%2CInkomdatum%2CAnmaldHa%2CAvvHa%2CAvvSasong%2CAvverktyp&returnGeometry=false&orderByFields=Beteckn&f=json,2026-09-04T14:15:32Z,200,application/json,100445,5f0321b4ee62177443aff9577aadb424ff49c3b3937f31b784a80e398d0581a1,"""5db21038""",,first_capture,raw/skogsstyrelsen.harvest.notified/2026/09/20260904T141532Z-5f0321b4ee62.json,,
skogsstyrelsen.harvest.notified,https://geodpags.skogsstyrelsen.se/arcgis/rest/services/Geodataportal/GeodataportalVisaAvverkningsanmalan/MapServer/0/query?where=Lannr%3D%2704%27+AND+ArendeAr%3D2025&outFields=Beteckn%2CLannr%2CKommunnr%2CArendeAr%2CInkomdatum%2CAnmaldHa%2CAvvHa%2CAvvSasong%2CAvverktyp&returnGeometry=false&orderByFields=Beteckn&f=json,2026-09-04T14:15:36Z,200,application/json,99239,424d1ce6e79f239e1dd6c6dfc97f0ca2ffbc9e3aaac39d8c362f0a4c3feba097,"""617ddd75""",,first_capture,raw/skogsstyrelsen.harvest.notified/2026/09/20260904T141536Z-424d1ce6e79f.json,,
skogsstyrelsen.harvest.notified,https://geodpags.skogsstyrelsen.se/arcgis/rest/services/Geodataportal/GeodataportalVisaAvverkningsanmalan/MapServer/0/query?where=Lannr%3D%2701%27+AND+ArendeAr%3D2023&outFields=Beteckn%2CLannr%2CKommunnr%2CArendeAr%2CInkomdatum%2CAnmaldHa%2CAvvHa%2CAvvSasong%2CAvverktyp&returnGeometry=false&orderByFields=Beteckn&f=json,2026-09-04T14:15:40Z,200,application/json,96167,36e28432703a2662e2f68875ca2d19d5e7303d22e59f32d4ccf6e9dccc34e862,"""853bbcdc""",,first_capture,raw/skogsstyrelsen.harvest.notified/2026/09/20260904T141540Z-36e28432703a.json,,
skogsstyrelsen.harvest.notified,https://geodpags.skogsstyrelsen.se/arcgis/rest/services/Geodataportal/GeodataportalVisaAvverkningsanmalan/MapServer/0/query?where=Lannr%3D%2713%27+AND+ArendeAr%3D2026&outFields=Beteckn%2CLannr%2CKommunnr%2CArendeAr%2CInkomdatum%2CAnmaldHa%2CAvvHa%2CAvvSasong%2CAvverktyp&returnGeometry=false&orderByFields=Beteckn&f=json,2026-09-04T14:15:44Z,200,application/json,96742,1567128fad9326d8b3d43a425abccc1cb41940edf6844c12facfe0a9bc965728,"""77c0535e""",,first_capture,raw/skogsstyrelsen.harvest.notified/2026/09/20260904T141544Z-1567128fad93.json,,
skogsstyrelsen.harvest.notified,https://geodpags.skogsstyrelsen.se/arcgis/rest/services/Geodataportal/GeodataportalVisaAvverkningsanmalan/MapServer/0/query?where=Lannr%3D%2713%27+AND+ArendeAr%3D2022&outFields=Beteckn%2CLannr%2CKommunnr%2CArendeAr%2CInkomdatum%2CAnmaldHa%2CAvvHa%2CAvvSasong%2CAvverktyp&returnGeometry=false&orderByFields=Beteckn&f=json,2026-09-04T14:15:49Z,200,application/json,93589,fb1b8abf3523b74c11eeb1e6def0b03e1e2410df8da0c7177bdb274e39d781ca,"""bf1cc698""",,first_capture,raw/skogsstyrelsen.harvest.notified/2026/09/20260904T141549Z-fb1b8abf3523.json,,
skogsstyrelsen.harvest.notified,https://geodpags.skogsstyrelsen.se/arcgis/rest/services/Geodataportal/GeodataportalVisaAvverkningsanmalan/MapServer/0/query?where=Lannr%3D%2701%27+AND+ArendeAr%3D2022&outFields=Beteckn%2CLannr%2CKommunnr%2CArendeAr%2CInkomdatum%2CAnmaldHa%2CAvvHa%2CAvvSasong%2CAvverktyp&returnGeometry=false&orderByFields=Beteckn&f=json,2026-09-04T14:15:53Z,200,application/json,92302,6849e7a65adc7fece8ed6809aa084b15f052dcae0d93a317909588a08578b0a4,"""db1e307d""",,first_capture,raw/skogsstyrelsen.harvest.notified/2026/09/20260904T141553Z-6849e7a65adc.json,,
skogsstyrelsen.harvest.notified,https://geodpags.skogsstyrelsen.se/arcgis/rest/services/Geodataportal/GeodataportalVisaAvverkningsanmalan/MapServer/0/query?where=Lannr%3D%2719%27+AND+ArendeAr%3D2025&outFields=Beteckn%2CLannr%2CKommunnr%2CArendeAr%2CInkomdatum%2CAnmaldHa%2CAvvHa%2CAvvSasong%2CAvverktyp&returnGeometry=false&orderByFields=Beteckn&f=json,2026-09-04T14:15:57Z,200,application/json,92453,c7c1a2212d4cd4e6ed616fc6f982a7883af4aa43234683d65e26ae6b359a5e6a,"""9ea38b91""",,first_capture,raw/skogsstyrelsen.harvest.notified/2026/09/20260904T141557Z-c7c1a2212d4c.json,,
skogsstyrelsen.harvest.notified,https://geodpags.skogsstyrelsen.se/arcgis/rest/services/Geodataportal/GeodataportalVisaAvverkningsanmalan/MapServer/0/query?where=Lannr%3D%2703%27+AND+ArendeAr%3D2024&outFields=Beteckn%2CLannr%2CKommunnr%2CArendeAr%2CInkomdatum%2CAnmaldHa%2CAvvHa%2CAvvSasong%2CAvverktyp&returnGeometry=false&orderByFields=Beteckn&f=json,2026-09-04T14:16:02Z,200,application/json,90693,64370be39a0eb8ba2fd36e6baffac911c8710f5825d2bcb68d9bbb35d993f861,"""6333e522""",,first_capture,raw/skogsstyrelsen.harvest.notified/2026/09/20260904T141602Z-64370be39a0e.json,,
skogsstyrelsen.harvest.notified,https://geodpags.skogsstyrelsen.se/arcgis/rest/services/Geodataportal/GeodataportalVisaAvverkningsanmalan/MapServer/0/query?where=Lannr%3D%2704%27+AND+ArendeAr%3D2024&outFields=Beteckn%2CLannr%2CKommunnr%2CArendeAr%2CInkomdatum%2CAnmaldHa%2CAvvHa%2CAvvSasong%2CAvverktyp&returnGeometry=false&orderByFields=Beteckn&f=json,2026-09-04T14:16:05Z,200,application/json,90923,fa5bddaa08f3c85c417749bc4b2c1c91847f805d9efcef5f906b53f4a2016f3c,"""426c548a""",,first_capture,raw/skogsstyrelsen.harvest.notified/2026/09/20260904T141605Z-fa5bddaa08f3.json,,
skogsstyrelsen.harvest.notified,https://geodpags.skogsstyrelsen.se/arcgis/rest/services/Geodataportal/GeodataportalVisaAvverkningsanmalan/MapServer/0/query?where=Lannr%3D%2719%27+AND+ArendeAr%3D2023&outFields=Beteckn%2CLannr%2CKommunnr%2CArendeAr%2CInkomdatum%2CAnmaldHa%2CAvvHa%2CAvvSasong%2CAvverktyp&returnGeometry=false&orderByFields=Beteckn&f=json,2026-09-04T14:16:08Z,200,application/json,90493,e386535230f16f642fe15752eaaf6f91e8e638ff3dfa0a3a94f57548c8a26d32,"""ccdcd354""",,first_capture,raw/skogsstyrelsen.harvest.notified/2026/09/20260904T141608Z-e386535230f1.json,,
skogsstyrelsen.harvest.notified,https://geodpags.skogsstyrelsen.se/arcgis/rest/services/Geodataportal/GeodataportalVisaAvverkningsanmalan/MapServer/0/query?where=Lannr%3D%2710%27+AND+ArendeAr%3D2025&outFields=Beteckn%2CLannr%2CKommunnr%2CArendeAr%2CInkomdatum%2CAnmaldHa%2CAvvHa%2CAvvSasong%2CAvverktyp&returnGeometry=false&orderByFields=Beteckn&f=json,2026-09-04T14:16:12Z,200,application/json,90052,69a783f9ade668f6e1104556285bf6cf284edc65e90c5033eed3bb13e80fb360,"""155eb410""",,first_capture,raw/skogsstyrelsen.harvest.notified/2026/09/20260904T141612Z-69a783f9ade6.json,,
skogsstyrelsen.harvest.notified,https://geodpags.skogsstyrelsen.se/arcgis/rest/services/Geodataportal/GeodataportalVisaAvverkningsanmalan/MapServer/0/query?where=Lannr%3D%2708%27+AND+ArendeAr%3D2021&outFields=Beteckn%2CLannr%2CKommunnr%2CArendeAr%2CInkomdatum%2CAnmaldHa%2CAvvHa%2CAvvSasong%2CAvverktyp&returnGeometry=false&orderByFields=Beteckn&f=json,2026-09-04T14:16:17Z,200,application/json,88405,7c14faf49468578b4e5c6e36f8a91be36180c27cd616645112c8c80a14382780,"""657681d4""",,first_capture,raw/skogsstyrelsen.harvest.notified/2026/09/20260904T141617Z-7c14faf49468.json,,
skogsstyrelsen.harvest.notified,https://geodpags.skogsstyrelsen.se/arcgis/rest/services/Geodataportal/GeodataportalVisaAvverkningsanmalan/MapServer/0/query?where=Lannr%3D%2706%27+AND+ArendeAr%3D2021&outFields=Beteckn%2CLannr%2CKommunnr%2CArendeAr%2CInkomdatum%2CAnmaldHa%2CAvvHa%2CAvvSasong%2CAvverktyp&returnGeometry=false&orderByFields=Beteckn&f=json,2026-09-04T14:16:21Z,200,application/json,87817,e87aa19ef57f0726fe1590a7896bc8d6852a4028f96c409766f0bf621e2e887c,"""6ed006db""",,first_capture,raw/skogsstyrelsen.harvest.notified/2026/09/20260904T141621Z-e87aa19ef57f.json,,
skogsstyrelsen.harvest.notified,https://geodpags.skogsstyrelsen.se/arcgis/rest/services/Geodataportal/GeodataportalVisaAvverkningsanmalan/MapServer/0/query?where=Lannr%3D%2719%27+AND+ArendeAr%3D2022&outFields=Beteckn%2CLannr%2CKommunnr%2CArendeAr%2CInkomdatum%2CAnmaldHa%2CAvvHa%2CAvvSasong%2CAvverktyp&returnGeometry=false&orderByFields=Beteckn&f=json,2026-09-04T14:16:24Z,200,application/json,87912,1ce167c364e5b87aed74e6aecbcb2cf55fa6ec8c4491303d91367d8032d1124d,"""a0cd63dd""",,first_capture,raw/skogsstyrelsen.harvest.notified/2026/09/20260904T141624Z-1ce167c364e5.json,,
skogsstyrelsen.harvest.notified,https://geodpags.skogsstyrelsen.se/arcgis/rest/services/Geodataportal/GeodataportalVisaAvverkningsanmalan/MapServer/0/query?where=Lannr%3D%2723%27+AND+ArendeAr%3D2021&outFields=Beteckn%2CLannr%2CKommunnr%2CArendeAr%2CInkomdatum%2CAnmaldHa%2CAvvHa%2CAvvSasong%2CAvverktyp&returnGeometry=false&orderByFields=Beteckn&f=json,2026-09-04T14:16:27Z,200,application/json,86932,74b63aca31a23f4a4ab4a4c134ae40b3e87d5b96419bf3b45a58017e7f628709,"""5148a699""",,first_capture,raw/skogsstyrelsen.harvest.notified/2026/09/20260904T141627Z-74b63aca31a2.json,,
skogsstyrelsen.harvest.notified,https://geodpags.skogsstyrelsen.se/arcgis/rest/services/Geodataportal/GeodataportalVisaAvverkningsanmalan/MapServer/0/query?where=Lannr%3D%2720%27+AND+ArendeAr%3D2021&outFields=Beteckn%2CLannr%2CKommunnr%2CArendeAr%2CInkomdatum%2CAnmaldHa%2CAvvHa%2CAvvSasong%2CAvverktyp&returnGeometry=false&orderByFields=Beteckn&f=json,2026-09-04T14:16:31Z,200,application/json,84132,753b02ce158ffe7883f46506b08e07c80f4d5d6ab913eae5c7b0d87a89a81cd6,"""7b9b043a""",,first_capture,raw/skogsstyrelsen.harvest.notified/2026/09/20260904T141631Z-753b02ce158f.json,,
skogsstyrelsen.harvest.notified,https://geodpags.skogsstyrelsen.se/arcgis/rest/services/Geodataportal/GeodataportalVisaAvverkningsanmalan/MapServer/0/query?where=Lannr%3D%2710%27+AND+ArendeAr%3D2024&outFields=Beteckn%2CLannr%2CKommunnr%2CArendeAr%2CInkomdatum%2CAnmaldHa%2CAvvHa%2CAvvSasong%2CAvverktyp&returnGeometry=false&orderByFields=Beteckn&f=json,2026-09-04T14:16:35Z,200,application/json,82021,6c16e417cf3a68310bbfe3cef9a4f539c7946e1f30987363a087d3258f49ebe8,"""e940b6fe""",,first_capture,raw/skogsstyrelsen.harvest.notified/2026/09/20260904T141635Z-6c16e417cf3a.json,,
skogsstyrelsen.harvest.notified,https://geodpags.skogsstyrelsen.se/arcgis/rest/services/Geodataportal/GeodataportalVisaAvverkningsanmalan/MapServer/0/query?where=Lannr%3D%2724%27+AND+ArendeAr%3D2021&outFields=Beteckn%2CLannr%2CKommunnr%2CArendeAr%2CInkomdatum%2CAnmaldHa%2CAvvHa%2CAvvSasong%2CAvverktyp&returnGeometry=false&orderByFields=Beteckn&f=json,2026-09-04T14:16:39Z,200,application/json,82179,95256fba461b045b95baaf689ce8570dc96cb02663bc7d66ba94bd35c5833e9b,"""a0ea9ed1""",,first_capture,raw/skogsstyrelsen.harvest.notified/2026/09/20260904T141639Z-95256fba461b.json,,
skogsstyrelsen.harvest.notified,https://geodpags.skogsstyrelsen.se/arcgis/rest/services/Geodataportal/GeodataportalVisaAvverkningsanmalan/MapServer/0/query?where=Lannr%3D%2701%27+AND+ArendeAr%3D2025&outFields=Beteckn%2CLannr%2CKommunnr%2CArendeAr%2CInkomdatum%2CAnmaldHa%2CAvvHa%2CAvvSasong%2CAvverktyp&returnGeometry=false&orderByFields=Beteckn&f=json,2026-09-04T14:16:43Z,200,application/json,82349,7c762696139f6d5f90b2b660c7f1cec5367037a532e952967e76e945ee1a6f35,"""b4b81017""",,first_capture,raw/skogsstyrelsen.harvest.notified/2026/09/20260904T141643Z-7c762696139f.json,,
skogsstyrelsen.harvest.notified,https://geodpags.skogsstyrelsen.se/arcgis/rest/services/Geodataportal/GeodataportalVisaAvverkningsanmalan/MapServer/0/query?where=Lannr%3D%2705%27+AND+ArendeAr%3D2021&outFields=Beteckn%2CLannr%2CKommunnr%2CArendeAr%2CInkomdatum%2CAnmaldHa%2CAvvHa%2CAvvSasong%2CAvverktyp&returnGeometry=false&orderByFields=Beteckn&f=json,2026-09-04T14:16:46Z,200,application/json,80167,01595989ec84bc1afa1b2449ab13a2bc2e9dcdd1a3ee3135600897c85f78673e,"""6bd82451""",,first_capture,raw/skogsstyrelsen.harvest.notified/2026/09/20260904T141646Z-01595989ec84.json,,
skogsstyrelsen.harvest.notified,https://geodpags.skogsstyrelsen.se/arcgis/rest/services/Geodataportal/GeodataportalVisaAvverkningsanmalan/MapServer/0/query?where=Lannr%3D%2719%27+AND+ArendeAr%3D2024&outFields=Beteckn%2CLannr%2CKommunnr%2CArendeAr%2CInkomdatum%2CAnmaldHa%2CAvvHa%2CAvvSasong%2CAvverktyp&returnGeometry=false&orderByFields=Beteckn&f=json,2026-09-04T14:16:49Z,200,application/json,80634,490206b0d76cd8cdb6732894c69a12916117f1304966094dc461d347002e203a,"""c5657a66""",,first_capture,raw/skogsstyrelsen.harvest.notified/2026/09/20260904T141649Z-490206b0d76c.json,,
skogsstyrelsen.harvest.notified,https://geodpags.skogsstyrelsen.se/arcgis/rest/services/Geodataportal/GeodataportalVisaAvverkningsanmalan/MapServer/0/query?where=Lannr%3D%2707%27+AND+ArendeAr%3D2021&outFields=Beteckn%2CLannr%2CKommunnr%2CArendeAr%2CInkomdatum%2CAnmaldHa%2CAvvHa%2CAvvSasong%2CAvverktyp&returnGeometry=false&orderByFields=Beteckn&f=json,2026-09-04T14:16:52Z,200,application/json,77710,d68ef86adb27dd666535b6c1cf0360d3c5fb57e916218bda6435a48d75f4974f,"""c67afeca""",,first_capture,raw/skogsstyrelsen.harvest.notified/2026/09/20260904T141652Z-d68ef86adb27.json,,
skogsstyrelsen.harvest.notified,https://geodpags.skogsstyrelsen.se/arcgis/rest/services/Geodataportal/GeodataportalVisaAvverkningsanmalan/MapServer/0/query?where=Lannr%3D%2701%27+AND+ArendeAr%3D2026&outFields=Beteckn%2CLannr%2CKommunnr%2CArendeAr%2CInkomdatum%2CAnmaldHa%2CAvvHa%2CAvvSasong%2CAvverktyp&returnGeometry=false&orderByFields=Beteckn&f=json,2026-09-04T14:16:56Z,200,application/json,74608,5521f8c3f7e6165a66a748d3e321b34008dadc82985a5bbe60baaa8c3292e878,"""8ca334b7""",,first_capture,raw/skogsstyrelsen.harvest.notified/2026/09/20260904T141656Z-5521f8c3f7e6.json,,
skogsstyrelsen.harvest.notified,https://geodpags.skogsstyrelsen.se/arcgis/rest/services/Geodataportal/GeodataportalVisaAvverkningsanmalan/MapServer/0/query?where=Lannr%3D%2710%27+AND+ArendeAr%3D2022&outFields=Beteckn%2CLannr%2CKommunnr%2CArendeAr%2CInkomdatum%2CAnmaldHa%2CAvvHa%2CAvvSasong%2CAvverktyp&returnGeometry=false&orderByFields=Beteckn&f=json,2026-09-04T14:16:59Z,200,application/json,72135,67cf5f256df7649a78bed82d1901ddd269e030a70438592be29de58a519e829e,"""67480735""",,first_capture,raw/skogsstyrelsen.harvest.notified/2026/09/20260904T141659Z-67cf5f256df7.json,,
skogsstyrelsen.harvest.notified,https://geodpags.skogsstyrelsen.se/arcgis/rest/services/Geodataportal/GeodataportalVisaAvverkningsanmalan/MapServer/0/query?where=Lannr%3D%2704%27+AND+ArendeAr%3D2021&outFields=Beteckn%2CLannr%2CKommunnr%2CArendeAr%2CInkomdatum%2CAnmaldHa%2CAvvHa%2CAvvSasong%2CAvverktyp&returnGeometry=false&orderByFields=Beteckn&f=json,2026-09-04T14:17:02Z,200,application/json,71522,867833d54924fed007d7f9678e2c900d5e7bd6b4b2c4e124143eb143185c4f24,"""8705f9e8""",,first_capture,raw/skogsstyrelsen.harvest.notified/2026/09/20260904T141702Z-867833d54924.json,,
skogsstyrelsen.harvest.notified,https://geodpags.skogsstyrelsen.se/arcgis/rest/services/Geodataportal/GeodataportalVisaAvverkningsanmalan/MapServer/0/query?where=Lannr%3D%2710%27+AND+ArendeAr%3D2026&outFields=Beteckn%2CLannr%2CKommunnr%2CArendeAr%2CInkomdatum%2CAnmaldHa%2CAvvHa%2CAvvSasong%2CAvverktyp&returnGeometry=false&orderByFields=Beteckn&f=json,2026-09-04T14:17:05Z,200,application/json,65635,75475ac90e90b6c7aa87dcd1e049048ffabc378d8a0cbfa393ddef2fe5468457,"""8d1913bb""",,first_capture,raw/skogsstyrelsen.harvest.notified/2026/09/20260904T141705Z-75475ac90e90.json,,
skogsstyrelsen.harvest.notified,https://geodpags.skogsstyrelsen.se/arcgis/rest/services/Geodataportal/GeodataportalVisaAvverkningsanmalan/MapServer/0/query?where=Lannr%3D%2725%27+AND+ArendeAr%3D2021&outFields=Beteckn%2CLannr%2CKommunnr%2CArendeAr%2CInkomdatum%2CAnmaldHa%2CAvvHa%2CAvvSasong%2CAvverktyp&returnGeometry=false&orderByFields=Beteckn&f=json,2026-09-04T14:17:08Z,200,application/json,65388,07edd282074e4394d54a543664b522e57015d48e1aaae1fd807764a7cf353346,"""1d807244""",,first_capture,raw/skogsstyrelsen.harvest.notified/2026/09/20260904T141708Z-07edd282074e.json,,
skogsstyrelsen.harvest.notified,https://geodpags.skogsstyrelsen.se/arcgis/rest/services/Geodataportal/GeodataportalVisaAvverkningsanmalan/MapServer/0/query?where=Lannr%3D%2721%27+AND+ArendeAr%3D2021&outFields=Beteckn%2CLannr%2CKommunnr%2CArendeAr%2CInkomdatum%2CAnmaldHa%2CAvvHa%2CAvvSasong%2CAvverktyp&returnGeometry=false&orderByFields=Beteckn&f=json,2026-09-04T14:17:13Z,200,application/json,64224,0d74fa4de8580443830cb518fff8cab47d741f119d02d334bc932dbb8761e929,"""5920a82d""",,first_capture,raw/skogsstyrelsen.harvest.notified/2026/09/20260904T141713Z-0d74fa4de858.json,,
skogsstyrelsen.harvest.notified,https://geodpags.skogsstyrelsen.se/arcgis/rest/services/Geodataportal/GeodataportalVisaAvverkningsanmalan/MapServer/0/query?where=Lannr%3D%2701%27+AND+ArendeAr%3D2024&outFields=Beteckn%2CLannr%2CKommunnr%2CArendeAr%2CInkomdatum%2CAnmaldHa%2CAvvHa%2CAvvSasong%2CAvverktyp&returnGeometry=false&orderByFields=Beteckn&f=json,2026-09-04T14:17:18Z,200,application/json,64786,ec4021ce345dcd507d05e92a4bb1daafa5b156d7b957807a6e01aa0e97541af3,"""26d0e2fb""",,first_capture,raw/skogsstyrelsen.harvest.notified/2026/09/20260904T141718Z-ec4021ce345d.json,,
skogsstyrelsen.harvest.notified,https://geodpags.skogsstyrelsen.se/arcgis/rest/services/Geodataportal/GeodataportalVisaAvverkningsanmalan/MapServer/0/query?where=Lannr%3D%2718%27+AND+ArendeAr%3D2021&outFields=Beteckn%2CLannr%2CKommunnr%2CArendeAr%2CInkomdatum%2CAnmaldHa%2CAvvHa%2CAvvSasong%2CAvverktyp&returnGeometry=false&orderByFields=Beteckn&f=json,2026-09-04T14:17:23Z,200,application/json,61811,2c8a5605cbb329a8d01b261d0ec63972e6b03429203ab686697f0e215bc96e38,"""189e8f9c""",,first_capture,raw/skogsstyrelsen.harvest.notified/2026/09/20260904T141723Z-2c8a5605cbb3.json,,
skogsstyrelsen.harvest.notified,https://geodpags.skogsstyrelsen.se/arcgis/rest/services/Geodataportal/GeodataportalVisaAvverkningsanmalan/MapServer/0/query?where=Lannr%3D%2712%27+AND+ArendeAr%3D2021&outFields=Beteckn%2CLannr%2CKommunnr%2CArendeAr%2CInkomdatum%2CAnmaldHa%2CAvvHa%2CAvvSasong%2CAvverktyp&returnGeometry=false&orderByFields=Beteckn&f=json,2026-09-04T14:17:27Z,200,application/json,53848,c9fd12e4a7cdac154f4d090d7d8cc8ce8298dfc08e917038ed72d94c7d4ef077,"""8afaa820""",,first_capture,raw/skogsstyrelsen.harvest.notified/2026/09/20260904T141727Z-c9fd12e4a7cd.json,,
skogsstyrelsen.harvest.notified,https://geodpags.skogsstyrelsen.se/arcgis/rest/services/Geodataportal/GeodataportalVisaAvverkningsanmalan/MapServer/0/query?where=Lannr%3D%2703%27+AND+ArendeAr%3D2021&outFields=Beteckn%2CLannr%2CKommunnr%2CArendeAr%2CInkomdatum%2CAnmaldHa%2CAvvHa%2CAvvSasong%2CAvverktyp&returnGeometry=false&orderByFields=Beteckn&f=json,2026-09-04T14:17:31Z,200,application/json,48712,e673392e93337df0b2b9cf16bbe2687a32b0ad6c33309934fcbaaba7814c20ea,"""b6503e33""",,first_capture,raw/skogsstyrelsen.harvest.notified/2026/09/20260904T141731Z-e673392e9333.json,,
skogsstyrelsen.harvest.notified,https://geodpags.skogsstyrelsen.se/arcgis/rest/services/Geodataportal/GeodataportalVisaAvverkningsanmalan/MapServer/0/query?where=Lannr%3D%2713%27+AND+ArendeAr%3D2021&outFields=Beteckn%2CLannr%2CKommunnr%2CArendeAr%2CInkomdatum%2CAnmaldHa%2CAvvHa%2CAvvSasong%2CAvverktyp&returnGeometry=false&orderByFields=Beteckn&f=json,2026-09-04T14:17:36Z,200,application/json,39555,2422468d8275eabf651a330861072e884f73bd731541c589773e84fcf2edd7cd,"""57ceb01e""",,first_capture,raw/skogsstyrelsen.harvest.notified/2026/09/20260904T141736Z-2422468d8275.json,,
skogsstyrelsen.harvest.notified,https://geodpags.skogsstyrelsen.se/arcgis/rest/services/Geodataportal/GeodataportalVisaAvverkningsanmalan/MapServer/0/query?where=Lannr%3D%2719%27+AND+ArendeAr%3D2021&outFields=Beteckn%2CLannr%2CKommunnr%2CArendeAr%2CInkomdatum%2CAnmaldHa%2CAvvHa%2CAvvSasong%2CAvverktyp&returnGeometry=false&orderByFields=Beteckn&f=json,2026-09-04T14:17:39Z,200,application/json,37665,50feae10dbcc4c96f3d0ad84162217ac36d01f14476b531bd3bb6e95f9464971,"""f90b023c""",,first_capture,raw/skogsstyrelsen.harvest.notified/2026/09/20260904T141739Z-50feae10dbcc.json,,
skogsstyrelsen.harvest.notified,https://geodpags.skogsstyrelsen.se/arcgis/rest/services/Geodataportal/GeodataportalVisaAvverkningsanmalan/MapServer/0/query?where=Lannr%3D%2701%27+AND+ArendeAr%3D2021&outFields=Beteckn%2CLannr%2CKommunnr%2CArendeAr%2CInkomdatum%2CAnmaldHa%2CAvvHa%2CAvvSasong%2CAvverktyp&returnGeometry=false&orderByFields=Beteckn&f=json,2026-09-04T14:17:43Z,200,application/json,31123,b4ce24879d3ce840584567e127549f78b53e1383951126af055602fdc1b487bd,"""3f8a81ae""",,first_capture,raw/skogsstyrelsen.harvest.notified/2026/09/20260904T141743Z-b4ce24879d3c.json,,
skogsstyrelsen.harvest.notified,https://geodpags.skogsstyrelsen.se/arcgis/rest/services/Geodataportal/GeodataportalVisaAvverkningsanmalan/MapServer/0/query?where=Lannr%3D%2710%27+AND+ArendeAr%3D2021&outFields=Beteckn%2CLannr%2CKommunnr%2CArendeAr%2CInkomdatum%2CAnmaldHa%2CAvvHa%2CAvvSasong%2CAvverktyp&returnGeometry=false&orderByFields=Beteckn&f=json,2026-09-04T14:17:47Z,200,application/json,28771,a165e082feb265546694ec3b4f558ae8fac08193cba60e98e4ed42f84ff8bb9b,"""ceee052f""",,first_capture,raw/skogsstyrelsen.harvest.notified/2026/09/20260904T141747Z-a165e082feb2.json,,
skogsstyrelsen.harvest.notified,https://geodpags.skogsstyrelsen.se/arcgis/rest/services/Geodataportal/GeodataportalVisaAvverkningsanmalan/MapServer/0/query?where=Lannr%3D%2709%27+AND+ArendeAr%3D2023&outFields=Beteckn%2CLannr%2CKommunnr%2CArendeAr%2CInkomdatum%2CAnmaldHa%2CAvvHa%2CAvvSasong%2CAvverktyp&returnGeometry=false&orderByFields=Beteckn&f=json,2026-09-04T14:17:50Z,200,application/json,27043,d4f36ed4c1f0b96ff2b35b32b21e6a8334629fd8f531894942012210ac0c33f4,"""895fdeb8""",,first_capture,raw/skogsstyrelsen.harvest.notified/2026/09/20260904T141750Z-d4f36ed4c1f0.json,,
skogsstyrelsen.harvest.notified,https://geodpags.skogsstyrelsen.se/arcgis/rest/services/Geodataportal/GeodataportalVisaAvverkningsanmalan/MapServer/0/query?where=Lannr%3D%2709%27+AND+ArendeAr%3D2024&outFields=Beteckn%2CLannr%2CKommunnr%2CArendeAr%2CInkomdatum%2CAnmaldHa%2CAvvHa%2CAvvSasong%2CAvverktyp&returnGeometry=false&orderByFields=Beteckn&f=json,2026-09-04T14:17:54Z,200,application/json,23981,b7aab79382e74630dfe8af97821a76e1522f8acf6d140106a4b60c4f5fc8ccf7,"""985ba376""",,first_capture,raw/skogsstyrelsen.harvest.notified/2026/09/20260904T141754Z-b7aab79382e7.json,,
skogsstyrelsen.harvest.notified,https://geodpags.skogsstyrelsen.se/arcgis/rest/services/Geodataportal/GeodataportalVisaAvverkningsanmalan/MapServer/0/query?where=Lannr%3D%2709%27+AND+ArendeAr%3D2025&outFields=Beteckn%2CLannr%2CKommunnr%2CArendeAr%2CInkomdatum%2CAnmaldHa%2CAvvHa%2CAvvSasong%2CAvverktyp&returnGeometry=false&orderByFields=Beteckn&f=json,2026-09-04T14:17:57Z,200,application/json,23981,0063b61b576ae8567d9a238bc0131126c9e0e9a9c054ceb25af6d3b40ffa6538,"""6332927b""",,first_capture,raw/skogsstyrelsen.harvest.notified/2026/09/20260904T141757Z-0063b61b576a.json,,
skogsstyrelsen.harvest.notified,https://geodpags.skogsstyrelsen.se/arcgis/rest/services/Geodataportal/GeodataportalVisaAvverkningsanmalan/MapServer/0/query?where=Lannr%3D%2709%27+AND+ArendeAr%3D2026&outFields=Beteckn%2CLannr%2CKommunnr%2CArendeAr%2CInkomdatum%2CAnmaldHa%2CAvvHa%2CAvvSasong%2CAvverktyp&returnGeometry=false&orderByFields=Beteckn&f=json,2026-09-04T14:18:01Z,200,application/json,16741,ca665fcba4b8a80821d9f656bc32a329430ba0df7c47ec92756eb30e0a896694,"""57747e90""",,first_capture,raw/skogsstyrelsen.harvest.notified/2026/09/20260904T141801Z-ca665fcba4b8.json,,
skogsstyrelsen.harvest.notified,https://geodpags.skogsstyrelsen.se/arcgis/rest/services/Geodataportal/GeodataportalVisaAvverkningsanmalan/MapServer/0/query?where=Lannr%3D%2709%27+AND+ArendeAr%3D2022&outFields=Beteckn%2CLannr%2CKommunnr%2CArendeAr%2CInkomdatum%2CAnmaldHa%2CAvvHa%2CAvvSasong%2CAvverktyp&returnGeometry=false&orderByFields=Beteckn&f=json,2026-09-04T14:18:04Z,200,application/json,14293,9a087e0bfebbbf680ab29453502d3ce75133cd073b33a87431c6fb07f0cc24c1,"""e8c09a32""",,first_capture,raw/skogsstyrelsen.harvest.notified/2026/09/20260904T141804Z-9a087e0bfebb.json,,
skogsstyrelsen.harvest.notified,https://geodpags.skogsstyrelsen.se/arcgis/rest/services/Geodataportal/GeodataportalVisaAvverkningsanmalan/MapServer/0/query?where=Lannr%3D%2709%27+AND+ArendeAr%3D2021&outFields=Beteckn%2CLannr%2CKommunnr%2CArendeAr%2CInkomdatum%2CAnmaldHa%2CAvvHa%2CAvvSasong%2CAvverktyp&returnGeometry=false&orderByFields=Beteckn&f=json,2026-09-04T14:18:07Z,200,application/json,5975,647ca5e5d63426874e97d8e5bdc2b6cabb45e96bff034bba4f2523a2bf061520,"""7939b004""",,first_capture,raw/skogsstyrelsen.harvest.notified/2026/09/20260904T141807Z-647ca5e5d634.json,,
skogsstyrelsen.harvest.notified,https://geodpags.skogsstyrelsen.se/arcgis/rest/services/Geodataportal/GeodataportalVisaAvverkningsanmalan/MapServer/0/query?where=Lannr%3D%2721%27+AND+ArendeAr%3D2026+AND+Inkomdatum+%3C+DATE+%272026-03-01%27&outFields=Beteckn%2CLannr%2CKommunnr%2CArendeAr%2CInkomdatum%2CAnmaldHa%2CAvvHa%2CAvvSasong%2CAvverktyp&returnGeometry=false&orderByFields=Beteckn&f=json,2026-09-04T15:38:15Z,304,application/json,336123,b101e3ea9cbde9561098a762d7daa795d0aaebabf3251f266014d1a93d3626bb,"""777079ec""",,unchanged,raw/skogsstyrelsen.harvest.notified/2026/09/20260904T140442Z-b101e3ea9cbd.json,not_modified,
skogsstyrelsen.harvest.notified,https://geodpags.skogsstyrelsen.se/arcgis/rest/services/Geodataportal/GeodataportalVisaAvverkningsanmalan/MapServer/0/query?where=Lannr%3D%2721%27+AND+ArendeAr%3D2026+AND+Inkomdatum+%3E%3D+DATE+%272026-03-01%27+AND+Inkomdatum+%3C+DATE+%272026-05-01%27&outFields=Beteckn%2CLannr%2CKommunnr%2CArendeAr%2CInkomdatum%2CAnmaldHa%2CAvvHa%2CAvvSasong%2CAvverktyp&returnGeometry=false&orderByFields=Beteckn&f=json,2026-09-04T15:38:19Z,304,application/json,301194,d9d12517ff0516478ff36a730b1b9d4310cbbc88dff909d851fd8fd2e65b857f,"""144d6f5""",,unchanged,raw/skogsstyrelsen.harvest.notified/2026/09/20260904T140446Z-d9d12517ff05.json,not_modified,
skogsstyrelsen.harvest.notified,https://geodpags.skogsstyrelsen.se/arcgis/rest/services/Geodataportal/GeodataportalVisaAvverkningsanmalan/MapServer/0/query?where=Lannr%3D%2721%27+AND+ArendeAr%3D2026+AND+Inkomdatum+%3E%3D+DATE+%272026-05-01%27+AND+Inkomdatum+%3C+DATE+%272026-07-01%27&outFields=Beteckn%2CLannr%2CKommunnr%2CArendeAr%2CInkomdatum%2CAnmaldHa%2CAvvHa%2CAvvSasong%2CAvverktyp&returnGeometry=false&orderByFields=Beteckn&f=json,2026-09-04T15:38:22Z,304,application/json,190151,e7efb2ade51b38284b327529a5417ede06b843b42e8f5ddd912ba27447a25fbc,"""cbe9d0a3""",,unchanged,raw/skogsstyrelsen.harvest.notified/2026/09/20260904T140450Z-e7efb2ade51b.json,not_modified,
skogsstyrelsen.harvest.notified,https://geodpags.skogsstyrelsen.se/arcgis/rest/services/Geodataportal/GeodataportalVisaAvverkningsanmalan/MapServer/0/query?where=Lannr%3D%2721%27+AND+ArendeAr%3D2026+AND+Inkomdatum+%3E%3D+DATE+%272026-07-01%27+AND+Inkomdatum+%3C+DATE+%272026-09-01%27&outFields=Beteckn%2CLannr%2CKommunnr%2CArendeAr%2CInkomdatum%2CAnmaldHa%2CAvvHa%2CAvvSasong%2CAvverktyp&returnGeometry=false&orderByFields=Beteckn&f=json,2026-09-04T15:38:24Z,304,application/json,113242,db7bd71f21c7caed289eb839bfb80557e69361e8e128fbaaa3a57172e85f5904,"""e0f51661""",,unchanged,raw/skogsstyrelsen.harvest.notified/2026/09/20260904T140453Z-db7bd71f21c7.json,not_modified,
skogsstyrelsen.harvest.notified,https://geodpags.skogsstyrelsen.se/arcgis/rest/services/Geodataportal/GeodataportalVisaAvverkningsanmalan/MapServer/0/query?where=Lannr%3D%2721%27+AND+ArendeAr%3D2026+AND+Inkomdatum+%3E%3D+DATE+%272026-09-01%27+AND+Inkomdatum+%3C+DATE+%272026-11-01%27&outFields=Beteckn%2CLannr%2CKommunnr%2CArendeAr%2CInkomdatum%2CAnmaldHa%2CAvvHa%2CAvvSasong%2CAvverktyp&returnGeometry=false&orderByFields=Beteckn&f=json,2026-09-04T15:38:26Z,304,application/json,13555,3b26607d15e908e1aad4a8617ffd42d12d43343776e159a6509a547ab02c4a46,"""5ac393c6""",,unchanged,raw/skogsstyrelsen.harvest.notified/2026/09/20260904T140455Z-3b26607d15e9.json,not_modified,
skogsstyrelsen.harvest.notified,https://geodpags.skogsstyrelsen.se/arcgis/rest/services/Geodataportal/GeodataportalVisaAvverkningsanmalan/MapServer/0/query?where=Lannr%3D%2721%27+AND+ArendeAr%3D2026+AND+Inkomdatum+%3E%3D+DATE+%272026-11-01%27&outFields=Beteckn%2CLannr%2CKommunnr%2CArendeAr%2CInkomdatum%2CAnmaldHa%2CAvvHa%2CAvvSasong%2CAvverktyp&returnGeometry=false&orderByFields=Beteckn&f=json,2026-09-04T15:38:29Z,304,application/json,936,3d0f45d783ae7060dc59f31a43ab33b33371bcebb992b2ffbe734fab5b0bd1b8,"""e2d6243""",,unchanged,raw/skogsstyrelsen.harvest.notified/2026/09/20260904T140458Z-3d0f45d783ae.json,not_modified,
skogsstyrelsen.harvest.notified,https://geodpags.skogsstyrelsen.se/arcgis/rest/services/Geodataportal/GeodataportalVisaAvverkningsanmalan/MapServer/0/query?where=Lannr%3D%2714%27+AND+ArendeAr%3D2025+AND+Inkomdatum+%3C+DATE+%272025-03-01%27&outFields=Beteckn%2CLannr%2CKommunnr%2CArendeAr%2CInkomdatum%2CAnmaldHa%2CAvvHa%2CAvvSasong%2CAvverktyp&returnGeometry=false&orderByFields=Beteckn&f=json,2026-09-04T15:38:31Z,304,application/json,87070,805b0ec883d5a1eede3cb9663d756d9f9e1dd0de2a285bd4c36e95cc49751d16,"""95f1ce6f""",,unchanged,raw/skogsstyrelsen.harvest.notified/2026/09/20260904T140501Z-805b0ec883d5.json,not_modified,
skogsstyrelsen.harvest.notified,https://geodpags.skogsstyrelsen.se/arcgis/rest/services/Geodataportal/GeodataportalVisaAvverkningsanmalan/MapServer/0/query?where=Lannr%3D%2714%27+AND+ArendeAr%3D2025+AND+Inkomdatum+%3E%3D+DATE+%272025-03-01%27+AND+Inkomdatum+%3C+DATE+%272025-05-01%27&outFields=Beteckn%2CLannr%2CKommunnr%2CArendeAr%2CInkomdatum%2CAnmaldHa%2CAvvHa%2CAvvSasong%2CAvverktyp&returnGeometry=false&orderByFields=Beteckn&f=json,2026-09-04T15:38:34Z,304,application/json,118697,ae8c384a557d3f12b64feb1c2251f3e20ebe11acdad71c34a8b8e38f85ef64f8,"""3fbb9aac""",,unchanged,raw/skogsstyrelsen.harvest.notified/2026/09/20260904T140504Z-ae8c384a557d.json,not_modified,
skogsstyrelsen.harvest.notified,https://geodpags.skogsstyrelsen.se/arcgis/rest/services/Geodataportal/GeodataportalVisaAvverkningsanmalan/MapServer/0/query?where=Lannr%3D%2714%27+AND+ArendeAr%3D2025+AND+Inkomdatum+%3E%3D+DATE+%272025-05-01%27+AND+Inkomdatum+%3C+DATE+%272025-07-01%27&outFields=Beteckn%2CLannr%2CKommunnr%2CArendeAr%2CInkomdatum%2CAnmaldHa%2CAvvHa%2CAvvSasong%2CAvverktyp&returnGeometry=false&orderByFields=Beteckn&f=json,2026-09-04T15:38:36Z,304,application/json,117612,9708235d4bdb839efe7fb1496e0ffa9be71c192320293706ede7efd87d3b6112,"""cb44d6d8""",,unchanged,raw/skogsstyrelsen.harvest.notified/2026/09/20260904T140507Z-9708235d4bdb.json,not_modified,
skogsstyrelsen.harvest.notified,https://geodpags.skogsstyrelsen.se/arcgis/rest/services/Geodataportal/GeodataportalVisaAvverkningsanmalan/MapServer/0/query?where=Lannr%3D%2714%27+AND+ArendeAr%3D2025+AND+Inkomdatum+%3E%3D+DATE+%272025-07-01%27+AND+Inkomdatum+%3C+DATE+%272025-09-01%27&outFields=Beteckn%2CLannr%2CKommunnr%2CArendeAr%2CInkomdatum%2CAnmaldHa%2CAvvHa%2CAvvSasong%2CAvverktyp&returnGeometry=false&orderByFields=Beteckn&f=json,2026-09-04T15:38:38Z,304,application/json,82617,bc9f1d178e57431a36b0d2fe5f4d757428be8b5bf23cdd25529be50e219096b7,"""a548ca68""",,unchanged,raw/skogsstyrelsen.harvest.notified/2026/09/20260904T140509Z-bc9f1d178e57.json,not_modified,
skogsstyrelsen.harvest.notified,https://geodpags.skogsstyrelsen.se/arcgis/rest/services/Geodataportal/GeodataportalVisaAvverkningsanmalan/MapServer/0/query?where=Lannr%3D%2714%27+AND+ArendeAr%3D2025+AND+Inkomdatum+%3E%3D+DATE+%272025-09-01%27+AND+Inkomdatum+%3C+DATE+%272025-11-01%27&outFields=Beteckn%2CLannr%2CKommunnr%2CArendeAr%2CInkomdatum%2CAnmaldHa%2CAvvHa%2CAvvSasong%2CAvverktyp&returnGeometry=false&orderByFields=Beteckn&f=json,2026-09-04T15:38:41Z,304,application/json,137837,818a7645918d354797228b7a0523df248b0a81a24c817a9bd84eee907ff74094,"""2201779f""",,unchanged,raw/skogsstyrelsen.harvest.notified/2026/09/20260904T140512Z-818a7645918d.json,not_modified,
skogsstyrelsen.harvest.notified,https://geodpags.skogsstyrelsen.se/arcgis/rest/services/Geodataportal/GeodataportalVisaAvverkningsanmalan/MapServer/0/query?where=Lannr%3D%2714%27+AND+ArendeAr%3D2025+AND+Inkomdatum+%3E%3D+DATE+%272025-11-01%27&outFields=Beteckn%2CLannr%2CKommunnr%2CArendeAr%2CInkomdatum%2CAnmaldHa%2CAvvHa%2CAvvSasong%2CAvverktyp&returnGeometry=false&orderByFields=Beteckn&f=json,2026-09-04T15:38:43Z,304,application/json,114021,fcd2489fba3314e95e9617937ab1a6358f4d70c47e481d03ed51110b6c23e64a,"""7e7eb40a""",,unchanged,raw/skogsstyrelsen.harvest.notified/2026/09/20260904T140515Z-fcd2489fba33.json,not_modified,
skogsstyrelsen.harvest.notified,https://geodpags.skogsstyrelsen.se/arcgis/rest/services/Geodataportal/GeodataportalVisaAvverkningsanmalan/MapServer/0/query?where=Lannr%3D%2724%27+AND+ArendeAr%3D2025+AND+Inkomdatum+%3C+DATE+%272025-03-01%27&outFields=Beteckn%2CLannr%2CKommunnr%2CArendeAr%2CInkomdatum%2CAnmaldHa%2CAvvHa%2CAvvSasong%2CAvverktyp&returnGeometry=false&orderByFields=Beteckn&f=json,2026-09-04T15:38:45Z,304,application/json,55622,47c99e8bfa99483a95e3003eae9519306916c56dfe901821512b07a59af271ac,"""74bb7c77""",,unchanged,raw/skogsstyrelsen.harvest.notified/2026/09/20260904T140518Z-47c99e8bfa99.json,not_modified,
skogsstyrelsen.harvest.notified,https://geodpags.skogsstyrelsen.se/arcgis/rest/services/Geodataportal/GeodataportalVisaAvverkningsanmalan/MapServer/0/query?where=Lannr%3D%2724%27+AND+ArendeAr%3D2025+AND+Inkomdatum+%3E%3D+DATE+%272025-03-01%27+AND+Inkomdatum+%3C+DATE+%272025-05-01%27&outFields=Beteckn%2CLannr%2CKommunnr%2CArendeAr%2CInkomdatum%2CAnmaldHa%2CAvvHa%2CAvvSasong%2CAvverktyp&returnGeometry=false&orderByFields=Beteckn&f=json,2026-09-04T15:38:48Z,304,application/json,60712,189d801d05701bb1253fa919567857cabdfe07c5ce6f6926b049e487c955254f,"""9f6ac312""",,unchanged,raw/skogsstyrelsen.harvest.notified/2026/09/20260904T140521Z-189d801d0570.json,not_modified,
skogsstyrelsen.harvest.notified,https://geodpags.skogsstyrelsen.se/arcgis/rest/services/Geodataportal/GeodataportalVisaAvverkningsanmalan/MapServer/0/query?where=Lannr%3D%2724%27+AND+ArendeAr%3D2025+AND+Inkomdatum+%3E%3D+DATE+%272025-05-01%27+AND+Inkomdatum+%3C+DATE+%272025-07-01%27&outFields=Beteckn%2CLannr%2CKommunnr%2CArendeAr%2CInkomdatum%2CAnmaldHa%2CAvvHa%2CAvvSasong%2CAvverktyp&returnGeometry=false&orderByFields=Beteckn&f=json,2026-09-04T15:38:50Z,304,application/json,99437,d131823163b500fc4327901b4d713836b23308d50acbbacfad2b4d1ca8e183a3,"""d9f067""",,unchanged,raw/skogsstyrelsen.harvest.notified/2026/09/20260904T140524Z-d131823163b5.json,not_modified,
skogsstyrelsen.harvest.notified,https://geodpags.skogsstyrelsen.se/arcgis/rest/services/Geodataportal/GeodataportalVisaAvverkningsanmalan/MapServer/0/query?where=Lannr%3D%2724%27+AND+ArendeAr%3D2025+AND+Inkomdatum+%3E%3D+DATE+%272025-07-01%27+AND+Inkomdatum+%3C+DATE+%272025-09-01%27&outFields=Beteckn%2CLannr%2CKommunnr%2CArendeAr%2CInkomdatum%2CAnmaldHa%2CAvvHa%2CAvvSasong%2CAvverktyp&returnGeometry=false&orderByFields=Beteckn&f=json,2026-09-04T15:38:53Z,304,application/json,101374,154d1fe673b4806900e03f4a8fab97adc25982b52acf6a9b1aae4acd16cb0e69,"""69e4ab74""",,unchanged,raw/skogsstyrelsen.harvest.notified/2026/09/20260904T140526Z-154d1fe673b4.json,not_modified,
skogsstyrelsen.harvest.notified,https://geodpags.skogsstyrelsen.se/arcgis/rest/services/Geodataportal/GeodataportalVisaAvverkningsanmalan/MapServer/0/query?where=Lannr%3D%2724%27+AND+ArendeAr%3D2025+AND+Inkomdatum+%3E%3D+DATE+%272025-09-01%27+AND+Inkomdatum+%3C+DATE+%272025-11-01%27&outFields=Beteckn%2CLannr%2CKommunnr%2CArendeAr%2CInkomdatum%2CAnmaldHa%2CAvvHa%2CAvvSasong%2CAvverktyp&returnGeometry=false&orderByFields=Beteckn&f=json,2026-09-04T15:38:55Z,304,application/json,148246,1945b7564e6a32de6c85bb1e5a520d61f068672fca84200f87c65e91c92e1056,"""5e6d08a0""",,unchanged,raw/skogsstyrelsen.harvest.notified/2026/09/20260904T140529Z-1945b7564e6a.json,not_modified,
skogsstyrelsen.harvest.notified,https://geodpags.skogsstyrelsen.se/arcgis/rest/services/Geodataportal/GeodataportalVisaAvverkningsanmalan/MapServer/0/query?where=Lannr%3D%2724%27+AND+ArendeAr%3D2025+AND+Inkomdatum+%3E%3D+DATE+%272025-11-01%27&outFields=Beteckn%2CLannr%2CKommunnr%2CArendeAr%2CInkomdatum%2CAnmaldHa%2CAvvHa%2CAvvSasong%2CAvverktyp&returnGeometry=false&orderByFields=Beteckn&f=json,2026-09-04T15:38:58Z,304,application/json,145664,f5d49e2df0cefb7233085cee97bb819eef2a805e7ebc688f18893487d9ce6bf3,"""a5e65fd6""",,unchanged,raw/skogsstyrelsen.harvest.notified/2026/09/20260904T140534Z-f5d49e2df0ce.json,not_modified,
skogsstyrelsen.harvest.notified,https://geodpags.skogsstyrelsen.se/arcgis/rest/services/Geodataportal/GeodataportalVisaAvverkningsanmalan/MapServer/0/query?where=Lannr%3D%2720%27+AND+ArendeAr%3D2026+AND+Inkomdatum+%3C+DATE+%272026-03-01%27&outFields=Beteckn%2CLannr%2CKommunnr%2CArendeAr%2CInkomdatum%2CAnmaldHa%2CAvvHa%2CAvvSasong%2CAvverktyp&returnGeometry=false&orderByFields=Beteckn&f=json,2026-09-04T15:39:00Z,304,application/json,189933,c3cbddb54c01fb7989ba028a7826c456940e125a2b6a7d09ef33554322153e7c,"""195e5a30""",,unchanged,raw/skogsstyrelsen.harvest.notified/2026/09/20260904T140538Z-c3cbddb54c01.json,not_modified,
skogsstyrelsen.harvest.notified,https://geodpags.skogsstyrelsen.se/arcgis/rest/services/Geodataportal/GeodataportalVisaAvverkningsanmalan/MapServer/0/query?where=Lannr%3D%2720%27+AND+ArendeAr%3D2026+AND+Inkomdatum+%3E%3D+DATE+%272026-03-01%27+AND+Inkomdatum+%3C+DATE+%272026-05-01%27&outFields=Beteckn%2CLannr%2CKommunnr%2CArendeAr%2CInkomdatum%2CAnmaldHa%2CAvvHa%2CAvvSasong%2CAvverktyp&returnGeometry=false&orderByFields=Beteckn&f=json,2026-09-04T15:39:03Z,304,application/json,157413,b9e0c43eb56677ba4fdd09b5a5880a554d1926c61d89837bfdb05bc036c7616e,"""7a9b031e""",,unchanged,raw/skogsstyrelsen.harvest.notified/2026/09/20260904T140543Z-b9e0c43eb566.json,not_modified,
skogsstyrelsen.harvest.notified,https://geodpags.skogsstyrelsen.se/arcgis/rest/services/Geodataportal/GeodataportalVisaAvverkningsanmalan/MapServer/0/query?where=Lannr%3D%2720%27+AND+ArendeAr%3D2026+AND+Inkomdatum+%3E%3D+DATE+%272026-05-01%27+AND+Inkomdatum+%3C+DATE+%272026-07-01%27&outFields=Beteckn%2CLannr%2CKommunnr%2CArendeAr%2CInkomdatum%2CAnmaldHa%2CAvvHa%2CAvvSasong%2CAvverktyp&returnGeometry=false&orderByFields=Beteckn&f=json,2026-09-04T15:39:05Z,304,application/json,161574,b8910581afd858f8092f5d5cd054d437a8fdcdb876311051a65d54a9ee7564f9,"""e9f532bd""",,unchanged,raw/skogsstyrelsen.harvest.notified/2026/09/20260904T140547Z-b8910581afd8.json,not_modified,
skogsstyrelsen.harvest.notified,https://geodpags.skogsstyrelsen.se/arcgis/rest/services/Geodataportal/GeodataportalVisaAvverkningsanmalan/MapServer/0/query?where=Lannr%3D%2720%27+AND+ArendeAr%3D2026+AND+Inkomdatum+%3E%3D+DATE+%272026-07-01%27+AND+Inkomdatum+%3C+DATE+%272026-09-01%27&outFields=Beteckn%2CLannr%2CKommunnr%2CArendeAr%2CInkomdatum%2CAnmaldHa%2CAvvHa%2CAvvSasong%2CAvverktyp&returnGeometry=false&orderByFields=Beteckn&f=json,2026-09-04T15:39:07Z,304,application/json,88551,24b8b2f1c4a27e00d325952ca8c0e7e9fffba6fcd63433d513cbfcd06f9398ca,"""9aecae29""",,unchanged,raw/skogsstyrelsen.harvest.notified/2026/09/20260904T140550Z-24b8b2f1c4a2.json,not_modified,
skogsstyrelsen.harvest.notified,https://geodpags.skogsstyrelsen.se/arcgis/rest/services/Geodataportal/GeodataportalVisaAvverkningsanmalan/MapServer/0/query?where=Lannr%3D%2720%27+AND+ArendeAr%3D2026+AND+Inkomdatum+%3E%3D+DATE+%272026-09-01%27+AND+Inkomdatum+%3C+DATE+%272026-11-01%27&outFields=Beteckn%2CLannr%2CKommunnr%2CArendeAr%2CInkomdatum%2CAnmaldHa%2CAvvHa%2CAvvSasong%2CAvverktyp&returnGeometry=false&orderByFields=Beteckn&f=json,2026-09-04T15:39:10Z,304,application/json,9355,8ddda4815def1085b13e12f30ae39cd77234286e5c55ad079f7a78d5176b4787,"""72846ff6""",,unchanged,raw/skogsstyrelsen.harvest.notified/2026/09/20260904T140553Z-8ddda4815def.json,not_modified,
skogsstyrelsen.harvest.notified,https://geodpags.skogsstyrelsen.se/arcgis/rest/services/Geodataportal/GeodataportalVisaAvverkningsanmalan/MapServer/0/query?where=Lannr%3D%2720%27+AND+ArendeAr%3D2026+AND+Inkomdatum+%3E%3D+DATE+%272026-11-01%27&outFields=Beteckn%2CLannr%2CKommunnr%2CArendeAr%2CInkomdatum%2CAnmaldHa%2CAvvHa%2CAvvSasong%2CAvverktyp&returnGeometry=false&orderByFields=Beteckn&f=json,2026-09-04T15:39:12Z,304,application/json,936,3d0f45d783ae7060dc59f31a43ab33b33371bcebb992b2ffbe734fab5b0bd1b8,"""e2d6243""",,unchanged,raw/skogsstyrelsen.harvest.notified/2026/09/20260904T140557Z-3d0f45d783ae.json,not_modified,
skogsstyrelsen.harvest.notified,https://geodpags.skogsstyrelsen.se/arcgis/rest/services/Geodataportal/GeodataportalVisaAvverkningsanmalan/MapServer/0/query?where=Lannr%3D%2722%27+AND+ArendeAr%3D2025+AND+Inkomdatum+%3C+DATE+%272025-03-01%27&outFields=Beteckn%2CLannr%2CKommunnr%2CArendeAr%2CInkomdatum%2CAnmaldHa%2CAvvHa%2CAvvSasong%2CAvverktyp&returnGeometry=false&orderByFields=Beteckn&f=json,2026-09-04T15:39:14Z,304,application/json,55273,0ccf330e7684889de48941458f6427858c18249c2093d350ccf87f26579255d3,"""339b794b""",,unchanged,raw/skogsstyrelsen.harvest.notified/2026/09/20260904T140600Z-0ccf330e7684.json,not_modified,
skogsstyrelsen.harvest.notified,https://geodpags.skogsstyrelsen.se/arcgis/rest/services/Geodataportal/GeodataportalVisaAvverkningsanmalan/MapServer/0/query?where=Lannr%3D%2722%27+AND+ArendeAr%3D2025+AND+Inkomdatum+%3E%3D+DATE+%272025-03-01%27+AND+Inkomdatum+%3C+DATE+%272025-05-01%27&outFields=Beteckn%2CLannr%2CKommunnr%2CArendeAr%2CInkomdatum%2CAnmaldHa%2CAvvHa%2CAvvSasong%2CAvverktyp&returnGeometry=false&orderByFields=Beteckn&f=json,2026-09-04T15:39:17Z,304,application/json,69858,bb7f5a30fb406dfa739a0c64db08f20c474694efb33f953b766e84ea72ed06ae,"""689ff988""",,unchanged,raw/skogsstyrelsen.harvest.notified/2026/09/20260904T140604Z-bb7f5a30fb40.json,not_modified,
skogsstyrelsen.harvest.notified,https://geodpags.skogsstyrelsen.se/arcgis/rest/services/Geodataportal/GeodataportalVisaAvverkningsanmalan/MapServer/0/query?where=Lannr%3D%2722%27+AND+ArendeAr%3D2025+AND+Inkomdatum+%3E%3D+DATE+%272025-05-01%27+AND+Inkomdatum+%3C+DATE+%272025-07-01%27&outFields=Beteckn%2CLannr%2CKommunnr%2CArendeAr%2CInkomdatum%2CAnmaldHa%2CAvvHa%2CAvvSasong%2CAvverktyp&returnGeometry=false&orderByFields=Beteckn&f=json,2026-09-04T15:39:19Z,304,application/json,112930,535211af0d797ff9d55072bb5ec0608c14cfc301717e5df3efda622a7e74f482,"""d1986b29""",,unchanged,raw/skogsstyrelsen.harvest.notified/2026/09/20260904T140609Z-535211af0d79.json,not_modified,
skogsstyrelsen.harvest.notified,https://geodpags.skogsstyrelsen.se/arcgis/rest/services/Geodataportal/GeodataportalVisaAvverkningsanmalan/MapServer/0/query?where=Lannr%3D%2722%27+AND+ArendeAr%3D2025+AND+Inkomdatum+%3E%3D+DATE+%272025-07-01%27+AND+Inkomdatum+%3C+DATE+%272025-09-01%27&outFields=Beteckn%2CLannr%2CKommunnr%2CArendeAr%2CInkomdatum%2CAnmaldHa%2CAvvHa%2CAvvSasong%2CAvverktyp&returnGeometry=false&orderByFields=Beteckn&f=json,2026-09-04T15:39:22Z,304,application/json,91612,5645081d616121ee768bd753d4c8730a61403a7e6aff20c6c53f83f3dcec6419,"""aa9f149b""",,unchanged,raw/skogsstyrelsen.harvest.notified/2026/09/20260904T140612Z-5645081d6161.json,not_modified,
skogsstyrelsen.harvest.notified,https://geodpags.skogsstyrelsen.se/arcgis/rest/services/Geodataportal/GeodataportalVisaAvverkningsanmalan/MapServer/0/query?where=Lannr%3D%2722%27+AND+ArendeAr%3D2025+AND+Inkomdatum+%3E%3D+DATE+%272025-09-01%27+AND+Inkomdatum+%3C+DATE+%272025-11-01%27&outFields=Beteckn%2CLannr%2CKommunnr%2CArendeAr%2CInkomdatum%2CAnmaldHa%2CAvvHa%2CAvvSasong%2CAvverktyp&returnGeometry=false&orderByFields=Beteckn&f=json,2026-09-04T15:39:25Z,304,application/json,136317,a6a0f0c7c8404fcaeb3453f7cdc9fbcc762ae1b71d011b34cf03adb2e1ba750c,"""3a2dac6a""",,unchanged,raw/skogsstyrelsen.harvest.notified/2026/09/20260904T140615Z-a6a0f0c7c840.json,not_modified,
skogsstyrelsen.harvest.notified,https://geodpags.skogsstyrelsen.se/arcgis/rest/services/Geodataportal/GeodataportalVisaAvverkningsanmalan/MapServer/0/query?where=Lannr%3D%2722%27+AND+ArendeAr%3D2025+AND+Inkomdatum+%3E%3D+DATE+%272025-11-01%27&outFields=Beteckn%2CLannr%2CKommunnr%2CArendeAr%2CInkomdatum%2CAnmaldHa%2CAvvHa%2CAvvSasong%2CAvverktyp&returnGeometry=false&orderByFields=Beteckn&f=json,2026-09-04T15:39:27Z,304,application/json,133224,c7196ed437086ca8f740f9166a7defa2509928189d9412938463e6b90fee7604,"""d98f538""",,unchanged,raw/skogsstyrelsen.harvest.notified/2026/09/20260904T140619Z-c7196ed43708.json,not_modified,
skogsstyrelsen.harvest.notified,https://geodpags.skogsstyrelsen.se/arcgis/rest/services/Geodataportal/GeodataportalVisaAvverkningsanmalan/MapServer/0/query?where=Lannr%3D%2723%27+AND+ArendeAr%3D2025+AND+Inkomdatum+%3C+DATE+%272025-04-01%27&outFields=Beteckn%2CLannr%2CKommunnr%2CArendeAr%2CInkomdatum%2CAnmaldHa%2CAvvHa%2CAvvSasong%2CAvverktyp&returnGeometry=false&orderByFields=Beteckn&f=json,2026-09-04T15:39:29Z,304,application/json,93455,9b084d3eab012bc6770979141bed839139743c7d17cae06b9d50b256689e5a93,"""932e4f55""",,unchanged,raw/skogsstyrelsen.harvest.notified/2026/09/20260904T140622Z-9b084d3eab01.json,not_modified,
skogsstyrelsen.harvest.notified,https://geodpags.skogsstyrelsen.se/arcgis/rest/services/Geodataportal/GeodataportalVisaAvverkningsanmalan/MapServer/0/query?where=Lannr%3D%2723%27+AND+ArendeAr%3D2025+AND+Inkomdatum+%3E%3D+DATE+%272025-04-01%27+AND+Inkomdatum+%3C+DATE+%272025-07-01%27&outFields=Beteckn%2CLannr%2CKommunnr%2CArendeAr%2CInkomdatum%2CAnmaldHa%2CAvvHa%2CAvvSasong%2CAvverktyp&returnGeometry=false&orderByFields=Beteckn&f=json,2026-09-04T15:39:32Z,304,application/json,138584,71e4b53b16f2f20d9a405c51620b172e72d4c430ca2ba1a11b623f1f19342e78,"""4bb503a6""",,unchanged,raw/skogsstyrelsen.harvest.notified/2026/09/20260904T140625Z-71e4b53b16f2.json,not_modified,
skogsstyrelsen.harvest.notified,https://geodpags.skogsstyrelsen.se/arcgis/rest/services/Geodataportal/GeodataportalVisaAvverkningsanmalan/MapServer/0/query?where=Lannr%3D%2723%27+AND+ArendeAr%3D2025+AND+Inkomdatum+%3E%3D+DATE+%272025-07-01%27+AND+Inkomdatum+%3C+DATE+%272025-10-01%27&outFields=Beteckn%2CLannr%2CKommunnr%2CArendeAr%2CInkomdatum%2CAnmaldHa%2CAvvHa%2CAvvSasong%2CAvverktyp&returnGeometry=false&orderByFields=Beteckn&f=json,2026-09-04T15:39:34Z,304,application/json,160145,888fc862d4d86c3f8a5c9cd6ea6b7988a38ccccd029d5d580177a9cee333a9a6,"""8414f4cd""",,unchanged,raw/skogsstyrelsen.harvest.notified/2026/09/20260904T140629Z-888fc862d4d8.json,not_modified,
skogsstyrelsen.harvest.notified,https://geodpags.skogsstyrelsen.se/arcgis/rest/services/Geodataportal/GeodataportalVisaAvverkningsanmalan/MapServer/0/query?where=Lannr%3D%2723%27+AND+ArendeAr%3D2025+AND+Inkomdatum+%3E%3D+DATE+%272025-10-01%27&outFields=Beteckn%2CLannr%2CKommunnr%2CArendeAr%2CInkomdatum%2CAnmaldHa%2CAvvHa%2CAvvSasong%2CAvverktyp&returnGeometry=false&orderByFields=Beteckn&f=json,2026-09-04T15:39:37Z,304,application/json,194762,a724c5ab52592017854ee24e1ce5bc3dbbc84cd6dcc0c64f6512d32805015f71,"""785a1eba""",,unchanged,raw/skogsstyrelsen.harvest.notified/2026/09/20260904T140633Z-a724c5ab5259.json,not_modified,
skogsstyrelsen.harvest.notified,https://geodpags.skogsstyrelsen.se/arcgis/rest/services/Geodataportal/GeodataportalVisaAvverkningsanmalan/MapServer/0/query?where=Lannr%3D%2717%27+AND+ArendeAr%3D2025+AND+Inkomdatum+%3C+DATE+%272025-04-01%27&outFields=Beteckn%2CLannr%2CKommunnr%2CArendeAr%2CInkomdatum%2CAnmaldHa%2CAvvHa%2CAvvSasong%2CAvverktyp&returnGeometry=false&orderByFields=Beteckn&f=json,2026-09-04T15:39:39Z,304,application/json,118294,e1ffc661e3d00c2d1a8201b106860e6c51629f70a8a5f415adcc5e84d7bc1dbb,"""da5ba9ce""",,unchanged,raw/skogsstyrelsen.harvest.notified/2026/09/20260904T140637Z-e1ffc661e3d0.json,not_modified,
skogsstyrelsen.harvest.notified,https://geodpags.skogsstyrelsen.se/arcgis/rest/services/Geodataportal/GeodataportalVisaAvverkningsanmalan/MapServer/0/query?where=Lannr%3D%2717%27+AND+ArendeAr%3D2025+AND+Inkomdatum+%3E%3D+DATE+%272025-04-01%27+AND+Inkomdatum+%3C+DATE+%272025-07-01%27&outFields=Beteckn%2CLannr%2CKommunnr%2CArendeAr%2CInkomdatum%2CAnmaldHa%2CAvvHa%2CAvvSasong%2CAvverktyp&returnGeometry=false&orderByFields=Beteckn&f=json,2026-09-04T15:39:41Z,304,application/json,140373,383450b6e18f797f942395fe0385517c924bff110859f927aa44cad3e87fb840,"""abe318d1""",,unchanged,raw/skogsstyrelsen.harvest.notified/2026/09/20260904T140640Z-383450b6e18f.json,not_modified,
skogsstyrelsen.harvest.notified,https://geodpags.skogsstyrelsen.se/arcgis/rest/services/Geodataportal/GeodataportalVisaAvverkningsanmalan/MapServer/0/query?where=Lannr%3D%2717%27+AND+ArendeAr%3D2025+AND+Inkomdatum+%3E%3D+DATE+%272025-07-01%27+AND+Inkomdatum+%3C+DATE+%272025-10-01%27&outFields=Beteckn%2CLannr%2CKommunnr%2CArendeAr%2CInkomdatum%2CAnmaldHa%2CAvvHa%2CAvvSasong%2CAvverktyp&returnGeometry=false&orderByFields=Beteckn&f=json,2026-09-04T15:39:44Z,304,application/json,131170,2938e90aea360f3c09a0ecf705bc5ba956f8a9bf51e5785a23e4c52bd7c160a4,"""aea6cd15""",,unchanged,raw/skogsstyrelsen.harvest.notified/2026/09/20260904T140643Z-2938e90aea36.json,not_modified,
skogsstyrelsen.harvest.notified,https://geodpags.skogsstyrelsen.se/arcgis/rest/services/Geodataportal/GeodataportalVisaAvverkningsanmalan/MapServer/0/query?where=Lannr%3D%2717%27+AND+ArendeAr%3D2025+AND+Inkomdatum+%3E%3D+DATE+%272025-10-01%27&outFields=Beteckn%2CLannr%2CKommunnr%2CArendeAr%2CInkomdatum%2CAnmaldHa%2CAvvHa%2CAvvSasong%2CAvverktyp&returnGeometry=false&orderByFields=Beteckn&f=json,2026-09-04T15:39:46Z,304,application/json,169331,1f0e89432b0e702253468a05b96bc0a29b7f063073a3cbde38e87508a2f54b2f,"""1e27e8e8""",,unchanged,raw/skogsstyrelsen.harvest.notified/2026/09/20260904T140645Z-1f0e89432b0e.json,not_modified,
skogsstyrelsen.harvest.notified,https://geodpags.skogsstyrelsen.se/arcgis/rest/services/Geodataportal/GeodataportalVisaAvverkningsanmalan/MapServer/0/query?where=Lannr%3D%2714%27+AND+ArendeAr%3D2023+AND+Inkomdatum+%3C+DATE+%272023-04-01%27&outFields=Beteckn%2CLannr%2CKommunnr%2CArendeAr%2CInkomdatum%2CAnmaldHa%2CAvvHa%2CAvvSasong%2CAvverktyp&returnGeometry=false&orderByFields=Beteckn&f=json,2026-09-04T15:39:49Z,304,application/json,123946,02e47122764f0b9e48f09658d0b0ae1d45b1f56ce8f564471f4aedfc3de487b3,"""16bbbd32""",,unchanged,raw/skogsstyrelsen.harvest.notified/2026/09/20260904T140648Z-02e47122764f.json,not_modified,
skogsstyrelsen.harvest.notified,https://geodpags.skogsstyrelsen.se/arcgis/rest/services/Geodataportal/GeodataportalVisaAvverkningsanmalan/MapServer/0/query?where=Lannr%3D%2714%27+AND+ArendeAr%3D2023+AND+Inkomdatum+%3E%3D+DATE+%272023-04-01%27+AND+Inkomdatum+%3C+DATE+%272023-07-01%27&outFields=Beteckn%2CLannr%2CKommunnr%2CArendeAr%2CInkomdatum%2CAnmaldHa%2CAvvHa%2CAvvSasong%2CAvverktyp&returnGeometry=false&orderByFields=Beteckn&f=json,2026-09-04T15:39:51Z,304,application/json,109095,8fe96b6516fc70ee15170b7c4177d431970aa5295ecc1db7202bf348216434b6,"""cc46bb16""",,unchanged,raw/skogsstyrelsen.harvest.notified/2026/09/20260904T140651Z-8fe96b6516fc.json,not_modified,
skogsstyrelsen.harvest.notified,https://geodpags.skogsstyrelsen.se/arcgis/rest/services/Geodataportal/GeodataportalVisaAvverkningsanmalan/MapServer/0/query?where=Lannr%3D%2714%27+AND+ArendeAr%3D2023+AND+Inkomdatum+%3E%3D+DATE+%272023-07-01%27+AND+Inkomdatum+%3C+DATE+%272023-10-01%27&outFields=Beteckn%2CLannr%2CKommunnr%2CArendeAr%2CInkomdatum%2CAnmaldHa%2CAvvHa%2CAvvSasong%2CAvverktyp&returnGeometry=false&orderByFields=Beteckn&f=json,2026-09-04T15:39:53Z,304,application/json,140351,f9549fd0b7bf658a2e8f512a4c4fbafde4f740c5ac41827faf771eb5b94c12c3,"""adba9765""",,unchanged,raw/skogsstyrelsen.harvest.notified/2026/09/20260904T140654Z-f9549fd0b7bf.json,not_modified,
skogsstyrelsen.harvest.notified,https://geodpags.skogsstyrelsen.se/arcgis/rest/services/Geodataportal/GeodataportalVisaAvverkningsanmalan/MapServer/0/query?where=Lannr%3D%2714%27+AND+ArendeAr%3D2023+AND+Inkomdatum+%3E%3D+DATE+%272023-10-01%27&outFields=Beteckn%2CLannr%2CKommunnr%2CArendeAr%2CInkomdatum%2CAnmaldHa%2CAvvHa%2CAvvSasong%2CAvverktyp&returnGeometry=false&orderByFields=Beteckn&f=json,2026-09-04T15:39:56Z,200,application/json,157625,d78290d9fb0c603fbadabd30942f664896b8c4ce61b72555c75a0f0b7df7a68f,"""eddebdc9""",,changed,raw/skogsstyrelsen.harvest.notified/2026/09/20260904T153956Z-d78290d9fb0c.json,,
skogsstyrelsen.harvest.notified,https://geodpags.skogsstyrelsen.se/arcgis/rest/services/Geodataportal/GeodataportalVisaAvverkningsanmalan/MapServer/0/query?where=Lannr%3D%2724%27+AND+ArendeAr%3D2026+AND+Inkomdatum+%3C+DATE+%272026-04-01%27&outFields=Beteckn%2CLannr%2CKommunnr%2CArendeAr%2CInkomdatum%2CAnmaldHa%2CAvvHa%2CAvvSasong%2CAvverktyp&returnGeometry=false&orderByFields=Beteckn&f=json,2026-09-04T15:39:59Z,304,application/json,126710,e2daf494b83c8e35885162f4fe324e0a8c889294379096f4b8a1731146325cf4,"""37da06ac""",,unchanged,raw/skogsstyrelsen.harvest.notified/2026/09/20260904T140701Z-e2daf494b83c.json,not_modified,
skogsstyrelsen.harvest.notified,https://geodpags.skogsstyrelsen.se/arcgis/rest/services/Geodataportal/GeodataportalVisaAvverkningsanmalan/MapServer/0/query?where=Lannr%3D%2724%27+AND+ArendeAr%3D2026+AND+Inkomdatum+%3E%3D+DATE+%272026-04-01%27+AND+Inkomdatum+%3C+DATE+%272026-07-01%27&outFields=Beteckn%2CLannr%2CKommunnr%2CArendeAr%2CInkomdatum%2CAnmaldHa%2CAvvHa%2CAvvSasong%2CAvverktyp&returnGeometry=false&orderByFields=Beteckn&f=json,2026-09-04T15:40:01Z,304,application/json,219230,3c266f0829907fadee10cdc3211c3c45a5375eb7f3674eefda105b12f0f86e91,"""e736fd27""",,unchanged,raw/skogsstyrelsen.harvest.notified/2026/09/20260904T140704Z-3c266f082990.json,not_modified,
skogsstyrelsen.harvest.notified,https://geodpags.skogsstyrelsen.se/arcgis/rest/services/Geodataportal/GeodataportalVisaAvverkningsanmalan/MapServer/0/query?where=Lannr%3D%2724%27+AND+ArendeAr%3D2026+AND+Inkomdatum+%3E%3D+DATE+%272026-07-01%27+AND+Inkomdatum+%3C+DATE+%272026-10-01%27&outFields=Beteckn%2CLannr%2CKommunnr%2CArendeAr%2CInkomdatum%2CAnmaldHa%2CAvvHa%2CAvvSasong%2CAvverktyp&returnGeometry=false&orderByFields=Beteckn&f=json,2026-09-04T15:40:03Z,304,application/json,188220,d851373ba4f54d6fe9002131cf489482264a130a93ac968bb10953dbbdc1fcac,"""1ea965ab""",,unchanged,raw/skogsstyrelsen.harvest.notified/2026/09/20260904T140706Z-d851373ba4f5.json,not_modified,
skogsstyrelsen.harvest.notified,https://geodpags.skogsstyrelsen.se/arcgis/rest/services/Geodataportal/GeodataportalVisaAvverkningsanmalan/MapServer/0/query?where=Lannr%3D%2724%27+AND+ArendeAr%3D2026+AND+Inkomdatum+%3E%3D+DATE+%272026-10-01%27&outFields=Beteckn%2CLannr%2CKommunnr%2CArendeAr%2CInkomdatum%2CAnmaldHa%2CAvvHa%2CAvvSasong%2CAvverktyp&returnGeometry=false&orderByFields=Beteckn&f=json,2026-09-04T15:40:06Z,304,application/json,936,3d0f45d783ae7060dc59f31a43ab33b33371bcebb992b2ffbe734fab5b0bd1b8,"""e2d6243""",,unchanged,raw/skogsstyrelsen.harvest.notified/2026/09/20260904T140709Z-3d0f45d783ae.json,not_modified,
skogsstyrelsen.harvest.notified,https://geodpags.skogsstyrelsen.se/arcgis/rest/services/Geodataportal/GeodataportalVisaAvverkningsanmalan/MapServer/0/query?where=Lannr%3D%2721%27+AND+ArendeAr%3D2025+AND+Inkomdatum+%3C+DATE+%272025-04-01%27&outFields=Beteckn%2CLannr%2CKommunnr%2CArendeAr%2CInkomdatum%2CAnmaldHa%2CAvvHa%2CAvvSasong%2CAvverktyp&returnGeometry=false&orderByFields=Beteckn&f=json,2026-09-04T15:40:09Z,304,application/json,76057,ad379cd756aeec4d51e129595d7ddd34336d51fed81047f9d705940cc9e4f22c,"""a2c2361d""",,unchanged,raw/skogsstyrelsen.harvest.notified/2026/09/20260904T140712Z-ad379cd756ae.json,not_modified,
skogsstyrelsen.harvest.notified,https://geodpags.skogsstyrelsen.se/arcgis/rest/services/Geodataportal/GeodataportalVisaAvverkningsanmalan/MapServer/0/query?where=Lannr%3D%2721%27+AND+ArendeAr%3D2025+AND+Inkomdatum+%3E%3D+DATE+%272025-04-01%27+AND+Inkomdatum+%3C+DATE+%272025-07-01%27&outFields=Beteckn%2CLannr%2CKommunnr%2CArendeAr%2CInkomdatum%2CAnmaldHa%2CAvvHa%2CAvvSasong%2CAvverktyp&returnGeometry=false&orderByFields=Beteckn&f=json,2026-09-04T15:40:11Z,304,application/json,133622,670deefce9590506e3a5889911b79ff4a01c23f884c9f8fc58705162fdcc4eaa,"""a7981226""",,unchanged,raw/skogsstyrelsen.harvest.notified/2026/09/20260904T140715Z-670deefce959.json,not_modified,
skogsstyrelsen.harvest.notified,https://geodpags.skogsstyrelsen.se/arcgis/rest/services/Geodataportal/GeodataportalVisaAvverkningsanmalan/MapServer/0/query?where=Lannr%3D%2721%27+AND+ArendeAr%3D2025+AND+Inkomdatum+%3E%3D+DATE+%272025-07-01%27+AND+Inkomdatum+%3C+DATE+%272025-10-01%27&outFields=Beteckn%2CLannr%2CKommunnr%2CArendeAr%2CInkomdatum%2CAnmaldHa%2CAvvHa%2CAvvSasong%2CAvverktyp&returnGeometry=false&orderByFields=Beteckn&f=json,2026-09-04T15:40:13Z,304,application/json,139528,18e2c6e00a85a6de8c2a98405787ce8f2a86210571d978bd5abd0c414bfea1a0,"""f0ff33e""",,unchanged,raw/skogsstyrelsen.harvest.notified/2026/09/20260904T140718Z-18e2c6e00a85.json,not_modified,
skogsstyrelsen.harvest.notified,https://geodpags.skogsstyrelsen.se/arcgis/rest/services/Geodataportal/GeodataportalVisaAvverkningsanmalan/MapServer/0/query?where=Lannr%3D%2721%27+AND+ArendeAr%3D2025+AND+Inkomdatum+%3E%3D+DATE+%272025-10-01%27&outFields=Beteckn%2CLannr%2CKommunnr%2CArendeAr%2CInkomdatum%2CAnmaldHa%2CAvvHa%2CAvvSasong%2CAvverktyp&returnGeometry=false&orderByFields=Beteckn&f=json,2026-09-04T15:40:16Z,304,application/json,180299,4b77ce2b12a28992c96a6b1911c91d7e57ab33e30eb0b0e6598120c14414152f,"""49c4f90e""",,unchanged,raw/skogsstyrelsen.harvest.notified/2026/09/20260904T140722Z-4b77ce2b12a2.json,not_modified,
skogsstyrelsen.harvest.notified,https://geodpags.skogsstyrelsen.se/arcgis/rest/services/Geodataportal/GeodataportalVisaAvverkningsanmalan/MapServer/0/query?where=Lannr%3D%2722%27+AND+ArendeAr%3D2026+AND+Inkomdatum+%3C+DATE+%272026-04-01%27&outFields=Beteckn%2CLannr%2CKommunnr%2CArendeAr%2CInkomdatum%2CAnmaldHa%2CAvvHa%2CAvvSasong%2CAvverktyp&returnGeometry=false&orderByFields=Beteckn&f=json,2026-09-04T15:40:18Z,304,application/json,162952,afc2cd77507ad09dcd2558ad7d1ae12f555a6a2654e1af170615de9c589680e3,"""baf9da0""",,unchanged,raw/skogsstyrelsen.harvest.notified/2026/09/20260904T140726Z-afc2cd77507a.json,not_modified,
skogsstyrelsen.harvest.notified,https://geodpags.skogsstyrelsen.se/arcgis/rest/services/Geodataportal/GeodataportalVisaAvverkningsanmalan/MapServer/0/query?where=Lannr%3D%2722%27+AND+ArendeAr%3D2026+AND+Inkomdatum+%3E%3D+DATE+%272026-04-01%27+AND+Inkomdatum+%3C+DATE+%272026-07-01%27&outFields=Beteckn%2CLannr%2CKommunnr%2CArendeAr%2CInkomdatum%2CAnmaldHa%2CAvvHa%2CAvvSasong%2CAvverktyp&returnGeometry=false&orderByFields=Beteckn&f=json,2026-09-04T15:40:21Z,304,application/json,205199,09f6cac4508538aa1f00965dc6529ed575e12e6e6a3b0c2cd43c90286db344fb,"""b249bafc""",,unchanged,raw/skogsstyrelsen.harvest.notified/2026/09/20260904T140729Z-09f6cac45085.json,not_modified,
skogsstyrelsen.harvest.notified,https://geodpags.skogsstyrelsen.se/arcgis/rest/services/Geodataportal/GeodataportalVisaAvverkningsanmalan/MapServer/0/query?where=Lannr%3D%2722%27+AND+ArendeAr%3D2026+AND+Inkomdatum+%3E%3D+DATE+%272026-07-01%27+AND+Inkomdatum+%3C+DATE+%272026-10-01%27&outFields=Beteckn%2CLannr%2CKommunnr%2CArendeAr%2CInkomdatum%2CAnmaldHa%2CAvvHa%2CAvvSasong%2CAvverktyp&returnGeometry=false&orderByFields=Beteckn&f=json,2026-09-04T15:40:23Z,200,application/json,153814,02cf4d8ae2293f4996ee9ec9518f6695ab12e5d7e2b6d54cbbb89ab2529b7c4c,"""af88ab85""",,changed,raw/skogsstyrelsen.harvest.notified/2026/09/20260904T154023Z-02cf4d8ae229.json,,
skogsstyrelsen.harvest.notified,https://geodpags.skogsstyrelsen.se/arcgis/rest/services/Geodataportal/GeodataportalVisaAvverkningsanmalan/MapServer/0/query?where=Lannr%3D%2722%27+AND+ArendeAr%3D2026+AND+Inkomdatum+%3E%3D+DATE+%272026-10-01%27&outFields=Beteckn%2CLannr%2CKommunnr%2CArendeAr%2CInkomdatum%2CAnmaldHa%2CAvvHa%2CAvvSasong%2CAvverktyp&returnGeometry=false&orderByFields=Beteckn&f=json,2026-09-04T15:40:26Z,304,application/json,936,3d0f45d783ae7060dc59f31a43ab33b33371bcebb992b2ffbe734fab5b0bd1b8,"""e2d6243""",,unchanged,raw/skogsstyrelsen.harvest.notified/2026/09/20260904T140737Z-3d0f45d783ae.json,not_modified,
skogsstyrelsen.harvest.notified,https://geodpags.skogsstyrelsen.se/arcgis/rest/services/Geodataportal/GeodataportalVisaAvverkningsanmalan/MapServer/0/query?where=Lannr%3D%2714%27+AND+ArendeAr%3D2024+AND+Inkomdatum+%3C+DATE+%272024-04-01%27&outFields=Beteckn%2CLannr%2CKommunnr%2CArendeAr%2CInkomdatum%2CAnmaldHa%2CAvvHa%2CAvvSasong%2CAvverktyp&returnGeometry=false&orderByFields=Beteckn&f=json,2026-09-04T15:40:29Z,304,application/json,137973,c42300cb9163463aadabcc53e9fb03cbb6df4e63530f94af5393bf7b0322c77e,"""53bbf9d2""",,unchanged,raw/skogsstyrelsen.harvest.notified/2026/09/20260904T140740Z-c42300cb9163.json,not_modified,
skogsstyrelsen.harvest.notified,https://geodpags.skogsstyrelsen.se/arcgis/rest/services/Geodataportal/GeodataportalVisaAvverkningsanmalan/MapServer/0/query?where=Lannr%3D%2714%27+AND+ArendeAr%3D2024+AND+Inkomdatum+%3E%3D+DATE+%272024-04-01%27+AND+Inkomdatum+%3C+DATE+%272024-07-01%27&outFields=Beteckn%2CLannr%2CKommunnr%2CArendeAr%2CInkomdatum%2CAnmaldHa%2CAvvHa%2CAvvSasong%2CAvverktyp&returnGeometry=false&orderByFields=Beteckn&f=json,2026-09-04T15:40:33Z,304,application/json,100532,322fcdf9837fb5687675d7bfe8562e6f09ceacd1d77396be9a7e188f57a4ebcd,"""32faee02""",,unchanged,raw/skogsstyrelsen.harvest.notified/2026/09/20260904T140744Z-322fcdf9837f.json,not_modified,
skogsstyrelsen.harvest.notified,https://geodpags.skogsstyrelsen.se/arcgis/rest/services/Geodataportal/GeodataportalVisaAvverkningsanmalan/MapServer/0/query?where=Lannr%3D%2714%27+AND+ArendeAr%3D2024+AND+Inkomdatum+%3E%3D+DATE+%272024-07-01%27+AND+Inkomdatum+%3C+DATE+%272024-10-01%27&outFields=Beteckn%2CLannr%2CKommunnr%2CArendeAr%2CInkomdatum%2CAnmaldHa%2CAvvHa%2CAvvSasong%2CAvverktyp&returnGeometry=false&orderByFields=Beteckn&f=json,2026-09-04T15:40:35Z,304,application/json,102089,77fa805e3177e07cd65858d63fa39e4308e8ec26d65575b351ac96a284e10c53,"""664f38cf""",,unchanged,raw/skogsstyrelsen.harvest.notified/2026/09/20260904T140747Z-77fa805e3177.json,not_modified,
skogsstyrelsen.harvest.notified,https://geodpags.skogsstyrelsen.se/arcgis/rest/services/Geodataportal/GeodataportalVisaAvverkningsanmalan/MapServer/0/query?where=Lannr%3D%2714%27+AND+ArendeAr%3D2024+AND+Inkomdatum+%3E%3D+DATE+%272024-10-01%27&outFields=Beteckn%2CLannr%2CKommunnr%2CArendeAr%2CInkomdatum%2CAnmaldHa%2CAvvHa%2CAvvSasong%2CAvverktyp&returnGeometry=false&orderByFields=Beteckn&f=json,2026-09-04T15:40:38Z,304,application/json,157818,f3bd828bd1f7a4a9c542067eb31d0a39e8299dbed9dd78eb6752c16ee1a71480,"""b3c8f5b0""",,unchanged,raw/skogsstyrelsen.harvest.notified/2026/09/20260904T140750Z-f3bd828bd1f7.json,not_modified,
skogsstyrelsen.harvest.notified,https://geodpags.skogsstyrelsen.se/arcgis/rest/services/Geodataportal/GeodataportalVisaAvverkningsanmalan/MapServer/0/query?where=Lannr%3D%2720%27+AND+ArendeAr%3D2025+AND+Inkomdatum+%3C+DATE+%272025-04-01%27&outFields=Beteckn%2CLannr%2CKommunnr%2CArendeAr%2CInkomdatum%2CAnmaldHa%2CAvvHa%2CAvvSasong%2CAvverktyp&returnGeometry=false&orderByFields=Beteckn&f=json,2026-09-04T15:40:41Z,304,application/json,67675,c7bc3bbb46534a0fc408c9ff1f165208622675edb3aa3c128612ecbf18bbfc56,"""dc1c3f34""",,unchanged,raw/skogsstyrelsen.harvest.notified/2026/09/20260904T140753Z-c7bc3bbb4653.json,not_modified,
skogsstyrelsen.harvest.notified,https://geodpags.skogsstyrelsen.se/arcgis/rest/services/Geodataportal/GeodataportalVisaAvverkningsanmalan/MapServer/0/query?where=Lannr%3D%2720%27+AND+ArendeAr%3D2025+AND+Inkomdatum+%3E%3D+DATE+%272025-04-01%27+AND+Inkomdatum+%3C+DATE+%272025-07-01%27&outFields=Beteckn%2CLannr%2CKommunnr%2CArendeAr%2CInkomdatum%2CAnmaldHa%2CAvvHa%2CAvvSasong%2CAvverktyp&returnGeometry=false&orderByFields=Beteckn&f=json,2026-09-04T15:40:43Z,304,application/json,117708,ae7c6ccc4b0f192890086c32f0c12274c2a78ee0b533c44279405c29f173f674,"""f060c0c3""",,unchanged,raw/skogsstyrelsen.harvest.notified/2026/09/20260904T140756Z-ae7c6ccc4b0f.json,not_modified,
skogsstyrelsen.harvest.notified,https://geodpags.skogsstyrelsen.se/arcgis/rest/services/Geodataportal/GeodataportalVisaAvverkningsanmalan/MapServer/0/query?where=Lannr%3D%2720%27+AND+ArendeAr%3D2025+AND+Inkomdatum+%3E%3D+DATE+%272025-07-01%27+AND+Inkomdatum+%3C+DATE+%272025-10-01%27&outFields=Beteckn%2CLannr%2CKommunnr%2CArendeAr%2CInkomdatum%2CAnmaldHa%2CAvvHa%2CAvvSasong%2CAvverktyp&returnGeometry=false&orderByFields=Beteckn&f=json,2026-09-04T15:40:46Z,304,application/json,124729,91b76dc3540b5c941aa20f90d89ab36b2c51ee6aab0c41172f032a93a548fd5e,"""b9740542""",,unchanged,raw/skogsstyrelsen.harvest.notified/2026/09/20260904T140759Z-91b76dc3540b.json,not_modified,
skogsstyrelsen.harvest.notified,https://geodpags.skogsstyrelsen.se/arcgis/rest/services/Geodataportal/GeodataportalVisaAvverkningsanmalan/MapServer/0/query?where=Lannr%3D%2720%27+AND+ArendeAr%3D2025+AND+Inkomdatum+%3E%3D+DATE+%272025-10-01%27&outFields=Beteckn%2CLannr%2CKommunnr%2CArendeAr%2CInkomdatum%2CAnmaldHa%2CAvvHa%2CAvvSasong%2CAvverktyp&returnGeometry=false&orderByFields=Beteckn&f=json,2026-09-04T15:40:49Z,304,application/json,183429,7f4569da92befce8b9c65cb40c6c7edec975c598eabadff91f56817a5e68cdfd,"""61dd86e3""",,unchanged,raw/skogsstyrelsen.harvest.notified/2026/09/20260904T140804Z-7f4569da92be.json,not_modified,
skogsstyrelsen.harvest.notified,https://geodpags.skogsstyrelsen.se/arcgis/rest/services/Geodataportal/GeodataportalVisaAvverkningsanmalan/MapServer/0/query?where=Lannr%3D%2725%27+AND+ArendeAr%3D2025+AND+Inkomdatum+%3C+DATE+%272025-04-01%27&outFields=Beteckn%2CLannr%2CKommunnr%2CArendeAr%2CInkomdatum%2CAnmaldHa%2CAvvHa%2CAvvSasong%2CAvverktyp&returnGeometry=false&orderByFields=Beteckn&f=json,2026-09-04T15:40:51Z,304,application/json,61545,28154ea03e7b46f4373f5054b1f92eed2b2565d01db71ae973274ed5cfd09fe8,"""9e73e81b""",,unchanged,raw/skogsstyrelsen.harvest.notified/2026/09/20260904T140807Z-28154ea03e7b.json,not_modified,
skogsstyrelsen.harvest.notified,https://geodpags.skogsstyrelsen.se/arcgis/rest/services/Geodataportal/GeodataportalVisaAvverkningsanmalan/MapServer/0/query?where=Lannr%3D%2725%27+AND+ArendeAr%3D2025+AND+Inkomdatum+%3E%3D+DATE+%272025-04-01%27+AND+Inkomdatum+%3C+DATE+%272025-07-01%27&outFields=Beteckn%2CLannr%2CKommunnr%2CArendeAr%2CInkomdatum%2CAnmaldHa%2CAvvHa%2CAvvSasong%2CAvverktyp&returnGeometry=false&orderByFields=Beteckn&f=json,2026-09-04T15:40:54Z,304,application/json,85382,a67baa01a368332f246fe39be2f94b9c86c9b203e0150932e7aa26659ec6b85b,"""916b34cf""",,unchanged,raw/skogsstyrelsen.harvest.notified/2026/09/20260904T140810Z-a67baa01a368.json,not_modified,
skogsstyrelsen.harvest.notified,https://geodpags.skogsstyrelsen.se/arcgis/rest/services/Geodataportal/GeodataportalVisaAvverkningsanmalan/MapServer/0/query?where=Lannr%3D%2725%27+AND+ArendeAr%3D2025+AND+Inkomdatum+%3E%3D+DATE+%272025-07-01%27+AND+Inkomdatum+%3C+DATE+%272025-10-01%27&outFields=Beteckn%2CLannr%2CKommunnr%2CArendeAr%2CInkomdatum%2CAnmaldHa%2CAvvHa%2CAvvSasong%2CAvverktyp&returnGeometry=false&orderByFields=Beteckn&f=json,2026-09-04T15:40:56Z,304,application/json,101103,733d3b65bb7a64e774b33c0b7f508c335defcffed41fef9dfc70a7c63a1bef78,"""ec5d68""",,unchanged,raw/skogsstyrelsen.harvest.notified/2026/09/20260904T140814Z-733d3b65bb7a.json,not_modified,
skogsstyrelsen.harvest.notified,https://geodpags.skogsstyrelsen.se/arcgis/rest/services/Geodataportal/GeodataportalVisaAvverkningsanmalan/MapServer/0/query?where=Lannr%3D%2725%27+AND+ArendeAr%3D2025+AND+Inkomdatum+%3E%3D+DATE+%272025-10-01%27&outFields=Beteckn%2CLannr%2CKommunnr%2CArendeAr%2CInkomdatum%2CAnmaldHa%2CAvvHa%2CAvvSasong%2CAvverktyp&returnGeometry=false&orderByFields=Beteckn&f=json,2026-09-04T15:40:59Z,304,application/json,177856,0d55874e7f20fd81dad891d7b6d031439186fb1d0cbe0ba1934ca9ea07b06f72,"""6b159073""",,unchanged,raw/skogsstyrelsen.harvest.notified/2026/09/20260904T140818Z-0d55874e7f20.json,not_modified,
skogsstyrelsen.harvest.notified,https://geodpags.skogsstyrelsen.se/arcgis/rest/services/Geodataportal/GeodataportalVisaAvverkningsanmalan/MapServer/0/query?where=Lannr%3D%2714%27+AND+ArendeAr%3D2022+AND+Inkomdatum+%3C+DATE+%272022-04-01%27&outFields=Beteckn%2CLannr%2CKommunnr%2CArendeAr%2CInkomdatum%2CAnmaldHa%2CAvvHa%2CAvvSasong%2CAvverktyp&returnGeometry=false&orderByFields=Beteckn&f=json,2026-09-04T15:41:02Z,304,application/json,118665,19aeba3712fbe08a16e31fbce35f3671815c9648d2866e36f77f50cc297301b7,"""a790a62e""",,unchanged,raw/skogsstyrelsen.harvest.notified/2026/09/20260904T140821Z-19aeba3712fb.json,not_modified,
skogsstyrelsen.harvest.notified,https://geodpags.skogsstyrelsen.se/arcgis/rest/services/Geodataportal/GeodataportalVisaAvverkningsanmalan/MapServer/0/query?where=Lannr%3D%2714%27+AND+ArendeAr%3D2022+AND+Inkomdatum+%3E%3D+DATE+%272022-04-01%27+AND+Inkomdatum+%3C+DATE+%272022-07-01%27&outFields=Beteckn%2CLannr%2CKommunnr%2CArendeAr%2CInkomdatum%2CAnmaldHa%2CAvvHa%2CAvvSasong%2CAvverktyp&returnGeometry=false&orderByFields=Beteckn&f=json,2026-09-04T15:41:04Z,304,application/json,77269,42d9d501538b7c0d71ee1dfca49f79aabf581f936d19dd18a8df84766519b5ed,"""7272ca7d""",,unchanged,raw/skogsstyrelsen.harvest.notified/2026/09/20260904T140824Z-42d9d501538b.json,not_modified,
skogsstyrelsen.harvest.notified,https://geodpags.skogsstyrelsen.se/arcgis/rest/services/Geodataportal/GeodataportalVisaAvverkningsanmalan/MapServer/0/query?where=Lannr%3D%2714%27+AND+ArendeAr%3D2022+AND+Inkomdatum+%3E%3D+DATE+%272022-07-01%27+AND+Inkomdatum+%3C+DATE+%272022-10-01%27&outFields=Beteckn%2CLannr%2CKommunnr%2CArendeAr%2CInkomdatum%2CAnmaldHa%2CAvvHa%2CAvvSasong%2CAvverktyp&returnGeometry=false&orderByFields=Beteckn&f=json,2026-09-04T15:41:07Z,304,application/json,97758,de3d4400535eeb0dce2689b682aec2f95abe54db632d3bb2ddf08f306000cdf7,"""3e0bad69""",,unchanged,raw/skogsstyrelsen.harvest.notified/2026/09/20260904T140827Z-de3d4400535e.json,not_modified,
skogsstyrelsen.harvest.notified,https://geodpags.skogsstyrelsen.se/arcgis/rest/services/Geodataportal/GeodataportalVisaAvverkningsanmalan/MapServer/0/query?where=Lannr%3D%2714%27+AND+ArendeAr%3D2022+AND+Inkomdatum+%3E%3D+DATE+%272022-10-01%27&outFields=Beteckn%2CLannr%2CKommunnr%2CArendeAr%2CInkomdatum%2CAnmaldHa%2CAvvHa%2CAvvSasong%2CAvverktyp&returnGeometry=false&orderByFields=Beteckn&f=json,2026-09-04T15:41:10Z,304,application/json,127098,2ab05bf2df865efb8f96b15b1a8e0258de74fce102520d5ba8e01b1fb433e586,"""b91f7d8e""",,unchanged,raw/skogsstyrelsen.harvest.notified/2026/09/20260904T140830Z-2ab05bf2df86.json,not_modified,
skogsstyrelsen.harvest.notified,https://geodpags.skogsstyrelsen.se/arcgis/rest/services/Geodataportal/GeodataportalVisaAvverkningsanmalan/MapServer/0/query?where=Lannr%3D%2717%27+AND+ArendeAr%3D2026+AND+Inkomdatum+%3C+DATE+%272026-04-01%27&outFields=Beteckn%2CLannr%2CKommunnr%2CArendeAr%2CInkomdatum%2CAnmaldHa%2CAvvHa%2CAvvSasong%2CAvverktyp&returnGeometry=false&orderByFields=Beteckn&f=json,2026-09-04T15:41:12Z,304,application/json,122971,9a29860f2cb5b435db3ab4d004d43a5eeed340cfcb974052fe813b897da88011,"""7921d323""",,unchanged,raw/skogsstyrelsen.harvest.notified/2026/09/20260904T140833Z-9a29860f2cb5.json,not_modified,
skogsstyrelsen.harvest.notified,https://geodpags.skogsstyrelsen.se/arcgis/rest/services/Geodataportal/GeodataportalVisaAvverkningsanmalan/MapServer/0/query?where=Lannr%3D%2717%27+AND+ArendeAr%3D2026+AND+Inkomdatum+%3E%3D+DATE+%272026-04-01%27+AND+Inkomdatum+%3C+DATE+%272026-07-01%27&outFields=Beteckn%2CLannr%2CKommunnr%2CArendeAr%2CInkomdatum%2CAnmaldHa%2CAvvHa%2CAvvSasong%2CAvverktyp&returnGeometry=false&orderByFields=Beteckn&f=json,2026-09-04T15:41:15Z,304,application/json,181660,f4713b8313b64a702fb410addf5137572666f18a0c9c6261b3aead7575197be8,"""2122ac57""",,unchanged,raw/skogsstyrelsen.harvest.notified/2026/09/20260904T140836Z-f4713b8313b6.json,not_modified,
skogsstyrelsen.harvest.notified,https://geodpags.skogsstyrelsen.se/arcgis/rest/services/Geodataportal/GeodataportalVisaAvverkningsanmalan/MapServer/0/query?where=Lannr%3D%2717%27+AND+ArendeAr%3D2026+AND+Inkomdatum+%3E%3D+DATE+%272026-07-01%27+AND+Inkomdatum+%3C+DATE+%272026-10-01%27&outFields=Beteckn%2CLannr%2CKommunnr%2CArendeAr%2CInkomdatum%2CAnmaldHa%2CAvvHa%2CAvvSasong%2CAvverktyp&returnGeometry=false&orderByFields=Beteckn&f=json,2026-09-04T15:41:17Z,304,application/json,113909,bd226f828247bd0d7277855701f8427f9837ccd54e3fd62d108824c38d6e1a6d,"""b599eaad""",,unchanged,raw/skogsstyrelsen.harvest.notified/2026/09/20260904T140839Z-bd226f828247.json,not_modified,
skogsstyrelsen.harvest.notified,https://geodpags.skogsstyrelsen.se/arcgis/rest/services/Geodataportal/GeodataportalVisaAvverkningsanmalan/MapServer/0/query?where=Lannr%3D%2717%27+AND+ArendeAr%3D2026+AND+Inkomdatum+%3E%3D+DATE+%272026-10-01%27&outFields=Beteckn%2CLannr%2CKommunnr%2CArendeAr%2CInkomdatum%2CAnmaldHa%2CAvvHa%2CAvvSasong%2CAvverktyp&returnGeometry=false&orderByFields=Beteckn&f=json,2026-09-04T15:41:19Z,304,application/json,936,3d0f45d783ae7060dc59f31a43ab33b33371bcebb992b2ffbe734fab5b0bd1b8,"""e2d6243""",,unchanged,raw/skogsstyrelsen.harvest.notified/2026/09/20260904T140842Z-3d0f45d783ae.json,not_modified,
skogsstyrelsen.harvest.notified,https://geodpags.skogsstyrelsen.se/arcgis/rest/services/Geodataportal/GeodataportalVisaAvverkningsanmalan/MapServer/0/query?where=Lannr%3D%2714%27+AND+ArendeAr%3D2026+AND+Inkomdatum+%3C+DATE+%272026-04-01%27&outFields=Beteckn%2CLannr%2CKommunnr%2CArendeAr%2CInkomdatum%2CAnmaldHa%2CAvvHa%2CAvvSasong%2CAvverktyp&returnGeometry=false&orderByFields=Beteckn&f=json,2026-09-04T15:41:22Z,304,application/json,152907,710db4c00e2248215194f3031dcdfab00e5c12f52ee5ec8252e3790a0d41ed51,"""928223e3""",,unchanged,raw/skogsstyrelsen.harvest.notified/2026/09/20260904T140846Z-710db4c00e22.json,not_modified,
skogsstyrelsen.harvest.notified,https://geodpags.skogsstyrelsen.se/arcgis/rest/services/Geodataportal/GeodataportalVisaAvverkningsanmalan/MapServer/0/query?where=Lannr%3D%2714%27+AND+ArendeAr%3D2026+AND+Inkomdatum+%3E%3D+DATE+%272026-04-01%27+AND+Inkomdatum+%3C+DATE+%272026-07-01%27&outFields=Beteckn%2CLannr%2CKommunnr%2CArendeAr%2CInkomdatum%2CAnmaldHa%2CAvvHa%2CAvvSasong%2CAvverktyp&returnGeometry=false&orderByFields=Beteckn&f=json,2026-09-04T15:41:24Z,304,application/json,138745,189fceb3b02f09cd48ea3f4ad0aa59cc0df61c812b6e21e6b51727d0378cb950,"""ff2e89d5""",,unchanged,raw/skogsstyrelsen.harvest.notified/2026/09/20260904T140849Z-189fceb3b02f.json,not_modified,
skogsstyrelsen.harvest.notified,https://geodpags.skogsstyrelsen.se/arcgis/rest/services/Geodataportal/GeodataportalVisaAvverkningsanmalan/MapServer/0/query?where=Lannr%3D%2714%27+AND+ArendeAr%3D2026+AND+Inkomdatum+%3E%3D+DATE+%272026-07-01%27+AND+Inkomdatum+%3C+DATE+%272026-10-01%27&outFields=Beteckn%2CLannr%2CKommunnr%2CArendeAr%2CInkomdatum%2CAnmaldHa%2CAvvHa%2CAvvSasong%2CAvverktyp&returnGeometry=false&orderByFields=Beteckn&f=json,2026-09-04T15:41:27Z,200,application/json,102584,72ab8f66008cd817062c4b2a08b55cf09ef3cd2d6ad212b2068e84241d87f4e7,"""ebe7f0d5""",,changed,raw/skogsstyrelsen.harvest.notified/2026/09/20260904T154127Z-72ab8f66008c.json,,
skogsstyrelsen.harvest.notified,https://geodpags.skogsstyrelsen.se/arcgis/rest/services/Geodataportal/GeodataportalVisaAvverkningsanmalan/MapServer/0/query?where=Lannr%3D%2714%27+AND+ArendeAr%3D2026+AND+Inkomdatum+%3E%3D+DATE+%272026-10-01%27&outFields=Beteckn%2CLannr%2CKommunnr%2CArendeAr%2CInkomdatum%2CAnmaldHa%2CAvvHa%2CAvvSasong%2CAvverktyp&returnGeometry=false&orderByFields=Beteckn&f=json,2026-09-04T15:41:29Z,304,application/json,936,3d0f45d783ae7060dc59f31a43ab33b33371bcebb992b2ffbe734fab5b0bd1b8,"""e2d6243""",,unchanged,raw/skogsstyrelsen.harvest.notified/2026/09/20260904T140854Z-3d0f45d783ae.json,not_modified,
skogsstyrelsen.harvest.notified,https://geodpags.skogsstyrelsen.se/arcgis/rest/services/Geodataportal/GeodataportalVisaAvverkningsanmalan/MapServer/0/query?where=Lannr%3D%2717%27+AND+ArendeAr%3D2023+AND+Inkomdatum+%3C+DATE+%272023-04-01%27&outFields=Beteckn%2CLannr%2CKommunnr%2CArendeAr%2CInkomdatum%2CAnmaldHa%2CAvvHa%2CAvvSasong%2CAvverktyp&returnGeometry=false&orderByFields=Beteckn&f=json,2026-09-04T15:41:32Z,304,application/json,82475,1f84eb9c791260ed9bec91ec32349802bbfcfd3b1bd62d87dc329b2266bf4ba0,"""19de2d42""",,unchanged,raw/skogsstyrelsen.harvest.notified/2026/09/20260904T140859Z-1f84eb9c7912.json,not_modified,
skogsstyrelsen.harvest.notified,https://geodpags.skogsstyrelsen.se/arcgis/rest/services/Geodataportal/GeodataportalVisaAvverkningsanmalan/MapServer/0/query?where=Lannr%3D%2717%27+AND+ArendeAr%3D2023+AND+Inkomdatum+%3E%3D+DATE+%272023-04-01%27+AND+Inkomdatum+%3C+DATE+%272023-07-01%27&outFields=Beteckn%2CLannr%2CKommunnr%2CArendeAr%2CInkomdatum%2CAnmaldHa%2CAvvHa%2CAvvSasong%2CAvverktyp&returnGeometry=false&orderByFields=Beteckn&f=json,2026-09-04T15:41:34Z,304,application/json,89350,f546d4ee22ca94d9f405f5fef150cbb31962f5ef3c0e359f9eedfb44a75d46d2,"""ccaadd5b""",,unchanged,raw/skogsstyrelsen.harvest.notified/2026/09/20260904T140902Z-f546d4ee22ca.json,not_modified,
skogsstyrelsen.harvest.notified,https://geodpags.skogsstyrelsen.se/arcgis/rest/services/Geodataportal/GeodataportalVisaAvverkningsanmalan/MapServer/0/query?where=Lannr%3D%2717%27+AND+ArendeAr%3D2023+AND+Inkomdatum+%3E%3D+DATE+%272023-07-01%27+AND+Inkomdatum+%3C+DATE+%272023-10-01%27&outFields=Beteckn%2CLannr%2CKommunnr%2CArendeAr%2CInkomdatum%2CAnmaldHa%2CAvvHa%2CAvvSasong%2CAvverktyp&returnGeometry=false&orderByFields=Beteckn&f=json,2026-09-04T15:41:37Z,304,application/json,102556,b30899b42015fea20b3591d8d95f24139ee2c5bc2fa2a8fd995dc820ab5c0e55,"""5853039a""",,unchanged,raw/skogsstyrelsen.harvest.notified/2026/09/20260904T140905Z-b30899b42015.json,not_modified,
skogsstyrelsen.harvest.notified,https://geodpags.skogsstyrelsen.se/arcgis/rest/services/Geodataportal/GeodataportalVisaAvverkningsanmalan/MapServer/0/query?where=Lannr%3D%2717%27+AND+ArendeAr%3D2023+AND+Inkomdatum+%3E%3D+DATE+%272023-10-01%27&outFields=Beteckn%2CLannr%2CKommunnr%2CArendeAr%2CInkomdatum%2CAnmaldHa%2CAvvHa%2CAvvSasong%2CAvverktyp&returnGeometry=false&orderByFields=Beteckn&f=json,2026-09-04T15:41:39Z,304,application/json,114874,44bbc2e85fff9862560faca5e9bd78d20b0f6c97ddd283d7da903139eb8ab8a4,"""e7acef2""",,unchanged,raw/skogsstyrelsen.harvest.notified/2026/09/20260904T140908Z-44bbc2e85fff.json,not_modified,
skogsstyrelsen.harvest.notified,https://geodpags.skogsstyrelsen.se/arcgis/rest/services/Geodataportal/GeodataportalVisaAvverkningsanmalan/MapServer/0/query?where=Lannr%3D%2723%27+AND+ArendeAr%3D2026+AND+Inkomdatum+%3C+DATE+%272026-04-01%27&outFields=Beteckn%2CLannr%2CKommunnr%2CArendeAr%2CInkomdatum%2CAnmaldHa%2CAvvHa%2CAvvSasong%2CAvverktyp&returnGeometry=false&orderByFields=Beteckn&f=json,2026-09-04T15:41:41Z,304,application/json,112514,effe41e1a85932957476ec2af545db1d0fb9f8622c68540a68fd5efd2d768c31,"""247dd8d3""",,unchanged,raw/skogsstyrelsen.harvest.notified/2026/09/20260904T140912Z-effe41e1a859.json,not_modified,
skogsstyrelsen.harvest.notified,https://geodpags.skogsstyrelsen.se/arcgis/rest/services/Geodataportal/GeodataportalVisaAvverkningsanmalan/MapServer/0/query?where=Lannr%3D%2723%27+AND+ArendeAr%3D2026+AND+Inkomdatum+%3E%3D+DATE+%272026-04-01%27+AND+Inkomdatum+%3C+DATE+%272026-07-01%27&outFields=Beteckn%2CLannr%2CKommunnr%2CArendeAr%2CInkomdatum%2CAnmaldHa%2CAvvHa%2CAvvSasong%2CAvverktyp&returnGeometry=false&orderByFields=Beteckn&f=json,2026-09-04T15:41:44Z,304,application/json,165297,2e3522f30278378ff407e170cfe55281d7e3ac261eb26443af76b4aee4ced531,"""d854fb5f""",,unchanged,raw/skogsstyrelsen.harvest.notified/2026/09/20260904T140915Z-2e3522f30278.json,not_modified,
skogsstyrelsen.harvest.notified,https://geodpags.skogsstyrelsen.se/arcgis/rest/services/Geodataportal/GeodataportalVisaAvverkningsanmalan/MapServer/0/query?where=Lannr%3D%2723%27+AND+ArendeAr%3D2026+AND+Inkomdatum+%3E%3D+DATE+%272026-07-01%27+AND+Inkomdatum+%3C+DATE+%272026-10-01%27&outFields=Beteckn%2CLannr%2CKommunnr%2CArendeAr%2CInkomdatum%2CAnmaldHa%2CAvvHa%2CAvvSasong%2CAvverktyp&returnGeometry=false&orderByFields=Beteckn&f=json,2026-09-04T15:41:46Z,304,application/json,114205,c251f74f1ed95029b40d252765103d91db6e18744bc82ac1e3962239965985ae,"""32df1c90""",,unchanged,raw/skogsstyrelsen.harvest.notified/2026/09/20260904T140918Z-c251f74f1ed9.json,not_modified,
skogsstyrelsen.harvest.notified,https://geodpags.skogsstyrelsen.se/arcgis/rest/services/Geodataportal/GeodataportalVisaAvverkningsanmalan/MapServer/0/query?where=Lannr%3D%2723%27+AND+ArendeAr%3D2026+AND+Inkomdatum+%3E%3D+DATE+%272026-10-01%27&outFields=Beteckn%2CLannr%2CKommunnr%2CArendeAr%2CInkomdatum%2CAnmaldHa%2CAvvHa%2CAvvSasong%2CAvverktyp&returnGeometry=false&orderByFields=Beteckn&f=json,2026-09-04T15:41:49Z,304,application/json,936,3d0f45d783ae7060dc59f31a43ab33b33371bcebb992b2ffbe734fab5b0bd1b8,"""e2d6243""",,unchanged,raw/skogsstyrelsen.harvest.notified/2026/09/20260904T140922Z-3d0f45d783ae.json,not_modified,
skogsstyrelsen.harvest.notified,https://geodpags.skogsstyrelsen.se/arcgis/rest/services/Geodataportal/GeodataportalVisaAvverkningsanmalan/MapServer/0/query?where=Lannr%3D%2722%27+AND+ArendeAr%3D2024+AND+Inkomdatum+%3C+DATE+%272024-04-01%27&outFields=Beteckn%2CLannr%2CKommunnr%2CArendeAr%2CInkomdatum%2CAnmaldHa%2CAvvHa%2CAvvSasong%2CAvverktyp&returnGeometry=false&orderByFields=Beteckn&f=json,2026-09-04T15:41:51Z,304,application/json,64762,be2d57b04808341bcc4a54a99847464dcb5db8b52ea6234fca9c96e3aa6d117f,"""a990436a""",,unchanged,raw/skogsstyrelsen.harvest.notified/2026/09/20260904T140925Z-be2d57b04808.json,not_modified,
skogsstyrelsen.harvest.notified,https://geodpags.skogsstyrelsen.se/arcgis/rest/services/Geodataportal/GeodataportalVisaAvverkningsanmalan/MapServer/0/query?where=Lannr%3D%2722%27+AND+ArendeAr%3D2024+AND+Inkomdatum+%3E%3D+DATE+%272024-04-01%27+AND+Inkomdatum+%3C+DATE+%272024-07-01%27&outFields=Beteckn%2CLannr%2CKommunnr%2CArendeAr%2CInkomdatum%2CAnmaldHa%2CAvvHa%2CAvvSasong%2CAvverktyp&returnGeometry=false&orderByFields=Beteckn&f=json,2026-09-04T15:41:54Z,304,application/json,79835,8a2e9e269c4ec883b60c7e83dd1cce95bf3f74d7d77e535fafff7ed84190ba1e,"""1d82a595""",,unchanged,raw/skogsstyrelsen.harvest.notified/2026/09/20260904T140928Z-8a2e9e269c4e.json,not_modified,
skogsstyrelsen.harvest.notified,https://geodpags.skogsstyrelsen.se/arcgis/rest/services/Geodataportal/GeodataportalVisaAvverkningsanmalan/MapServer/0/query?where=Lannr%3D%2722%27+AND+ArendeAr%3D2024+AND+Inkomdatum+%3E%3D+DATE+%272024-07-01%27+AND+Inkomdatum+%3C+DATE+%272024-10-01%27&outFields=Beteckn%2CLannr%2CKommunnr%2CArendeAr%2CInkomdatum%2CAnmaldHa%2CAvvHa%2CAvvSasong%2CAvverktyp&returnGeometry=false&orderByFields=Beteckn&f=json,2026-09-04T15:41:56Z,304,application/json,116612,5fdb2e8b9c48e44496c02b1bc1647ee95756df28cc33e0295daa1c09c6f29bca,"""17ba6209""",,unchanged,raw/skogsstyrelsen.harvest.notified/2026/09/20260904T140931Z-5fdb2e8b9c48.json,not_modified,
skogsstyrelsen.harvest.notified,https://geodpags.skogsstyrelsen.se/arcgis/rest/services/Geodataportal/GeodataportalVisaAvverkningsanmalan/MapServer/0/query?where=Lannr%3D%2722%27+AND+ArendeAr%3D2024+AND+Inkomdatum+%3E%3D+DATE+%272024-10-01%27&outFields=Beteckn%2CLannr%2CKommunnr%2CArendeAr%2CInkomdatum%2CAnmaldHa%2CAvvHa%2CAvvSasong%2CAvverktyp&returnGeometry=false&orderByFields=Beteckn&f=json,2026-09-04T15:41:59Z,304,application/json,125105,cb65deec8b0a5090d3074c88b8eb3979a21251edbe8e2e0eb78d1c57a30f5ba4,"""1660e1f1""",,unchanged,raw/skogsstyrelsen.harvest.notified/2026/09/20260904T140934Z-cb65deec8b0a.json,not_modified,
skogsstyrelsen.harvest.notified,https://geodpags.skogsstyrelsen.se/arcgis/rest/services/Geodataportal/GeodataportalVisaAvverkningsanmalan/MapServer/0/query?where=Lannr%3D%2717%27+AND+ArendeAr%3D2024+AND+Inkomdatum+%3C+DATE+%272024-04-01%27&outFields=Beteckn%2CLannr%2CKommunnr%2CArendeAr%2CInkomdatum%2CAnmaldHa%2CAvvHa%2CAvvSasong%2CAvverktyp&returnGeometry=false&orderByFields=Beteckn&f=json,2026-09-04T15:42:01Z,200,application/json,75378,6053cbb6cc9a1479b87f55fa287bd5cb34d3750f19cdb9add5cd75ed551a033f,"""947ca486""",,changed,raw/skogsstyrelsen.harvest.notified/2026/09/20260904T154201Z-6053cbb6cc9a.json,,
skogsstyrelsen.harvest.notified,https://geodpags.skogsstyrelsen.se/arcgis/rest/services/Geodataportal/GeodataportalVisaAvverkningsanmalan/MapServer/0/query?where=Lannr%3D%2717%27+AND+ArendeAr%3D2024+AND+Inkomdatum+%3E%3D+DATE+%272024-04-01%27+AND+Inkomdatum+%3C+DATE+%272024-07-01%27&outFields=Beteckn%2CLannr%2CKommunnr%2CArendeAr%2CInkomdatum%2CAnmaldHa%2CAvvHa%2CAvvSasong%2CAvverktyp&returnGeometry=false&orderByFields=Beteckn&f=json,2026-09-04T15:42:04Z,304,application/json,95345,4539a580a84cc6cf700edad8182c7eb5b07efd8e51d1b9ebf0a52ac6892433db,"""a293d""",,unchanged,raw/skogsstyrelsen.harvest.notified/2026/09/20260904T140940Z-4539a580a84c.json,not_modified,
skogsstyrelsen.harvest.notified,https://geodpags.skogsstyrelsen.se/arcgis/rest/services/Geodataportal/GeodataportalVisaAvverkningsanmalan/MapServer/0/query?where=Lannr%3D%2717%27+AND+ArendeAr%3D2024+AND+Inkomdatum+%3E%3D+DATE+%272024-07-01%27+AND+Inkomdatum+%3C+DATE+%272024-10-01%27&outFields=Beteckn%2CLannr%2CKommunnr%2CArendeAr%2CInkomdatum%2CAnmaldHa%2CAvvHa%2CAvvSasong%2CAvverktyp&returnGeometry=false&orderByFields=Beteckn&f=json,2026-09-04T15:42:06Z,304,application/json,87280,20e56c56ab1515fb5205e9f6c1b66152ee6cb88d723fa2f89decc214e64ea92e,"""e6a09beb""",,unchanged,raw/skogsstyrelsen.harvest.notified/2026/09/20260904T140943Z-20e56c56ab15.json,not_modified,
skogsstyrelsen.harvest.notified,https://geodpags.skogsstyrelsen.se/arcgis/rest/services/Geodataportal/GeodataportalVisaAvverkningsanmalan/MapServer/0/query?where=Lannr%3D%2717%27+AND+ArendeAr%3D2024+AND+Inkomdatum+%3E%3D+DATE+%272024-10-01%27&outFields=Beteckn%2CLannr%2CKommunnr%2CArendeAr%2CInkomdatum%2CAnmaldHa%2CAvvHa%2CAvvSasong%2CAvverktyp&returnGeometry=false&orderByFields=Beteckn&f=json,2026-09-04T15:42:08Z,304,application/json,117366,dd766baa31947ecf3b51ffa0808cbfad8a0f010125d1cae7e61a0bfe4ea04de4,"""36f4b8f6""",,unchanged,raw/skogsstyrelsen.harvest.notified/2026/09/20260904T140947Z-dd766baa3194.json,not_modified,
skogsstyrelsen.harvest.notified,https://geodpags.skogsstyrelsen.se/arcgis/rest/services/Geodataportal/GeodataportalVisaAvverkningsanmalan/MapServer/0/query?where=Lannr%3D%2724%27+AND+ArendeAr%3D2024+AND+Inkomdatum+%3C+DATE+%272024-04-01%27&outFields=Beteckn%2CLannr%2CKommunnr%2CArendeAr%2CInkomdatum%2CAnmaldHa%2CAvvHa%2CAvvSasong%2CAvverktyp&returnGeometry=false&orderByFields=Beteckn&f=json,2026-09-04T15:42:11Z,304,application/json,46280,91be1c57e94ba7d81c6d107beac64b4591da5dc374960367d9bc4c6103bfa864,"""df93f115""",,unchanged,raw/skogsstyrelsen.harvest.notified/2026/09/20260904T140951Z-91be1c57e94b.json,not_modified,
skogsstyrelsen.harvest.notified,https://geodpags.skogsstyrelsen.se/arcgis/rest/services/Geodataportal/GeodataportalVisaAvverkningsanmalan/MapServer/0/query?where=Lannr%3D%2724%27+AND+ArendeAr%3D2024+AND+Inkomdatum+%3E%3D+DATE+%272024-04-01%27+AND+Inkomdatum+%3C+DATE+%272024-07-01%27&outFields=Beteckn%2CLannr%2CKommunnr%2CArendeAr%2CInkomdatum%2CAnmaldHa%2CAvvHa%2CAvvSasong%2CAvverktyp&returnGeometry=false&orderByFields=Beteckn&f=json,2026-09-04T15:42:13Z,304,application/json,74514,210f29f4567a090f8e8317784f731cbe905b54f2e854d03ebdc185a4c3c8e801,"""f4c50243""",,unchanged,raw/skogsstyrelsen.harvest.notified/2026/09/20260904T140955Z-210f29f4567a.json,not_modified,
skogsstyrelsen.harvest.notified,https://geodpags.skogsstyrelsen.se/arcgis/rest/services/Geodataportal/GeodataportalVisaAvverkningsanmalan/MapServer/0/query?where=Lannr%3D%2724%27+AND+ArendeAr%3D2024+AND+Inkomdatum+%3E%3D+DATE+%272024-07-01%27+AND+Inkomdatum+%3C+DATE+%272024-10-01%27&outFields=Beteckn%2CLannr%2CKommunnr%2CArendeAr%2CInkomdatum%2CAnmaldHa%2CAvvHa%2CAvvSasong%2CAvverktyp&returnGeometry=false&orderByFields=Beteckn&f=json,2026-09-04T15:42:16Z,304,application/json,121074,7931e6dfc5e164cca974f56c42670eb21de7682501136a2f50585e44f8dcb87b,"""79ec909f""",,unchanged,raw/skogsstyrelsen.harvest.notified/2026/09/20260904T140959Z-7931e6dfc5e1.json,not_modified,
skogsstyrelsen.harvest.notified,https://geodpags.skogsstyrelsen.se/arcgis/rest/services/Geodataportal/GeodataportalVisaAvverkningsanmalan/MapServer/0/query?where=Lannr%3D%2724%27+AND+ArendeAr%3D2024+AND+Inkomdatum+%3E%3D+DATE+%272024-10-01%27&outFields=Beteckn%2CLannr%2CKommunnr%2CArendeAr%2CInkomdatum%2CAnmaldHa%2CAvvHa%2CAvvSasong%2CAvverktyp&returnGeometry=false&orderByFields=Beteckn&f=json,2026-09-04T15:42:18Z,304,application/json,135688,d06df8bb37713a78324993254bf8617b9d2cadc4aa77f20ca2a50de0e13f8915,"""77a2eca""",,unchanged,raw/skogsstyrelsen.harvest.notified/2026/09/20260904T141002Z-d06df8bb3771.json,not_modified,
skogsstyrelsen.harvest.notified,https://geodpags.skogsstyrelsen.se/arcgis/rest/services/Geodataportal/GeodataportalVisaAvverkningsanmalan/MapServer/0/query?where=Lannr%3D%2725%27+AND+ArendeAr%3D2026+AND+Inkomdatum+%3C+DATE+%272026-04-01%27&outFields=Beteckn%2CLannr%2CKommunnr%2CArendeAr%2CInkomdatum%2CAnmaldHa%2CAvvHa%2CAvvSasong%2CAvverktyp&returnGeometry=false&orderByFields=Beteckn&f=json,2026-09-04T15:42:21Z,304,application/json,84371,f36fbfc2b137fba4fecc0af86f382b0c707edbdfe2cfa68cc76026defcce4a4f,"""4cfcebfe""",,unchanged,raw/skogsstyrelsen.harvest.notified/2026/09/20260904T141006Z-f36fbfc2b137.json,not_modified,
skogsstyrelsen.harvest.notified,https://geodpags.skogsstyrelsen.se/arcgis/rest/services/Geodataportal/GeodataportalVisaAvverkningsanmalan/MapServer/0/query?where=Lannr%3D%2725%27+AND+ArendeAr%3D2026+AND+Inkomdatum+%3E%3D+DATE+%272026-04-01%27+AND+Inkomdatum+%3C+DATE+%272026-07-01%27&outFields=Beteckn%2CLannr%2CKommunnr%2CArendeAr%2CInkomdatum%2CAnmaldHa%2CAvvHa%2CAvvSasong%2CAvverktyp&returnGeometry=false&orderByFields=Beteckn&f=json,2026-09-04T15:42:24Z,304,application/json,141603,c37d477243a6330a5039de868205d207dab738080804082fdecc0a654814eb0b,"""8d03d90a""",,unchanged,raw/skogsstyrelsen.harvest.notified/2026/09/20260904T141010Z-c37d477243a6.json,not_modified,
skogsstyrelsen.harvest.notified,https://geodpags.skogsstyrelsen.se/arcgis/rest/services/Geodataportal/GeodataportalVisaAvverkningsanmalan/MapServer/0/query?where=Lannr%3D%2725%27+AND+ArendeAr%3D2026+AND+Inkomdatum+%3E%3D+DATE+%272026-07-01%27+AND+Inkomdatum+%3C+DATE+%272026-10-01%27&outFields=Beteckn%2CLannr%2CKommunnr%2CArendeAr%2CInkomdatum%2CAnmaldHa%2CAvvHa%2CAvvSasong%2CAvverktyp&returnGeometry=false&orderByFields=Beteckn&f=json,2026-09-04T15:42:27Z,304,application/json,128711,cd078c22612fb1e244b6f9341408866f1a59914bd5b0be267c1fec4419115fda,"""8c7c8993""",,unchanged,raw/skogsstyrelsen.harvest.notified/2026/09/20260904T141013Z-cd078c22612f.json,not_modified,
skogsstyrelsen.harvest.notified,https://geodpags.skogsstyrelsen.se/arcgis/rest/services/Geodataportal/GeodataportalVisaAvverkningsanmalan/MapServer/0/query?where=Lannr%3D%2725%27+AND+ArendeAr%3D2026+AND+Inkomdatum+%3E%3D+DATE+%272026-10-01%27&outFields=Beteckn%2CLannr%2CKommunnr%2CArendeAr%2CInkomdatum%2CAnmaldHa%2CAvvHa%2CAvvSasong%2CAvverktyp&returnGeometry=false&orderByFields=Beteckn&f=json,2026-09-04T15:42:29Z,304,application/json,936,3d0f45d783ae7060dc59f31a43ab33b33371bcebb992b2ffbe734fab5b0bd1b8,"""e2d6243""",,unchanged,raw/skogsstyrelsen.harvest.notified/2026/09/20260904T141016Z-3d0f45d783ae.json,not_modified,
skogsstyrelsen.harvest.notified,https://geodpags.skogsstyrelsen.se/arcgis/rest/services/Geodataportal/GeodataportalVisaAvverkningsanmalan/MapServer/0/query?where=Lannr%3D%2724%27+AND+ArendeAr%3D2023+AND+Inkomdatum+%3C+DATE+%272023-04-01%27&outFields=Beteckn%2CLannr%2CKommunnr%2CArendeAr%2CInkomdatum%2CAnmaldHa%2CAvvHa%2CAvvSasong%2CAvverktyp&returnGeometry=false&orderByFields=Beteckn&f=json,2026-09-04T15:42:31Z,304,application/json,67173,d26522379fd692a5312595db2094e0c8bd3f7a15b57bc0fcbb8b4382627747fe,"""1684f571""",,unchanged,raw/skogsstyrelsen.harvest.notified/2026/09/20260904T141019Z-d26522379fd6.json,not_modified,
skogsstyrelsen.harvest.notified,https://geodpags.skogsstyrelsen.se/arcgis/rest/services/Geodataportal/GeodataportalVisaAvverkningsanmalan/MapServer/0/query?where=Lannr%3D%2724%27+AND+ArendeAr%3D2023+AND+Inkomdatum+%3E%3D+DATE+%272023-04-01%27+AND+Inkomdatum+%3C+DATE+%272023-07-01%27&outFields=Beteckn%2CLannr%2CKommunnr%2CArendeAr%2CInkomdatum%2CAnmaldHa%2CAvvHa%2CAvvSasong%2CAvverktyp&returnGeometry=false&orderByFields=Beteckn&f=json,2026-09-04T15:42:34Z,304,application/json,69003,464e668bcda82927b2707c199f60ee3572ceb7534346931e8f4699a7f1180b66,"""fc387007""",,unchanged,raw/skogsstyrelsen.harvest.notified/2026/09/20260904T141021Z-464e668bcda8.json,not_modified,
skogsstyrelsen.harvest.notified,https://geodpags.skogsstyrelsen.se/arcgis/rest/services/Geodataportal/GeodataportalVisaAvverkningsanmalan/MapServer/0/query?where=Lannr%3D%2724%27+AND+ArendeAr%3D2023+AND+Inkomdatum+%3E%3D+DATE+%272023-07-01%27+AND+Inkomdatum+%3C+DATE+%272023-10-01%27&outFields=Beteckn%2CLannr%2CKommunnr%2CArendeAr%2CInkomdatum%2CAnmaldHa%2CAvvHa%2CAvvSasong%2CAvverktyp&returnGeometry=false&orderByFields=Beteckn&f=json,2026-09-04T15:42:37Z,304,application/json,108862,8ed1b32a37d4af8d5a7160b13e3c6d47263e24913f0bbc4f30fdc78f39f1e276,"""bc59d720""",,unchanged,raw/skogsstyrelsen.harvest.notified/2026/09/20260904T141025Z-8ed1b32a37d4.json,not_modified,
skogsstyrelsen.harvest.notified,https://geodpags.skogsstyrelsen.se/arcgis/rest/services/Geodataportal/GeodataportalVisaAvverkningsanmalan/MapServer/0/query?where=Lannr%3D%2724%27+AND+ArendeAr%3D2023+AND+Inkomdatum+%3E%3D+DATE+%272023-10-01%27&outFields=Beteckn%2CLannr%2CKommunnr%2CArendeAr%2CInkomdatum%2CAnmaldHa%2CAvvHa%2CAvvSasong%2CAvverktyp&returnGeometry=false&orderByFields=Beteckn&f=json,2026-09-04T15:42:39Z,304,application/json,93564,de7e9a2112aa857d6829d89c885606837dd3c897e2645aad0450690848a3cffb,"""b803946""",,unchanged,raw/skogsstyrelsen.harvest.notified/2026/09/20260904T141029Z-de7e9a2112aa.json,not_modified,
skogsstyrelsen.harvest.notified,https://geodpags.skogsstyrelsen.se/arcgis/rest/services/Geodataportal/GeodataportalVisaAvverkningsanmalan/MapServer/0/query?where=Lannr%3D%2708%27+AND+ArendeAr%3D2023+AND+Inkomdatum+%3C+DATE+%272023-04-01%27&outFields=Beteckn%2CLannr%2CKommunnr%2CArendeAr%2CInkomdatum%2CAnmaldHa%2CAvvHa%2CAvvSasong%2CAvverktyp&returnGeometry=false&orderByFields=Beteckn&f=json,2026-09-04T15:42:42Z,304,application/json,84656,a05d69b4b66bd40739f8b66e261f55cb841fc287d2cd71b9aaab93a2f6b04672,"""98fa64b3""",,unchanged,raw/skogsstyrelsen.harvest.notified/2026/09/20260904T141033Z-a05d69b4b66b.json,not_modified,
skogsstyrelsen.harvest.notified,https://geodpags.skogsstyrelsen.se/arcgis/rest/services/Geodataportal/GeodataportalVisaAvverkningsanmalan/MapServer/0/query?where=Lannr%3D%2708%27+AND+ArendeAr%3D2023+AND+Inkomdatum+%3E%3D+DATE+%272023-04-01%27+AND+Inkomdatum+%3C+DATE+%272023-07-01%27&outFields=Beteckn%2CLannr%2CKommunnr%2CArendeAr%2CInkomdatum%2CAnmaldHa%2CAvvHa%2CAvvSasong%2CAvverktyp&returnGeometry=false&orderByFields=Beteckn&f=json,2026-09-04T15:42:44Z,304,application/json,78105,cb5365b2047b62c8d80622be309912ea863748214628f9db7b5b4a5a3c54232f,"""dcd96ed4""",,unchanged,raw/skogsstyrelsen.harvest.notified/2026/09/20260904T141037Z-cb5365b2047b.json,not_modified,
skogsstyrelsen.harvest.notified,https://geodpags.skogsstyrelsen.se/arcgis/rest/services/Geodataportal/GeodataportalVisaAvverkningsanmalan/MapServer/0/query?where=Lannr%3D%2708%27+AND+ArendeAr%3D2023+AND+Inkomdatum+%3E%3D+DATE+%272023-07-01%27+AND+Inkomdatum+%3C+DATE+%272023-10-01%27&outFields=Beteckn%2CLannr%2CKommunnr%2CArendeAr%2CInkomdatum%2CAnmaldHa%2CAvvHa%2CAvvSasong%2CAvverktyp&returnGeometry=false&orderByFields=Beteckn&f=json,2026-09-04T15:42:46Z,304,application/json,87831,1e6c848fea775f137fe58730ff7e9f4610a711dbd01a6f32d47d11c7fd642f0d,"""4691d9a""",,unchanged,raw/skogsstyrelsen.harvest.notified/2026/09/20260904T141040Z-1e6c848fea77.json,not_modified,
skogsstyrelsen.harvest.notified,https://geodpags.skogsstyrelsen.se/arcgis/rest/services/Geodataportal/GeodataportalVisaAvverkningsanmalan/MapServer/0/query?where=Lannr%3D%2708%27+AND+ArendeAr%3D2023+AND+Inkomdatum+%3E%3D+DATE+%272023-10-01%27&outFields=Beteckn%2CLannr%2CKommunnr%2CArendeAr%2CInkomdatum%2CAnmaldHa%2CAvvHa%2CAvvSasong%2CAvverktyp&returnGeometry=false&orderByFields=Beteckn&f=json,2026-09-04T15:42:49Z,304,application/json,80869,3c3ef8e0d7b413c0df24ee1fd5caeb25b08b7b8630434908d3ca760d89228c55,"""a157e34c""",,unchanged,raw/skogsstyrelsen.harvest.notified/2026/09/20260904T141044Z-3c3ef8e0d7b4.json,not_modified,
skogsstyrelsen.harvest.notified,https://geodpags.skogsstyrelsen.se/arcgis/rest/services/Geodataportal/GeodataportalVisaAvverkningsanmalan/MapServer/0/query?where=Lannr%3D%2720%27+AND+ArendeAr%3D2024+AND+Inkomdatum+%3C+DATE+%272024-04-01%27&outFields=Beteckn%2CLannr%2CKommunnr%2CArendeAr%2CInkomdatum%2CAnmaldHa%2CAvvHa%2CAvvSasong%2CAvverktyp&returnGeometry=false&orderByFields=Beteckn&f=json,2026-09-04T15:42:51Z,304,application/json,58934,65829a1004d6c3616cab0c215556d09ad48d9326570bd2476dd48c45e7ef5dae,"""cf3ba4db""",,unchanged,raw/skogsstyrelsen.harvest.notified/2026/09/20260904T141047Z-65829a1004d6.json,not_modified,
skogsstyrelsen.harvest.notified,https://geodpags.skogsstyrelsen.se/arcgis/rest/services/Geodataportal/GeodataportalVisaAvverkningsanmalan/MapServer/0/query?where=Lannr%3D%2720%27+AND+ArendeAr%3D2024+AND+Inkomdatum+%3E%3D+DATE+%272024-04-01%27+AND+Inkomdatum+%3C+DATE+%272024-07-01%27&outFields=Beteckn%2CLannr%2CKommunnr%2CArendeAr%2CInkomdatum%2CAnmaldHa%2CAvvHa%2CAvvSasong%2CAvverktyp&returnGeometry=false&orderByFields=Beteckn&f=json,2026-09-04T15:42:54Z,304,application/json,56421,2d5481df9b362827dc97415d544f194213a11d523ecf5e44ba7790e39f012e46,"""872f2259""",,unchanged,raw/skogsstyrelsen.harvest.notified/2026/09/20260904T141050Z-2d5481df9b36.json,not_modified,
skogsstyrelsen.harvest.notified,https://geodpags.skogsstyrelsen.se/arcgis/rest/services/Geodataportal/GeodataportalVisaAvverkningsanmalan/MapServer/0/query?where=Lannr%3D%2720%27+AND+ArendeAr%3D2024+AND+Inkomdatum+%3E%3D+DATE+%272024-07-01%27+AND+Inkomdatum+%3C+DATE+%272024-10-01%27&outFields=Beteckn%2CLannr%2CKommunnr%2CArendeAr%2CInkomdatum%2CAnmaldHa%2CAvvHa%2CAvvSasong%2CAvverktyp&returnGeometry=false&orderByFields=Beteckn&f=json,2026-09-04T15:42:56Z,304,application/json,94435,d6c529c9aeaa0c5953ccad969eda877f996b4a362bd9bcd58c635246e865e2d5,"""42eb189""",,unchanged,raw/skogsstyrelsen.harvest.notified/2026/09/20260904T141053Z-d6c529c9aeaa.json,not_modified,
skogsstyrelsen.harvest.notified,https://geodpags.skogsstyrelsen.se/arcgis/rest/services/Geodataportal/GeodataportalVisaAvverkningsanmalan/MapServer/0/query?where=Lannr%3D%2720%27+AND+ArendeAr%3D2024+AND+Inkomdatum+%3E%3D+DATE+%272024-10-01%27&outFields=Beteckn%2CLannr%2CKommunnr%2CArendeAr%2CInkomdatum%2CAnmaldHa%2CAvvHa%2CAvvSasong%2CAvverktyp&returnGeometry=false&orderByFields=Beteckn&f=json,2026-09-04T15:42:59Z,304,application/json,112674,9d8599f5a7a78dc89e79f7c68377891a8d2b4b285b8b56a5d10aec45233bc1a7,"""b61b111""",,unchanged,raw/skogsstyrelsen.harvest.notified/2026/09/20260904T141056Z-9d8599f5a7a7.json,not_modified,
skogsstyrelsen.harvest.notified,https://geodpags.skogsstyrelsen.se/arcgis/rest/services/Geodataportal/GeodataportalVisaAvverkningsanmalan/MapServer/0/query?where=Lannr%3D%2723%27+AND+ArendeAr%3D2024+AND+Inkomdatum+%3C+DATE+%272024-04-01%27&outFields=Beteckn%2CLannr%2CKommunnr%2CArendeAr%2CInkomdatum%2CAnmaldHa%2CAvvHa%2CAvvSasong%2CAvverktyp&returnGeometry=false&orderByFields=Beteckn&f=json,2026-09-04T15:43:01Z,304,application/json,50732,b06eba23921874f354bddefb919c8526655dbbd8ec4e8c551f81b117ef23b445,"""3f63c25a""",,unchanged,raw/skogsstyrelsen.harvest.notified/2026/09/20260904T141059Z-b06eba239218.json,not_modified,
skogsstyrelsen.harvest.notified,https://geodpags.skogsstyrelsen.se/arcgis/rest/services/Geodataportal/GeodataportalVisaAvverkningsanmalan/MapServer/0/query?where=Lannr%3D%2723%27+AND+ArendeAr%3D2024+AND+Inkomdatum+%3E%3D+DATE+%272024-04-01%27+AND+Inkomdatum+%3C+DATE+%272024-07-01%27&outFields=Beteckn%2CLannr%2CKommunnr%2CArendeAr%2CInkomdatum%2CAnmaldHa%2CAvvHa%2CAvvSasong%2CAvverktyp&returnGeometry=false&orderByFields=Beteckn&f=json,2026-09-04T15:43:04Z,304,application/json,70889,1e54c3c41eba078b6b0f1c54fb2d902dfe9f5fb17dd41952b958fcc62d179058,"""118d0426""",,unchanged,raw/skogsstyrelsen.harvest.notified/2026/09/20260904T141102Z-1e54c3c41eba.json,not_modified,
skogsstyrelsen.harvest.notified,https://geodpags.skogsstyrelsen.se/arcgis/rest/services/Geodataportal/GeodataportalVisaAvverkningsanmalan/MapServer/0/query?where=Lannr%3D%2723%27+AND+ArendeAr%3D2024+AND+Inkomdatum+%3E%3D+DATE+%272024-07-01%27+AND+Inkomdatum+%3C+DATE+%272024-10-01%27&outFields=Beteckn%2CLannr%2CKommunnr%2CArendeAr%2CInkomdatum%2CAnmaldHa%2CAvvHa%2CAvvSasong%2CAvverktyp&returnGeometry=false&orderByFields=Beteckn&f=json,2026-09-04T15:43:06Z,304,application/json,92424,370cf23095888eb13a2f4bc3ea150f602c6a1b5b88ddb8d7db4b1b301719a417,"""a01e6e1c""",,unchanged,raw/skogsstyrelsen.harvest.notified/2026/09/20260904T141106Z-370cf2309588.json,not_modified,
skogsstyrelsen.harvest.notified,https://geodpags.skogsstyrelsen.se/arcgis/rest/services/Geodataportal/GeodataportalVisaAvverkningsanmalan/MapServer/0/query?where=Lannr%3D%2723%27+AND+ArendeAr%3D2024+AND+Inkomdatum+%3E%3D+DATE+%272024-10-01%27&outFields=Beteckn%2CLannr%2CKommunnr%2CArendeAr%2CInkomdatum%2CAnmaldHa%2CAvvHa%2CAvvSasong%2CAvverktyp&returnGeometry=false&orderByFields=Beteckn&f=json,2026-09-04T15:43:08Z,304,application/json,114015,b7252d23efff09dbb2c96b6010b29ef3fa274a73d028f98f2ab685d28a1bd8a3,"""fbcff9eb""",,unchanged,raw/skogsstyrelsen.harvest.notified/2026/09/20260904T141109Z-b7252d23efff.json,not_modified,
skogsstyrelsen.harvest.notified,https://geodpags.skogsstyrelsen.se/arcgis/rest/services/Geodataportal/GeodataportalVisaAvverkningsanmalan/MapServer/0/query?where=Lannr%3D%2717%27+AND+ArendeAr%3D2022+AND+Inkomdatum+%3C+DATE+%272022-04-01%27&outFields=Beteckn%2CLannr%2CKommunnr%2CArendeAr%2CInkomdatum%2CAnmaldHa%2CAvvHa%2CAvvSasong%2CAvverktyp&returnGeometry=false&orderByFields=Beteckn&f=json,2026-09-04T15:43:11Z,200,application/json,81054,d218b2ecc403e005209784260584238da3175bb725cf354447234cc05fdbbda5,"""4ade498c""",,changed,raw/skogsstyrelsen.harvest.notified/2026/09/20260904T154311Z-d218b2ecc403.json,,
skogsstyrelsen.harvest.notified,https://geodpags.skogsstyrelsen.se/arcgis/rest/services/Geodataportal/GeodataportalVisaAvverkningsanmalan/MapServer/0/query?where=Lannr%3D%2717%27+AND+ArendeAr%3D2022+AND+Inkomdatum+%3E%3D+DATE+%272022-04-01%27+AND+Inkomdatum+%3C+DATE+%272022-07-01%27&outFields=Beteckn%2CLannr%2CKommunnr%2CArendeAr%2CInkomdatum%2CAnmaldHa%2CAvvHa%2CAvvSasong%2CAvverktyp&returnGeometry=false&orderByFields=Beteckn&f=json,2026-09-04T15:43:13Z,304,application/json,61093,db2c7cbaf55f6461f757ed08f0407737547d872bc5e5d35b28ece4fb8c617cd4,"""c8a68ef1""",,unchanged,raw/skogsstyrelsen.harvest.notified/2026/09/20260904T141116Z-db2c7cbaf55f.json,not_modified,
skogsstyrelsen.harvest.notified,https://geodpags.skogsstyrelsen.se/arcgis/rest/services/Geodataportal/GeodataportalVisaAvverkningsanmalan/MapServer/0/query?where=Lannr%3D%2717%27+AND+ArendeAr%3D2022+AND+Inkomdatum+%3E%3D+DATE+%272022-07-01%27+AND+Inkomdatum+%3C+DATE+%272022-10-01%27&outFields=Beteckn%2CLannr%2CKommunnr%2CArendeAr%2CInkomdatum%2CAnmaldHa%2CAvvHa%2CAvvSasong%2CAvverktyp&returnGeometry=false&orderByFields=Beteckn&f=json,2026-09-04T15:43:16Z,304,application/json,84518,7da840e11e5c0de5a251c5bd9fe4ee7c8dbbe83d87411e657d83df562415abe9,"""7750f4e1""",,unchanged,raw/skogsstyrelsen.harvest.notified/2026/09/20260904T141121Z-7da840e11e5c.json,not_modified,
skogsstyrelsen.harvest.notified,https://geodpags.skogsstyrelsen.se/arcgis/rest/services/Geodataportal/GeodataportalVisaAvverkningsanmalan/MapServer/0/query?where=Lannr%3D%2717%27+AND+ArendeAr%3D2022+AND+Inkomdatum+%3E%3D+DATE+%272022-10-01%27&outFields=Beteckn%2CLannr%2CKommunnr%2CArendeAr%2CInkomdatum%2CAnmaldHa%2CAvvHa%2CAvvSasong%2CAvverktyp&returnGeometry=false&orderByFields=Beteckn&f=json,2026-09-04T15:43:18Z,304,application/json,91933,c67a3a9935800aca5ece98ed8a5db46fda2ddc65618a5d97c27f5e2e864875a7,"""7061410a""",,unchanged,raw/skogsstyrelsen.harvest.notified/2026/09/20260904T141124Z-c67a3a993580.json,not_modified,
skogsstyrelsen.harvest.notified,https://geodpags.skogsstyrelsen.se/arcgis/rest/services/Geodataportal/GeodataportalVisaAvverkningsanmalan/MapServer/0/query?where=Lannr%3D%2706%27+AND+ArendeAr%3D2025+AND+Inkomdatum+%3C+DATE+%272025-04-01%27&outFields=Beteckn%2CLannr%2CKommunnr%2CArendeAr%2CInkomdatum%2CAnmaldHa%2CAvvHa%2CAvvSasong%2CAvverktyp&returnGeometry=false&orderByFields=Beteckn&f=json,2026-09-04T15:43:20Z,304,application/json,73195,72b275d6dce623b5acb9acc5522015734b773388d5c96f7505d5988183087c2c,"""60c6d1a0""",,unchanged,raw/skogsstyrelsen.harvest.notified/2026/09/20260904T141128Z-72b275d6dce6.json,not_modified,
skogsstyrelsen.harvest.notified,https://geodpags.skogsstyrelsen.se/arcgis/rest/services/Geodataportal/GeodataportalVisaAvverkningsanmalan/MapServer/0/query?where=Lannr%3D%2706%27+AND+ArendeAr%3D2025+AND+Inkomdatum+%3E%3D+DATE+%272025-04-01%27+AND+Inkomdatum+%3C+DATE+%272025-07-01%27&outFields=Beteckn%2CLannr%2CKommunnr%2CArendeAr%2CInkomdatum%2CAnmaldHa%2CAvvHa%2CAvvSasong%2CAvverktyp&returnGeometry=false&orderByFields=Beteckn&f=json,2026-09-04T15:43:23Z,304,application/json,76361,c50c5122a2aa5945b50a5de69679e14f0c2f249cbe80259015aaaba7d436a9b9,"""c6b85843""",,unchanged,raw/skogsstyrelsen.harvest.notified/2026/09/20260904T141133Z-c50c5122a2aa.json,not_modified,
skogsstyrelsen.harvest.notified,https://geodpags.skogsstyrelsen.se/arcgis/rest/services/Geodataportal/GeodataportalVisaAvverkningsanmalan/MapServer/0/query?where=Lannr%3D%2706%27+AND+ArendeAr%3D2025+AND+Inkomdatum+%3E%3D+DATE+%272025-07-01%27+AND+Inkomdatum+%3C+DATE+%272025-10-01%27&outFields=Beteckn%2CLannr%2CKommunnr%2CArendeAr%2CInkomdatum%2CAnmaldHa%2CAvvHa%2CAvvSasong%2CAvverktyp&returnGeometry=false&orderByFields=Beteckn&f=json,2026-09-04T15:43:25Z,304,application/json,72225,6aa1b32f041c6e269f8bf0778f2ec884bbb23d9f41225ea05e4a77071968ddc0,"""e0e142d1""",,unchanged,raw/skogsstyrelsen.harvest.notified/2026/09/20260904T141137Z-6aa1b32f041c.json,not_modified,
skogsstyrelsen.harvest.notified,https://geodpags.skogsstyrelsen.se/arcgis/rest/services/Geodataportal/GeodataportalVisaAvverkningsanmalan/MapServer/0/query?where=Lannr%3D%2706%27+AND+ArendeAr%3D2025+AND+Inkomdatum+%3E%3D+DATE+%272025-10-01%27&outFields=Beteckn%2CLannr%2CKommunnr%2CArendeAr%2CInkomdatum%2CAnmaldHa%2CAvvHa%2CAvvSasong%2CAvverktyp&returnGeometry=false&orderByFields=Beteckn&f=json,2026-09-04T15:43:27Z,304,application/json,85725,2f6211727bf85c9ce961a56ed75ae2887abc1eeb453d96c8b5eaca38328c8e03,"""c80482f4""",,unchanged,raw/skogsstyrelsen.harvest.notified/2026/09/20260904T141141Z-2f6211727bf8.json,not_modified,
skogsstyrelsen.harvest.notified,https://geodpags.skogsstyrelsen.se/arcgis/rest/services/Geodataportal/GeodataportalVisaAvverkningsanmalan/MapServer/0/query?where=Lannr%3D%2722%27+AND+ArendeAr%3D2023+AND+Inkomdatum+%3C+DATE+%272023-04-01%27&outFields=Beteckn%2CLannr%2CKommunnr%2CArendeAr%2CInkomdatum%2CAnmaldHa%2CAvvHa%2CAvvSasong%2CAvverktyp&returnGeometry=false&orderByFields=Beteckn&f=json,2026-09-04T15:43:30Z,304,application/json,52407,a210d07f4e62db4c12abafaef9ce2ae44944d2203ec9df9b063e3ba581fe265b,"""11888c5c""",,unchanged,raw/skogsstyrelsen.harvest.notified/2026/09/20260904T141146Z-a210d07f4e62.json,not_modified,
skogsstyrelsen.harvest.notified,https://geodpags.skogsstyrelsen.se/arcgis/rest/services/Geodataportal/GeodataportalVisaAvverkningsanmalan/MapServer/0/query?where=Lannr%3D%2722%27+AND+ArendeAr%3D2023+AND+Inkomdatum+%3E%3D+DATE+%272023-04-01%27+AND+Inkomdatum+%3C+DATE+%272023-07-01%27&outFields=Beteckn%2CLannr%2CKommunnr%2CArendeAr%2CInkomdatum%2CAnmaldHa%2CAvvHa%2CAvvSasong%2CAvverktyp&returnGeometry=false&orderByFields=Beteckn&f=json,2026-09-04T15:43:32Z,304,application/json,66109,15d9c94f8f3d98eb93b3f57237a78a9411a6d31df3490d0ebeb5faf8fe7b39ad,"""7a7073df""",,unchanged,raw/skogsstyrelsen.harvest.notified/2026/09/20260904T141151Z-15d9c94f8f3d.json,not_modified,
skogsstyrelsen.harvest.notified,https://geodpags.skogsstyrelsen.se/arcgis/rest/services/Geodataportal/GeodataportalVisaAvverkningsanmalan/MapServer/0/query?where=Lannr%3D%2722%27+AND+ArendeAr%3D2023+AND+Inkomdatum+%3E%3D+DATE+%272023-07-01%27+AND+Inkomdatum+%3C+DATE+%272023-10-01%27&outFields=Beteckn%2CLannr%2CKommunnr%2CArendeAr%2CInkomdatum%2CAnmaldHa%2CAvvHa%2CAvvSasong%2CAvverktyp&returnGeometry=false&orderByFields=Beteckn&f=json,2026-09-04T15:43:34Z,304,application/json,85051,90db30cc8e40db215d275a61afc21aff1734fa474e82170c06cdf0d5dbd87382,"""d88adc22""",,unchanged,raw/skogsstyrelsen.harvest.notified/2026/09/20260904T141156Z-90db30cc8e40.json,not_modified,
skogsstyrelsen.harvest.notified,https://geodpags.skogsstyrelsen.se/arcgis/rest/services/Geodataportal/GeodataportalVisaAvverkningsanmalan/MapServer/0/query?where=Lannr%3D%2722%27+AND+ArendeAr%3D2023+AND+Inkomdatum+%3E%3D+DATE+%272023-10-01%27&outFields=Beteckn%2CLannr%2CKommunnr%2CArendeAr%2CInkomdatum%2CAnmaldHa%2CAvvHa%2CAvvSasong%2CAvverktyp&returnGeometry=false&orderByFields=Beteckn&f=json,2026-09-04T15:43:37Z,304,application/json,98279,a0e73f7b4e40841986d3be2b1950f98cc9323a1b49663419a14e3dc15f904ba9,"""1b9f7ae6""",,unchanged,raw/skogsstyrelsen.harvest.notified/2026/09/20260904T141159Z-a0e73f7b4e40.json,not_modified,
skogsstyrelsen.harvest.notified,https://geodpags.skogsstyrelsen.se/arcgis/rest/services/Geodataportal/GeodataportalVisaAvverkningsanmalan/MapServer/0/query?where=Lannr%3D%2721%27+AND+ArendeAr%3D2024&outFields=Beteckn%2CLannr%2CKommunnr%2CArendeAr%2CInkomdatum%2CAnmaldHa%2CAvvHa%2CAvvSasong%2CAvverktyp&returnGeometry=false&orderByFields=Beteckn&f=json,2026-09-04T15:43:39Z,304,application/json,285356,73045ea79d69770c3ed867cd1c78b51cf1c9173562d04ff695d17088b71463a2,"""fa1bf881""",,unchanged,raw/skogsstyrelsen.harvest.notified/2026/09/20260904T141204Z-73045ea79d69.json,not_modified,
skogsstyrelsen.harvest.notified,https://geodpags.skogsstyrelsen.se/arcgis/rest/services/Geodataportal/GeodataportalVisaAvverkningsanmalan/MapServer/0/query?where=Lannr%3D%2706%27+AND+ArendeAr%3D2023&outFields=Beteckn%2CLannr%2CKommunnr%2CArendeAr%2CInkomdatum%2CAnmaldHa%2CAvvHa%2CAvvSasong%2CAvverktyp&returnGeometry=false&orderByFields=Beteckn&f=json,2026-09-04T15:43:42Z,200,application/json,276147,a9b241f0481132d7d7df1e117ae2dfb73cdf275b3554a56bb94570e41b720ef0,"""d69de3cb""",,changed,raw/skogsstyrelsen.harvest.notified/2026/09/20260904T154342Z-a9b241f04811.json,,
skogsstyrelsen.harvest.notified,https://geodpags.skogsstyrelsen.se/arcgis/rest/services/Geodataportal/GeodataportalVisaAvverkningsanmalan/MapServer/0/query?where=Lannr%3D%2720%27+AND+ArendeAr%3D2023&outFields=Beteckn%2CLannr%2CKommunnr%2CArendeAr%2CInkomdatum%2CAnmaldHa%2CAvvHa%2CAvvSasong%2CAvverktyp&returnGeometry=false&orderByFields=Beteckn&f=json,2026-09-04T15:43:44Z,304,application/json,268929,9d9f00ed65cf30adba4ce8888867eb9c67bf58a756679daa30bd3766713d7b09,"""c348527f""",,unchanged,raw/skogsstyrelsen.harvest.notified/2026/09/20260904T141212Z-9d9f00ed65cf.json,not_modified,
skogsstyrelsen.harvest.notified,https://geodpags.skogsstyrelsen.se/arcgis/rest/services/Geodataportal/GeodataportalVisaAvverkningsanmalan/MapServer/0/query?where=Lannr%3D%2705%27+AND+ArendeAr%3D2023&outFields=Beteckn%2CLannr%2CKommunnr%2CArendeAr%2CInkomdatum%2CAnmaldHa%2CAvvHa%2CAvvSasong%2CAvverktyp&returnGeometry=false&orderByFields=Beteckn&f=json,2026-09-04T15:43:47Z,304,application/json,263510,51478176195d5e9c1085651ad55be4763bca93306db7c828797d4acae50781b4,"""64d4a3e7""",,unchanged,raw/skogsstyrelsen.harvest.notified/2026/09/20260904T141215Z-51478176195d.json,not_modified,
skogsstyrelsen.harvest.notified,https://geodpags.skogsstyrelsen.se/arcgis/rest/services/Geodataportal/GeodataportalVisaAvverkningsanmalan/MapServer/0/query?where=Lannr%3D%2722%27+AND+ArendeAr%3D2022&outFields=Beteckn%2CLannr%2CKommunnr%2CArendeAr%2CInkomdatum%2CAnmaldHa%2CAvvHa%2CAvvSasong%2CAvverktyp&returnGeometry=false&orderByFields=Beteckn&f=json,2026-09-04T15:43:49Z,304,application/json,267746,bf294bc2a4696982dbc67eb1ba12d6a249d9270cc45738b9d411c96a67cc9686,"""6dfb1d71""",,unchanged,raw/skogsstyrelsen.harvest.notified/2026/09/20260904T141220Z-bf294bc2a469.json,not_modified,
skogsstyrelsen.harvest.notified,https://geodpags.skogsstyrelsen.se/arcgis/rest/services/Geodataportal/GeodataportalVisaAvverkningsanmalan/MapServer/0/query?where=Lannr%3D%2723%27+AND+ArendeAr%3D2023&outFields=Beteckn%2CLannr%2CKommunnr%2CArendeAr%2CInkomdatum%2CAnmaldHa%2CAvvHa%2CAvvSasong%2CAvverktyp&returnGeometry=false&orderByFields=Beteckn&f=json,2026-09-04T15:43:52Z,200,application/json,268436,8a314747a9f31314a10d08aec0c678521b3d9381864fdc85b267bba8b45c5934,"""22561f4e""",,changed,raw/skogsstyrelsen.harvest.notified/2026/09/20260904T154352Z-8a314747a9f3.json,,
skogsstyrelsen.harvest.notified,https://geodpags.skogsstyrelsen.se/arcgis/rest/services/Geodataportal/GeodataportalVisaAvverkningsanmalan/MapServer/0/query?where=Lannr%3D%2707%27+AND+ArendeAr%3D2023&outFields=Beteckn%2CLannr%2CKommunnr%2CArendeAr%2CInkomdatum%2CAnmaldHa%2CAvvHa%2CAvvSasong%2CAvverktyp&returnGeometry=false&orderByFields=Beteckn&f=json,2026-09-04T15:43:54Z,304,application/json,255222,86062cbad35717ff0169eae22864070c71e9753308d0224181d588a6d0854578,"""6d05829c""",,unchanged,raw/skogsstyrelsen.harvest.notified/2026/09/20260904T141228Z-86062cbad357.json,not_modified,
skogsstyrelsen.harvest.notified,https://geodpags.skogsstyrelsen.se/arcgis/rest/services/Geodataportal/GeodataportalVisaAvverkningsanmalan/MapServer/0/query?where=Lannr%3D%2706%27+AND+ArendeAr%3D2024&outFields=Beteckn%2CLannr%2CKommunnr%2CArendeAr%2CInkomdatum%2CAnmaldHa%2CAvvHa%2CAvvSasong%2CAvverktyp&returnGeometry=false&orderByFields=Beteckn&f=json,2026-09-04T15:43:57Z,304,application/json,256016,6afca91adcf7f9f4f52d8944c55761b234b607480c9717c5af60fda04fb373ad,"""71bc61d8""",,unchanged,raw/skogsstyrelsen.harvest.notified/2026/09/20260904T141233Z-6afca91adcf7.json,not_modified,
skogsstyrelsen.harvest.notified,https://geodpags.skogsstyrelsen.se/arcgis/rest/services/Geodataportal/GeodataportalVisaAvverkningsanmalan/MapServer/0/query?where=Lannr%3D%2724%27+AND+ArendeAr%3D2022&outFields=Beteckn%2CLannr%2CKommunnr%2CArendeAr%2CInkomdatum%2CAnmaldHa%2CAvvHa%2CAvvSasong%2CAvverktyp&returnGeometry=false&orderByFields=Beteckn&f=json,2026-09-04T15:44:00Z,304,application/json,239481,c15a962875163a241958b002afc68d35262e5d6a57de637732451ed4cb3f8f9d,"""d3fdeaad""",,unchanged,raw/skogsstyrelsen.harvest.notified/2026/09/20260904T141236Z-c15a96287516.json,not_modified,
skogsstyrelsen.harvest.notified,https://geodpags.skogsstyrelsen.se/arcgis/rest/services/Geodataportal/GeodataportalVisaAvverkningsanmalan/MapServer/0/query?where=Lannr%3D%2708%27+AND+ArendeAr%3D2025&outFields=Beteckn%2CLannr%2CKommunnr%2CArendeAr%2CInkomdatum%2CAnmaldHa%2CAvvHa%2CAvvSasong%2CAvverktyp&returnGeometry=false&orderByFields=Beteckn&f=json,2026-09-04T15:44:02Z,304,application/json,237818,68a9ae68e908bed031f6a77c6d87cea8b9f93a11b2fab1d0c31ea450f2bfb481,"""8af2433a""",,unchanged,raw/skogsstyrelsen.harvest.notified/2026/09/20260904T141240Z-68a9ae68e908.json,not_modified,
skogsstyrelsen.harvest.notified,https://geodpags.skogsstyrelsen.se/arcgis/rest/services/Geodataportal/GeodataportalVisaAvverkningsanmalan/MapServer/0/query?where=Lannr%3D%2705%27+AND+ArendeAr%3D2025&outFields=Beteckn%2CLannr%2CKommunnr%2CArendeAr%2CInkomdatum%2CAnmaldHa%2CAvvHa%2CAvvSasong%2CAvverktyp&returnGeometry=false&orderByFields=Beteckn&f=json,2026-09-04T15:44:04Z,304,application/json,237499,cf912141bf9782b5d655c86f5b5dc116d950cdb19fe5c721386ed39c8d24d97e,"""a4c4f1b7""",,unchanged,raw/skogsstyrelsen.harvest.notified/2026/09/20260904T141243Z-cf912141bf97.json,not_modified,
skogsstyrelsen.harvest.notified,https://geodpags.skogsstyrelsen.se/arcgis/rest/services/Geodataportal/GeodataportalVisaAvverkningsanmalan/MapServer/0/query?where=Lannr%3D%2723%27+AND+ArendeAr%3D2022&outFields=Beteckn%2CLannr%2CKommunnr%2CArendeAr%2CInkomdatum%2CAnmaldHa%2CAvvHa%2CAvvSasong%2CAvverktyp&returnGeometry=false&orderByFields=Beteckn&f=json,2026-09-04T15:44:07Z,200,application/json,240921,5c2688324b01ebd5215ba53192ea758bc3d4683d17d3b34d9b143876d0cb6746,"""e184476""",,changed,raw/skogsstyrelsen.harvest.notified/2026/09/20260904T154407Z-5c2688324b01.json,,
skogsstyrelsen.harvest.notified,https://geodpags.skogsstyrelsen.se/arcgis/rest/services/Geodataportal/GeodataportalVisaAvverkningsanmalan/MapServer/0/query?where=Lannr%3D%2725%27+AND+ArendeAr%3D2024&outFields=Beteckn%2CLannr%2CKommunnr%2CArendeAr%2CInkomdatum%2CAnmaldHa%2CAvvHa%2CAvvSasong%2CAvverktyp&returnGeometry=false&orderByFields=Beteckn&f=json,2026-09-04T15:44:09Z,304,application/json,233057,49740b35017eaa8715810abbbe89eb916656b46daf677d425996188318f2657e,"""6c5cd555""",,unchanged,raw/skogsstyrelsen.harvest.notified/2026/09/20260904T141250Z-49740b35017e.json,not_modified,
skogsstyrelsen.harvest.notified,https://geodpags.skogsstyrelsen.se/arcgis/rest/services/Geodataportal/GeodataportalVisaAvverkningsanmalan/MapServer/0/query?where=Lannr%3D%2712%27+AND+ArendeAr%3D2023&outFields=Beteckn%2CLannr%2CKommunnr%2CArendeAr%2CInkomdatum%2CAnmaldHa%2CAvvHa%2CAvvSasong%2CAvverktyp&returnGeometry=false&orderByFields=Beteckn&f=json,2026-09-04T15:44:12Z,304,application/json,230356,0993604a0ef96b8550c4a7212a19862e98ab18b04a072ba50d56daf63517fde8,"""583a2571""",,unchanged,raw/skogsstyrelsen.harvest.notified/2026/09/20260904T141253Z-0993604a0ef9.json,not_modified,
skogsstyrelsen.harvest.notified,https://geodpags.skogsstyrelsen.se/arcgis/rest/services/Geodataportal/GeodataportalVisaAvverkningsanmalan/MapServer/0/query?where=Lannr%3D%2721%27+AND+ArendeAr%3D2023&outFields=Beteckn%2CLannr%2CKommunnr%2CArendeAr%2CInkomdatum%2CAnmaldHa%2CAvvHa%2CAvvSasong%2CAvverktyp&returnGeometry=false&orderByFields=Beteckn&f=json,2026-09-04T15:44:14Z,304,application/json,229671,6bfee762a4005f3b4d7b25b5cbcb8b09a005fc2acaee3a8ba4f59e53037fe91e,"""d5156ed6""",,unchanged,raw/skogsstyrelsen.harvest.notified/2026/09/20260904T141257Z-6bfee762a400.json,not_modified,
skogsstyrelsen.harvest.notified,https://geodpags.skogsstyrelsen.se/arcgis/rest/services/Geodataportal/GeodataportalVisaAvverkningsanmalan/MapServer/0/query?where=Lannr%3D%2708%27+AND+ArendeAr%3D2024&outFields=Beteckn%2CLannr%2CKommunnr%2CArendeAr%2CInkomdatum%2CAnmaldHa%2CAvvHa%2CAvvSasong%2CAvverktyp&returnGeometry=false&orderByFields=Beteckn&f=json,2026-09-04T15:44:16Z,304,application/json,222805,0858351d6c5b10ce406cfb93960ddb51d19c555aa01a47f5f098494d0c023b36,"""88f6f3fe""",,unchanged,raw/skogsstyrelsen.harvest.notified/2026/09/20260904T141300Z-0858351d6c5b.json,not_modified,
skogsstyrelsen.harvest.notified,https://geodpags.skogsstyrelsen.se/arcgis/rest/services/Geodataportal/GeodataportalVisaAvverkningsanmalan/MapServer/0/query?where=Lannr%3D%2707%27+AND+ArendeAr%3D2024&outFields=Beteckn%2CLannr%2CKommunnr%2CArendeAr%2CInkomdatum%2CAnmaldHa%2CAvvHa%2CAvvSasong%2CAvverktyp&returnGeometry=false&orderByFields=Beteckn&f=json,2026-09-04T15:44:19Z,304,application/json,221090,7f9f4811ad43b23546bc574f5fbd18fffeff9770422c9698b05e94144dba33a5,"""f63a13e9""",,unchanged,raw/skogsstyrelsen.harvest.notified/2026/09/20260904T141303Z-7f9f4811ad43.json,not_modified,
skogsstyrelsen.harvest.notified,https://geodpags.skogsstyrelsen.se/arcgis/rest/services/Geodataportal/GeodataportalVisaAvverkningsanmalan/MapServer/0/query?where=Lannr%3D%2707%27+AND+ArendeAr%3D2025&outFields=Beteckn%2CLannr%2CKommunnr%2CArendeAr%2CInkomdatum%2CAnmaldHa%2CAvvHa%2CAvvSasong%2CAvverktyp&returnGeometry=false&orderByFields=Beteckn&f=json,2026-09-04T15:44:22Z,200,application/json,221480,0d385e4da6a97eed680d1746925fb6aa4d582c3deb8a6472b0a77b724434b708,"""7a351ef6""",,changed,raw/skogsstyrelsen.harvest.notified/2026/09/20260904T154422Z-0d385e4da6a9.json,,
skogsstyrelsen.harvest.notified,https://geodpags.skogsstyrelsen.se/arcgis/rest/services/Geodataportal/GeodataportalVisaAvverkningsanmalan/MapServer/0/query?where=Lannr%3D%2712%27+AND+ArendeAr%3D2024&outFields=Beteckn%2CLannr%2CKommunnr%2CArendeAr%2CInkomdatum%2CAnmaldHa%2CAvvHa%2CAvvSasong%2CAvverktyp&returnGeometry=false&orderByFields=Beteckn&f=json,2026-09-04T15:44:24Z,304,application/json,212825,319ced9af45332213ae64144e4655fb6f419dcfe352e20ecf15c9391b253c680,"""b33e6e80""",,unchanged,raw/skogsstyrelsen.harvest.notified/2026/09/20260904T141312Z-319ced9af453.json,not_modified,
skogsstyrelsen.harvest.notified,https://geodpags.skogsstyrelsen.se/arcgis/rest/services/Geodataportal/GeodataportalVisaAvverkningsanmalan/MapServer/0/query?where=Lannr%3D%2708%27+AND+ArendeAr%3D2022&outFields=Beteckn%2CLannr%2CKommunnr%2CArendeAr%2CInkomdatum%2CAnmaldHa%2CAvvHa%2CAvvSasong%2CAvverktyp&returnGeometry=false&orderByFields=Beteckn&f=json,2026-09-04T15:44:27Z,304,application/json,211279,38d2242a1c7ede44d33823766c12f642b1ac5622eacc4ccd9678936c92ccd4fc,"""b8986ccc""",,unchanged,raw/skogsstyrelsen.harvest.notified/2026/09/20260904T141315Z-38d2242a1c7e.json,not_modified,
skogsstyrelsen.harvest.notified,https://geodpags.skogsstyrelsen.se/arcgis/rest/services/Geodataportal/GeodataportalVisaAvverkningsanmalan/MapServer/0/query?where=Lannr%3D%2705%27+AND+ArendeAr%3D2026&outFields=Beteckn%2CLannr%2CKommunnr%2CArendeAr%2CInkomdatum%2CAnmaldHa%2CAvvHa%2CAvvSasong%2CAvverktyp&returnGeometry=false&orderByFields=Beteckn&f=json,2026-09-04T15:44:29Z,304,application/json,209219,dec21e029080b958a7d2238f443636f1ed40f2a2d0255a04c975e43d9f0ded79,"""736386a""",,unchanged,raw/skogsstyrelsen.harvest.notified/2026/09/20260904T141318Z-dec21e029080.json,not_modified,
skogsstyrelsen.harvest.notified,https://geodpags.skogsstyrelsen.se/arcgis/rest/services/Geodataportal/GeodataportalVisaAvverkningsanmalan/MapServer/0/query?where=Lannr%3D%2708%27+AND+ArendeAr%3D2026&outFields=Beteckn%2CLannr%2CKommunnr%2CArendeAr%2CInkomdatum%2CAnmaldHa%2CAvvHa%2CAvvSasong%2CAvverktyp&returnGeometry=false&orderByFields=Beteckn&f=json,2026-09-04T15:44:31Z,304,application/json,208165,e53e012de792c6582daaad03f04c776377e3dcd2444dffad2a2c704117929ee9,"""9f3a0aee""",,unchanged,raw/skogsstyrelsen.harvest.notified/2026/09/20260904T141323Z-e53e012de792.json,not_modified,
skogsstyrelsen.harvest.notified,https://geodpags.skogsstyrelsen.se/arcgis/rest/services/Geodataportal/GeodataportalVisaAvverkningsanmalan/MapServer/0/query?where=Lannr%3D%2706%27+AND+ArendeAr%3D2026&outFields=Beteckn%2CLannr%2CKommunnr%2CArendeAr%2CInkomdatum%2CAnmaldHa%2CAvvHa%2CAvvSasong%2CAvverktyp&returnGeometry=false&orderByFields=Beteckn&f=json,2026-09-04T15:44:34Z,200,application/json,202890,7ff526c3d99841f6f74a5279db0626a709109e87a96cd6bf801be2abd0b834f1,"""79ab6a30""",,changed,raw/skogsstyrelsen.harvest.notified/2026/09/20260904T154434Z-7ff526c3d998.json,,
skogsstyrelsen.harvest.notified,https://geodpags.skogsstyrelsen.se/arcgis/rest/services/Geodataportal/GeodataportalVisaAvverkningsanmalan/MapServer/0/query?where=Lannr%3D%2720%27+AND+ArendeAr%3D2022&outFields=Beteckn%2CLannr%2CKommunnr%2CArendeAr%2CInkomdatum%2CAnmaldHa%2CAvvHa%2CAvvSasong%2CAvverktyp&returnGeometry=false&orderByFields=Beteckn&f=json,2026-09-04T15:44:36Z,304,application/json,198684,ebe1b499813083babc6b1df82094b4e2418c05d34a8820317d0b8d272b76a14c,"""4b5666ed""",,unchanged,raw/skogsstyrelsen.harvest.notified/2026/09/20260904T141331Z-ebe1b4998130.json,not_modified,
skogsstyrelsen.harvest.notified,https://geodpags.skogsstyrelsen.se/arcgis/rest/services/Geodataportal/GeodataportalVisaAvverkningsanmalan/MapServer/0/query?where=Lannr%3D%2706%27+AND+ArendeAr%3D2022&outFields=Beteckn%2CLannr%2CKommunnr%2CArendeAr%2CInkomdatum%2CAnmaldHa%2CAvvHa%2CAvvSasong%2CAvverktyp&returnGeometry=false&orderByFields=Beteckn&f=json,2026-09-04T15:44:39Z,304,application/json,196160,167c1842b2baab60cadf3644e6016febb4da765607028f077aaf6a36fb25c30f,"""e5431ff0""",,unchanged,raw/skogsstyrelsen.harvest.notified/2026/09/20260904T141335Z-167c1842b2ba.json,not_modified,
skogsstyrelsen.harvest.notified,https://geodpags.skogsstyrelsen.se/arcgis/rest/services/Geodataportal/GeodataportalVisaAvverkningsanmalan/MapServer/0/query?where=Lannr%3D%2705%27+AND+ArendeAr%3D2022&outFields=Beteckn%2CLannr%2CKommunnr%2CArendeAr%2CInkomdatum%2CAnmaldHa%2CAvvHa%2CAvvSasong%2CAvverktyp&returnGeometry=false&orderByFields=Beteckn&f=json,2026-09-04T15:44:41Z,304,application/json,195154,b53ba6aa113bef59cf4f42d79f781e0b30763a0acd6dffe28cb980e3db6b58f6,"""a9754e5e""",,unchanged,raw/skogsstyrelsen.harvest.notified/2026/09/20260904T141339Z-b53ba6aa113b.json,not_modified,
skogsstyrelsen.harvest.notified,https://geodpags.skogsstyrelsen.se/arcgis/rest/services/Geodataportal/GeodataportalVisaAvverkningsanmalan/MapServer/0/query?where=Lannr%3D%2712%27+AND+ArendeAr%3D2025&outFields=Beteckn%2CLannr%2CKommunnr%2CArendeAr%2CInkomdatum%2CAnmaldHa%2CAvvHa%2CAvvSasong%2CAvverktyp&returnGeometry=false&orderByFields=Beteckn&f=json,2026-09-04T15:44:44Z,304,application/json,193108,a3f6abc8cc02e134db67c142c8ad5d30d1f5b8c2f4e881e2f036ac3dc287e812,"""be51311b""",,unchanged,raw/skogsstyrelsen.harvest.notified/2026/09/20260904T141343Z-a3f6abc8cc02.json,not_modified,
skogsstyrelsen.harvest.notified,https://geodpags.skogsstyrelsen.se/arcgis/rest/services/Geodataportal/GeodataportalVisaAvverkningsanmalan/MapServer/0/query?where=Lannr%3D%2707%27+AND+ArendeAr%3D2026&outFields=Beteckn%2CLannr%2CKommunnr%2CArendeAr%2CInkomdatum%2CAnmaldHa%2CAvvHa%2CAvvSasong%2CAvverktyp&returnGeometry=false&orderByFields=Beteckn&f=json,2026-09-04T15:44:46Z,304,application/json,187555,0e406128baa8889e6bd86602a93ec02f36711f96becd69f9c4a5f6c616b03442,"""c21ae8dc""",,unchanged,raw/skogsstyrelsen.harvest.notified/2026/09/20260904T141346Z-0e406128baa8.json,not_modified,
skogsstyrelsen.harvest.notified,https://geodpags.skogsstyrelsen.se/arcgis/rest/services/Geodataportal/GeodataportalVisaAvverkningsanmalan/MapServer/0/query?where=Lannr%3D%2721%27+AND+ArendeAr%3D2022&outFields=Beteckn%2CLannr%2CKommunnr%2CArendeAr%2CInkomdatum%2CAnmaldHa%2CAvvHa%2CAvvSasong%2CAvverktyp&returnGeometry=false&orderByFields=Beteckn&f=json,2026-09-04T15:44:49Z,304,application/json,180423,b7f86fa7b3fc051ef79e5c05da13afd390470dec4933c5e0c2329ade8cc5bcb4,"""78cf4edb""",,unchanged,raw/skogsstyrelsen.harvest.notified/2026/09/20260904T141351Z-b7f86fa7b3fc.json,not_modified,
skogsstyrelsen.harvest.notified,https://geodpags.skogsstyrelsen.se/arcgis/rest/services/Geodataportal/GeodataportalVisaAvverkningsanmalan/MapServer/0/query?where=Lannr%3D%2704%27+AND+ArendeAr%3D2022&outFields=Beteckn%2CLannr%2CKommunnr%2CArendeAr%2CInkomdatum%2CAnmaldHa%2CAvvHa%2CAvvSasong%2CAvverktyp&returnGeometry=false&orderByFields=Beteckn&f=json,2026-09-04T15:44:51Z,200,application/json,177115,5844c3e0edbfcb3437944f39f5b16f31a4e1209d936be0f286f484b4c86375a6,"""8ac5d0f""",,changed,raw/skogsstyrelsen.harvest.notified/2026/09/20260904T154451Z-5844c3e0edbf.json,,
skogsstyrelsen.harvest.notified,https://geodpags.skogsstyrelsen.se/arcgis/rest/services/Geodataportal/GeodataportalVisaAvverkningsanmalan/MapServer/0/query?where=Lannr%3D%2725%27+AND+ArendeAr%3D2023&outFields=Beteckn%2CLannr%2CKommunnr%2CArendeAr%2CInkomdatum%2CAnmaldHa%2CAvvHa%2CAvvSasong%2CAvverktyp&returnGeometry=false&orderByFields=Beteckn&f=json,2026-09-04T15:44:54Z,304,application/json,177294,57e9dfb2cd4e86cd03cf51dd58d929428f7d607484f9b72d75b77f091c94c51a,"""34b4a3e5""",,unchanged,raw/skogsstyrelsen.harvest.notified/2026/09/20260904T141359Z-57e9dfb2cd4e.json,not_modified,
skogsstyrelsen.harvest.notified,https://geodpags.skogsstyrelsen.se/arcgis/rest/services/Geodataportal/GeodataportalVisaAvverkningsanmalan/MapServer/0/query?where=Lannr%3D%2705%27+AND+ArendeAr%3D2024&outFields=Beteckn%2CLannr%2CKommunnr%2CArendeAr%2CInkomdatum%2CAnmaldHa%2CAvvHa%2CAvvSasong%2CAvverktyp&returnGeometry=false&orderByFields=Beteckn&f=json,2026-09-04T15:44:56Z,304,application/json,174685,a75aff7c08873db25d93ca111b9a607c11d99e1693f54ef0274088f78c84ddf8,"""c3d3255""",,unchanged,raw/skogsstyrelsen.harvest.notified/2026/09/20260904T141402Z-a75aff7c0887.json,not_modified,
skogsstyrelsen.harvest.notified,https://geodpags.skogsstyrelsen.se/arcgis/rest/services/Geodataportal/GeodataportalVisaAvverkningsanmalan/MapServer/0/query?where=Lannr%3D%2707%27+AND+ArendeAr%3D2022&outFields=Beteckn%2CLannr%2CKommunnr%2CArendeAr%2CInkomdatum%2CAnmaldHa%2CAvvHa%2CAvvSasong%2CAvverktyp&returnGeometry=false&orderByFields=Beteckn&f=json,2026-09-04T15:44:58Z,200,application/json,171358,83a02092bafa4cd7f6612e2709bafb1d8693ec7b02805140a1fa9ded84ac99c1,"""b0ea9b12""",,changed,raw/skogsstyrelsen.harvest.notified/2026/09/20260904T154458Z-83a02092bafa.json,,
skogsstyrelsen.harvest.notified,https://geodpags.skogsstyrelsen.se/arcgis/rest/services/Geodataportal/GeodataportalVisaAvverkningsanmalan/MapServer/0/query?where=Lannr%3D%2714%27+AND+ArendeAr%3D2021&outFields=Beteckn%2CLannr%2CKommunnr%2CArendeAr%2CInkomdatum%2CAnmaldHa%2CAvvHa%2CAvvSasong%2CAvverktyp&returnGeometry=false&orderByFields=Beteckn&f=json,2026-09-04T15:45:02Z,200,application/json,168513,aa83d0cff73b58929220ca638a4c3a54b546a49dca0cd67957b66a7c2e7db456,"""9c827881""",,changed,raw/skogsstyrelsen.harvest.notified/2026/09/20260904T154502Z-aa83d0cff73b.json,,
skogsstyrelsen.harvest.notified,https://geodpags.skogsstyrelsen.se/arcgis/rest/services/Geodataportal/GeodataportalVisaAvverkningsanmalan/MapServer/0/query?where=Lannr%3D%2704%27+AND+ArendeAr%3D2023&outFields=Beteckn%2CLannr%2CKommunnr%2CArendeAr%2CInkomdatum%2CAnmaldHa%2CAvvHa%2CAvvSasong%2CAvverktyp&returnGeometry=false&orderByFields=Beteckn&f=json,2026-09-04T15:45:05Z,304,application/json,167599,c8386be99a03834ad5c0cf186a6c100e5e4f919d31b6c26944ad3ed996dc36cb,"""46f0649""",,unchanged,raw/skogsstyrelsen.harvest.notified/2026/09/20260904T141413Z-c8386be99a03.json,not_modified,
skogsstyrelsen.harvest.notified,https://geodpags.skogsstyrelsen.se/arcgis/rest/services/Geodataportal/GeodataportalVisaAvverkningsanmalan/MapServer/0/query?where=Lannr%3D%2718%27+AND+ArendeAr%3D2026&outFields=Beteckn%2CLannr%2CKommunnr%2CArendeAr%2CInkomdatum%2CAnmaldHa%2CAvvHa%2CAvvSasong%2CAvverktyp&returnGeometry=false&orderByFields=Beteckn&f=json,2026-09-04T15:45:07Z,304,application/json,169457,52d7e9654678aaf863b025b790cf5abc9074bc841dab869d5daec26ddb5ae82e,"""5860416c""",,unchanged,raw/skogsstyrelsen.harvest.notified/2026/09/20260904T141417Z-52d7e9654678.json,not_modified,
skogsstyrelsen.harvest.notified,https://geodpags.skogsstyrelsen.se/arcgis/rest/services/Geodataportal/GeodataportalVisaAvverkningsanmalan/MapServer/0/query?where=Lannr%3D%2703%27+AND+ArendeAr%3D2026&outFields=Beteckn%2CLannr%2CKommunnr%2CArendeAr%2CInkomdatum%2CAnmaldHa%2CAvvHa%2CAvvSasong%2CAvverktyp&returnGeometry=false&orderByFields=Beteckn&f=json,2026-09-04T15:45:09Z,304,application/json,160766,6e8ea51ed4ca97d044175132ee2c5c2f8dea007dc60af03437035df48ea1ada6,"""cf9f456""",,unchanged,raw/skogsstyrelsen.harvest.notified/2026/09/20260904T141421Z-6e8ea51ed4ca.json,not_modified,
skogsstyrelsen.harvest.notified,https://geodpags.skogsstyrelsen.se/arcgis/rest/services/Geodataportal/GeodataportalVisaAvverkningsanmalan/MapServer/0/query?where=Lannr%3D%2703%27+AND+ArendeAr%3D2025&outFields=Beteckn%2CLannr%2CKommunnr%2CArendeAr%2CInkomdatum%2CAnmaldHa%2CAvvHa%2CAvvSasong%2CAvverktyp&returnGeometry=false&orderByFields=Beteckn&f=json,2026-09-04T15:45:12Z,304,application/json,159826,22152dbf38ba52a81c04e7a7d581c0e208dfe464f10375f320cab741e62bdfc9,"""6524fb60""",,unchanged,raw/skogsstyrelsen.harvest.notified/2026/09/20260904T141426Z-22152dbf38ba.json,not_modified,
skogsstyrelsen.harvest.notified,https://geodpags.skogsstyrelsen.se/arcgis/rest/services/Geodataportal/GeodataportalVisaAvverkningsanmalan/MapServer/0/query?where=Lannr%3D%2718%27+AND+ArendeAr%3D2023&outFields=Beteckn%2CLannr%2CKommunnr%2CArendeAr%2CInkomdatum%2CAnmaldHa%2CAvvHa%2CAvvSasong%2CAvverktyp&returnGeometry=false&orderByFields=Beteckn&f=json,2026-09-04T15:45:14Z,304,application/json,158162,6784cfc8c2297fa0b5a2e689864f6316a1907aa89f7cb0e05241559c274bcf6c,"""691ceb44""",,unchanged,raw/skogsstyrelsen.harvest.notified/2026/09/20260904T141431Z-6784cfc8c229.json,not_modified,
skogsstyrelsen.harvest.notified,https://geodpags.skogsstyrelsen.se/arcgis/rest/services/Geodataportal/GeodataportalVisaAvverkningsanmalan/MapServer/0/query?where=Lannr%3D%2718%27+AND+ArendeAr%3D2024&outFields=Beteckn%2CLannr%2CKommunnr%2CArendeAr%2CInkomdatum%2CAnmaldHa%2CAvvHa%2CAvvSasong%2CAvverktyp&returnGeometry=false&orderByFields=Beteckn&f=json,2026-09-04T15:45:17Z,304,application/json,159684,55a9aa6f567a0f38a95304ddea0193a9f30edbabec65d9d0a300b0f906162336,"""395d926a""",,unchanged,raw/skogsstyrelsen.harvest.notified/2026/09/20260904T141434Z-55a9aa6f567a.json,not_modified,
skogsstyrelsen.harvest.notified,https://geodpags.skogsstyrelsen.se/arcgis/rest/services/Geodataportal/GeodataportalVisaAvverkningsanmalan/MapServer/0/query?where=Lannr%3D%2712%27+AND+ArendeAr%3D2022&outFields=Beteckn%2CLannr%2CKommunnr%2CArendeAr%2CInkomdatum%2CAnmaldHa%2CAvvHa%2CAvvSasong%2CAvverktyp&returnGeometry=false&orderByFields=Beteckn&f=json,2026-09-04T15:45:19Z,200,application/json,155948,e83aeb71664b4e36759901dd2dc0ade1ee1954cf471ecabf370ca55727d087df,"""35ac2dc6""",,changed,raw/skogsstyrelsen.harvest.notified/2026/09/20260904T154519Z-e83aeb71664b.json,,
skogsstyrelsen.harvest.notified,https://geodpags.skogsstyrelsen.se/arcgis/rest/services/Geodataportal/GeodataportalVisaAvverkningsanmalan/MapServer/0/query?where=Lannr%3D%2712%27+AND+ArendeAr%3D2026&outFields=Beteckn%2CLannr%2CKommunnr%2CArendeAr%2CInkomdatum%2CAnmaldHa%2CAvvHa%2CAvvSasong%2CAvverktyp&returnGeometry=false&orderByFields=Beteckn&f=json,2026-09-04T15:45:22Z,304,application/json,153801,aae50f6be794231e396938f620b05f098427a337e579ba6a9f7ac67d035bf2f9,"""d33d45d6""",,unchanged,raw/skogsstyrelsen.harvest.notified/2026/09/20260904T141441Z-aae50f6be794.json,not_modified,
skogsstyrelsen.harvest.notified,https://geodpags.skogsstyrelsen.se/arcgis/rest/services/Geodataportal/GeodataportalVisaAvverkningsanmalan/MapServer/0/query?where=Lannr%3D%2713%27+AND+ArendeAr%3D2025&outFields=Beteckn%2CLannr%2CKommunnr%2CArendeAr%2CInkomdatum%2CAnmaldHa%2CAvvHa%2CAvvSasong%2CAvverktyp&returnGeometry=false&orderByFields=Beteckn&f=json,2026-09-04T15:45:24Z,304,application/json,148069,a9a1d850aeeb7a56fad179ee06b0e7d9efe73f4a84826e25910a00d6ef9a54d4,"""5054d7f1""",,unchanged,raw/skogsstyrelsen.harvest.notified/2026/09/20260904T141446Z-a9a1d850aeeb.json,not_modified,
skogsstyrelsen.harvest.notified,https://geodpags.skogsstyrelsen.se/arcgis/rest/services/Geodataportal/GeodataportalVisaAvverkningsanmalan/MapServer/0/query?where=Lannr%3D%2725%27+AND+ArendeAr%3D2022&outFields=Beteckn%2CLannr%2CKommunnr%2CArendeAr%2CInkomdatum%2CAnmaldHa%2CAvvHa%2CAvvSasong%2CAvverktyp&returnGeometry=false&orderByFields=Beteckn&f=json,2026-09-04T15:45:27Z,304,application/json,147055,dba3438bc6cbfcea8e196b35a88b6452abd79401ffde8e85b594296d731280c2,"""e9c718c""",,unchanged,raw/skogsstyrelsen.harvest.notified/2026/09/20260904T141450Z-dba3438bc6cb.json,not_modified,
skogsstyrelsen.harvest.notified,https://geodpags.skogsstyrelsen.se/arcgis/rest/services/Geodataportal/GeodataportalVisaAvverkningsanmalan/MapServer/0/query?where=Lannr%3D%2718%27+AND+ArendeAr%3D2025&outFields=Beteckn%2CLannr%2CKommunnr%2CArendeAr%2CInkomdatum%2CAnmaldHa%2CAvvHa%2CAvvSasong%2CAvverktyp&returnGeometry=false&orderByFields=Beteckn&f=json,2026-09-04T15:45:29Z,304,application/json,144725,ff0e7edb0d12be3c9fec3dc9085550e390da077f4c9cd8b28a57152e89d6d9aa,"""baac1617""",,unchanged,raw/skogsstyrelsen.harvest.notified/2026/09/20260904T141455Z-ff0e7edb0d12.json,not_modified,
skogsstyrelsen.harvest.notified,https://geodpags.skogsstyrelsen.se/arcgis/rest/services/Geodataportal/GeodataportalVisaAvverkningsanmalan/MapServer/0/query?where=Lannr%3D%2717%27+AND+ArendeAr%3D2021&outFields=Beteckn%2CLannr%2CKommunnr%2CArendeAr%2CInkomdatum%2CAnmaldHa%2CAvvHa%2CAvvSasong%2CAvverktyp&returnGeometry=false&orderByFields=Beteckn&f=json,2026-09-04T15:45:33Z,200,application/json,141047,78acec777dcf7ebdfc527c8e13a19ed6e28e44220d52f15d4addbf273c893467,"""f014f050""",,changed,raw/skogsstyrelsen.harvest.notified/2026/09/20260904T154533Z-78acec777dcf.json,,
skogsstyrelsen.harvest.notified,https://geodpags.skogsstyrelsen.se/arcgis/rest/services/Geodataportal/GeodataportalVisaAvverkningsanmalan/MapServer/0/query?where=Lannr%3D%2713%27+AND+ArendeAr%3D2023&outFields=Beteckn%2CLannr%2CKommunnr%2CArendeAr%2CInkomdatum%2CAnmaldHa%2CAvvHa%2CAvvSasong%2CAvverktyp&returnGeometry=false&orderByFields=Beteckn&f=json,2026-09-04T15:45:36Z,304,application/json,135637,eb98d0b62e926ae75d0b70fbcd92bf58612da79a87498ba6a6f56795f9a9c050,"""d8f8ca1c""",,unchanged,raw/skogsstyrelsen.harvest.notified/2026/09/20260904T141504Z-eb98d0b62e92.json,not_modified,
skogsstyrelsen.harvest.notified,https://geodpags.skogsstyrelsen.se/arcgis/rest/services/Geodataportal/GeodataportalVisaAvverkningsanmalan/MapServer/0/query?where=Lannr%3D%2703%27+AND+ArendeAr%3D2022&outFields=Beteckn%2CLannr%2CKommunnr%2CArendeAr%2CInkomdatum%2CAnmaldHa%2CAvvHa%2CAvvSasong%2CAvverktyp&returnGeometry=false&orderByFields=Beteckn&f=json,2026-09-04T15:45:39Z,200,application/json,130998,cc352ce5ee1805dd5b128d34ac1b2534ee6f9a6a52690f02534a0f606393c03e,"""40092b5e""",,changed,raw/skogsstyrelsen.harvest.notified/2026/09/20260904T154539Z-cc352ce5ee18.json,,
skogsstyrelsen.harvest.notified,https://geodpags.skogsstyrelsen.se/arcgis/rest/services/Geodataportal/GeodataportalVisaAvverkningsanmalan/MapServer/0/query?where=Lannr%3D%2703%27+AND+ArendeAr%3D2023&outFields=Beteckn%2CLannr%2CKommunnr%2CArendeAr%2CInkomdatum%2CAnmaldHa%2CAvvHa%2CAvvSasong%2CAvverktyp&returnGeometry=false&orderByFields=Beteckn&f=json,2026-09-04T15:45:42Z,304,application/json,130331,28bae05bb6c5d9189a97a3456520aad08e31335cfb21149d6c931deaf6d3894b,"""58443bea""",,unchanged,raw/skogsstyrelsen.harvest.notified/2026/09/20260904T141512Z-28bae05bb6c5.json,not_modified,
skogsstyrelsen.harvest.notified,https://geodpags.skogsstyrelsen.se/arcgis/rest/services/Geodataportal/GeodataportalVisaAvverkningsanmalan/MapServer/0/query?where=Lannr%3D%2718%27+AND+ArendeAr%3D2022&outFields=Beteckn%2CLannr%2CKommunnr%2CArendeAr%2CInkomdatum%2CAnmaldHa%2CAvvHa%2CAvvSasong%2CAvverktyp&returnGeometry=false&orderByFields=Beteckn&f=json,2026-09-04T15:45:45Z,304,application/json,126901,eb3195a9e192ab48a21de8f645431930438b8bf02394cb7e5a35bb5acc8092e8,"""249b606f""",,unchanged,raw/skogsstyrelsen.harvest.notified/2026/09/20260904T141516Z-eb3195a9e192.json,not_modified,
skogsstyrelsen.harvest.notified,https://geodpags.skogsstyrelsen.se/arcgis/rest/services/Geodataportal/GeodataportalVisaAvverkningsanmalan/MapServer/0/query?where=Lannr%3D%2713%27+AND+ArendeAr%3D2024&outFields=Beteckn%2CLannr%2CKommunnr%2CArendeAr%2CInkomdatum%2CAnmaldHa%2CAvvHa%2CAvvSasong%2CAvverktyp&returnGeometry=false&orderByFields=Beteckn&f=json,2026-09-04T15:45:48Z,304,application/json,118283,515ba7475884097e88c5a2178bffc321a57b6338d297bc3c1b7c70c36f311cd2,"""a990c0a5""",,unchanged,raw/skogsstyrelsen.harvest.notified/2026/09/20260904T141519Z-515ba7475884.json,not_modified,
skogsstyrelsen.harvest.notified,https://geodpags.skogsstyrelsen.se/arcgis/rest/services/Geodataportal/GeodataportalVisaAvverkningsanmalan/MapServer/0/query?where=Lannr%3D%2710%27+AND+ArendeAr%3D2023&outFields=Beteckn%2CLannr%2CKommunnr%2CArendeAr%2CInkomdatum%2CAnmaldHa%2CAvvHa%2CAvvSasong%2CAvverktyp&returnGeometry=false&orderByFields=Beteckn&f=json,2026-09-04T15:45:51Z,304,application/json,115389,8a86fed702d84a22cc1659ec206290bdad5bdcc41592f8a6ce85ac6339a16afd,"""e655ca57""",,unchanged,raw/skogsstyrelsen.harvest.notified/2026/09/20260904T141522Z-8a86fed702d8.json,not_modified,
skogsstyrelsen.harvest.notified,https://geodpags.skogsstyrelsen.se/arcgis/rest/services/Geodataportal/GeodataportalVisaAvverkningsanmalan/MapServer/0/query?where=Lannr%3D%2722%27+AND+ArendeAr%3D2021&outFields=Beteckn%2CLannr%2CKommunnr%2CArendeAr%2CInkomdatum%2CAnmaldHa%2CAvvHa%2CAvvSasong%2CAvverktyp&returnGeometry=false&orderByFields=Beteckn&f=json,2026-09-04T15:45:54Z,304,application/json,102751,f6f490e5737bae27a88dd1441b4ad64581bf35d1b1a86c2421717168640697bc,"""7149dde3""",,unchanged,raw/skogsstyrelsen.harvest.notified/2026/09/20260904T141525Z-f6f490e5737b.json,not_modified,
skogsstyrelsen.harvest.notified,https://geodpags.skogsstyrelsen.se/arcgis/rest/services/Geodataportal/GeodataportalVisaAvverkningsanmalan/MapServer/0/query?where=Lannr%3D%2719%27+AND+ArendeAr%3D2026&outFields=Beteckn%2CLannr%2CKommunnr%2CArendeAr%2CInkomdatum%2CAnmaldHa%2CAvvHa%2CAvvSasong%2CAvverktyp&returnGeometry=false&orderByFields=Beteckn&f=json,2026-09-04T15:45:57Z,304,application/json,102499,65eafce710a6ecce4055f3908e45de2fa7bf5f45a77fa92a153be81567814d3a,"""b43c252b""",,unchanged,raw/skogsstyrelsen.harvest.notified/2026/09/20260904T141529Z-65eafce710a6.json,not_modified,
skogsstyrelsen.harvest.notified,https://geodpags.skogsstyrelsen.se/arcgis/rest/services/Geodataportal/GeodataportalVisaAvverkningsanmalan/MapServer/0/query?where=Lannr%3D%2704%27+AND+ArendeAr%3D2026&outFields=Beteckn%2CLannr%2CKommunnr%2CArendeAr%2CInkomdatum%2CAnmaldHa%2CAvvHa%2CAvvSasong%2CAvverktyp&returnGeometry=false&orderByFields=Beteckn&f=json,2026-09-04T15:45:59Z,304,application/json,100445,5f0321b4ee62177443aff9577aadb424ff49c3b3937f31b784a80e398d0581a1,"""5db21038""",,unchanged,raw/skogsstyrelsen.harvest.notified/2026/09/20260904T141532Z-5f0321b4ee62.json,not_modified,
skogsstyrelsen.harvest.notified,https://geodpags.skogsstyrelsen.se/arcgis/rest/services/Geodataportal/GeodataportalVisaAvverkningsanmalan/MapServer/0/query?where=Lannr%3D%2704%27+AND+ArendeAr%3D2025&outFields=Beteckn%2CLannr%2CKommunnr%2CArendeAr%2CInkomdatum%2CAnmaldHa%2CAvvHa%2CAvvSasong%2CAvverktyp&returnGeometry=false&orderByFields=Beteckn&f=json,2026-09-04T15:46:02Z,304,application/json,99239,424d1ce6e79f239e1dd6c6dfc97f0ca2ffbc9e3aaac39d8c362f0a4c3feba097,"""617ddd75""",,unchanged,raw/skogsstyrelsen.harvest.notified/2026/09/20260904T141536Z-424d1ce6e79f.json,not_modified,
skogsstyrelsen.harvest.notified,https://geodpags.skogsstyrelsen.se/arcgis/rest/services/Geodataportal/GeodataportalVisaAvverkningsanmalan/MapServer/0/query?where=Lannr%3D%2701%27+AND+ArendeAr%3D2023&outFields=Beteckn%2CLannr%2CKommunnr%2CArendeAr%2CInkomdatum%2CAnmaldHa%2CAvvHa%2CAvvSasong%2CAvverktyp&returnGeometry=false&orderByFields=Beteckn&f=json,2026-09-04T15:46:05Z,304,application/json,96167,36e28432703a2662e2f68875ca2d19d5e7303d22e59f32d4ccf6e9dccc34e862,"""853bbcdc""",,unchanged,raw/skogsstyrelsen.harvest.notified/2026/09/20260904T141540Z-36e28432703a.json,not_modified,
skogsstyrelsen.harvest.notified,https://geodpags.skogsstyrelsen.se/arcgis/rest/services/Geodataportal/GeodataportalVisaAvverkningsanmalan/MapServer/0/query?where=Lannr%3D%2713%27+AND+ArendeAr%3D2026&outFields=Beteckn%2CLannr%2CKommunnr%2CArendeAr%2CInkomdatum%2CAnmaldHa%2CAvvHa%2CAvvSasong%2CAvverktyp&returnGeometry=false&orderByFields=Beteckn&f=json,2026-09-04T15:46:07Z,304,application/json,96742,1567128fad9326d8b3d43a425abccc1cb41940edf6844c12facfe0a9bc965728,"""77c0535e""",,unchanged,raw/skogsstyrelsen.harvest.notified/2026/09/20260904T141544Z-1567128fad93.json,not_modified,
skogsstyrelsen.harvest.notified,https://geodpags.skogsstyrelsen.se/arcgis/rest/services/Geodataportal/GeodataportalVisaAvverkningsanmalan/MapServer/0/query?where=Lannr%3D%2713%27+AND+ArendeAr%3D2022&outFields=Beteckn%2CLannr%2CKommunnr%2CArendeAr%2CInkomdatum%2CAnmaldHa%2CAvvHa%2CAvvSasong%2CAvverktyp&returnGeometry=false&orderByFields=Beteckn&f=json,2026-09-04T15:46:10Z,304,application/json,93589,fb1b8abf3523b74c11eeb1e6def0b03e1e2410df8da0c7177bdb274e39d781ca,"""bf1cc698""",,unchanged,raw/skogsstyrelsen.harvest.notified/2026/09/20260904T141549Z-fb1b8abf3523.json,not_modified,
skogsstyrelsen.harvest.notified,https://geodpags.skogsstyrelsen.se/arcgis/rest/services/Geodataportal/GeodataportalVisaAvverkningsanmalan/MapServer/0/query?where=Lannr%3D%2701%27+AND+ArendeAr%3D2022&outFields=Beteckn%2CLannr%2CKommunnr%2CArendeAr%2CInkomdatum%2CAnmaldHa%2CAvvHa%2CAvvSasong%2CAvverktyp&returnGeometry=false&orderByFields=Beteckn&f=json,2026-09-04T15:46:12Z,200,application/json,92302,30e1e538c95c80bd74f43e2a58947616133b7b6968cd788659dd170330f2feb9,"""5d0f533d""",,changed,raw/skogsstyrelsen.harvest.notified/2026/09/20260904T154612Z-30e1e538c95c.json,,
skogsstyrelsen.harvest.notified,https://geodpags.skogsstyrelsen.se/arcgis/rest/services/Geodataportal/GeodataportalVisaAvverkningsanmalan/MapServer/0/query?where=Lannr%3D%2719%27+AND+ArendeAr%3D2025&outFields=Beteckn%2CLannr%2CKommunnr%2CArendeAr%2CInkomdatum%2CAnmaldHa%2CAvvHa%2CAvvSasong%2CAvverktyp&returnGeometry=false&orderByFields=Beteckn&f=json,2026-09-04T15:46:15Z,304,application/json,92453,c7c1a2212d4cd4e6ed616fc6f982a7883af4aa43234683d65e26ae6b359a5e6a,"""9ea38b91""",,unchanged,raw/skogsstyrelsen.harvest.notified/2026/09/20260904T141557Z-c7c1a2212d4c.json,not_modified,
skogsstyrelsen.harvest.notified,https://geodpags.skogsstyrelsen.se/arcgis/rest/services/Geodataportal/GeodataportalVisaAvverkningsanmalan/MapServer/0/query?where=Lannr%3D%2703%27+AND+ArendeAr%3D2024&outFields=Beteckn%2CLannr%2CKommunnr%2CArendeAr%2CInkomdatum%2CAnmaldHa%2CAvvHa%2CAvvSasong%2CAvverktyp&returnGeometry=false&orderByFields=Beteckn&f=json,2026-09-04T15:46:17Z,304,application/json,90693,64370be39a0eb8ba2fd36e6baffac911c8710f5825d2bcb68d9bbb35d993f861,"""6333e522""",,unchanged,raw/skogsstyrelsen.harvest.notified/2026/09/20260904T141602Z-64370be39a0e.json,not_modified,
skogsstyrelsen.harvest.notified,https://geodpags.skogsstyrelsen.se/arcgis/rest/services/Geodataportal/GeodataportalVisaAvverkningsanmalan/MapServer/0/query?where=Lannr%3D%2704%27+AND+ArendeAr%3D2024&outFields=Beteckn%2CLannr%2CKommunnr%2CArendeAr%2CInkomdatum%2CAnmaldHa%2CAvvHa%2CAvvSasong%2CAvverktyp&returnGeometry=false&orderByFields=Beteckn&f=json,2026-09-04T15:46:20Z,304,application/json,90923,fa5bddaa08f3c85c417749bc4b2c1c91847f805d9efcef5f906b53f4a2016f3c,"""426c548a""",,unchanged,raw/skogsstyrelsen.harvest.notified/2026/09/20260904T141605Z-fa5bddaa08f3.json,not_modified,
skogsstyrelsen.harvest.notified,https://geodpags.skogsstyrelsen.se/arcgis/rest/services/Geodataportal/GeodataportalVisaAvverkningsanmalan/MapServer/0/query?where=Lannr%3D%2719%27+AND+ArendeAr%3D2023&outFields=Beteckn%2CLannr%2CKommunnr%2CArendeAr%2CInkomdatum%2CAnmaldHa%2CAvvHa%2CAvvSasong%2CAvverktyp&returnGeometry=false&orderByFields=Beteckn&f=json,2026-09-04T15:46:22Z,304,application/json,90493,e386535230f16f642fe15752eaaf6f91e8e638ff3dfa0a3a94f57548c8a26d32,"""ccdcd354""",,unchanged,raw/skogsstyrelsen.harvest.notified/2026/09/20260904T141608Z-e386535230f1.json,not_modified,
skogsstyrelsen.harvest.notified,https://geodpags.skogsstyrelsen.se/arcgis/rest/services/Geodataportal/GeodataportalVisaAvverkningsanmalan/MapServer/0/query?where=Lannr%3D%2710%27+AND+ArendeAr%3D2025&outFields=Beteckn%2CLannr%2CKommunnr%2CArendeAr%2CInkomdatum%2CAnmaldHa%2CAvvHa%2CAvvSasong%2CAvverktyp&returnGeometry=false&orderByFields=Beteckn&f=json,2026-09-04T15:46:25Z,304,application/json,90052,69a783f9ade668f6e1104556285bf6cf284edc65e90c5033eed3bb13e80fb360,"""155eb410""",,unchanged,raw/skogsstyrelsen.harvest.notified/2026/09/20260904T141612Z-69a783f9ade6.json,not_modified,
skogsstyrelsen.harvest.notified,https://geodpags.skogsstyrelsen.se/arcgis/rest/services/Geodataportal/GeodataportalVisaAvverkningsanmalan/MapServer/0/query?where=Lannr%3D%2708%27+AND+ArendeAr%3D2021&outFields=Beteckn%2CLannr%2CKommunnr%2CArendeAr%2CInkomdatum%2CAnmaldHa%2CAvvHa%2CAvvSasong%2CAvverktyp&returnGeometry=false&orderByFields=Beteckn&f=json,2026-09-04T15:46:28Z,200,application/json,88405,e3a30e5234881fc007d80a06c3e839a1178dfab0c29f4c6d43dba2d38e676a58,"""a83061d4""",,changed,raw/skogsstyrelsen.harvest.notified/2026/09/20260904T154628Z-e3a30e523488.json,,
skogsstyrelsen.harvest.notified,https://geodpags.skogsstyrelsen.se/arcgis/rest/services/Geodataportal/GeodataportalVisaAvverkningsanmalan/MapServer/0/query?where=Lannr%3D%2706%27+AND+ArendeAr%3D2021&outFields=Beteckn%2CLannr%2CKommunnr%2CArendeAr%2CInkomdatum%2CAnmaldHa%2CAvvHa%2CAvvSasong%2CAvverktyp&returnGeometry=false&orderByFields=Beteckn&f=json,2026-09-04T15:46:30Z,304,application/json,87817,e87aa19ef57f0726fe1590a7896bc8d6852a4028f96c409766f0bf621e2e887c,"""6ed006db""",,unchanged,raw/skogsstyrelsen.harvest.notified/2026/09/20260904T141621Z-e87aa19ef57f.json,not_modified,
skogsstyrelsen.harvest.notified,https://geodpags.skogsstyrelsen.se/arcgis/rest/services/Geodataportal/GeodataportalVisaAvverkningsanmalan/MapServer/0/query?where=Lannr%3D%2719%27+AND+ArendeAr%3D2022&outFields=Beteckn%2CLannr%2CKommunnr%2CArendeAr%2CInkomdatum%2CAnmaldHa%2CAvvHa%2CAvvSasong%2CAvverktyp&returnGeometry=false&orderByFields=Beteckn&f=json,2026-09-04T15:46:32Z,304,application/json,87912,1ce167c364e5b87aed74e6aecbcb2cf55fa6ec8c4491303d91367d8032d1124d,"""a0cd63dd""",,unchanged,raw/skogsstyrelsen.harvest.notified/2026/09/20260904T141624Z-1ce167c364e5.json,not_modified,
skogsstyrelsen.harvest.notified,https://geodpags.skogsstyrelsen.se/arcgis/rest/services/Geodataportal/GeodataportalVisaAvverkningsanmalan/MapServer/0/query?where=Lannr%3D%2723%27+AND+ArendeAr%3D2021&outFields=Beteckn%2CLannr%2CKommunnr%2CArendeAr%2CInkomdatum%2CAnmaldHa%2CAvvHa%2CAvvSasong%2CAvverktyp&returnGeometry=false&orderByFields=Beteckn&f=json,2026-09-04T15:46:35Z,304,application/json,86932,74b63aca31a23f4a4ab4a4c134ae40b3e87d5b96419bf3b45a58017e7f628709,"""5148a699""",,unchanged,raw/skogsstyrelsen.harvest.notified/2026/09/20260904T141627Z-74b63aca31a2.json,not_modified,
skogsstyrelsen.harvest.notified,https://geodpags.skogsstyrelsen.se/arcgis/rest/services/Geodataportal/GeodataportalVisaAvverkningsanmalan/MapServer/0/query?where=Lannr%3D%2720%27+AND+ArendeAr%3D2021&outFields=Beteckn%2CLannr%2CKommunnr%2CArendeAr%2CInkomdatum%2CAnmaldHa%2CAvvHa%2CAvvSasong%2CAvverktyp&returnGeometry=false&orderByFields=Beteckn&f=json,2026-09-04T15:46:37Z,304,application/json,84132,753b02ce158ffe7883f46506b08e07c80f4d5d6ab913eae5c7b0d87a89a81cd6,"""7b9b043a""",,unchanged,raw/skogsstyrelsen.harvest.notified/2026/09/20260904T141631Z-753b02ce158f.json,not_modified,
skogsstyrelsen.harvest.notified,https://geodpags.skogsstyrelsen.se/arcgis/rest/services/Geodataportal/GeodataportalVisaAvverkningsanmalan/MapServer/0/query?where=Lannr%3D%2710%27+AND+ArendeAr%3D2024&outFields=Beteckn%2CLannr%2CKommunnr%2CArendeAr%2CInkomdatum%2CAnmaldHa%2CAvvHa%2CAvvSasong%2CAvverktyp&returnGeometry=false&orderByFields=Beteckn&f=json,2026-09-04T15:46:40Z,304,application/json,82021,6c16e417cf3a68310bbfe3cef9a4f539c7946e1f30987363a087d3258f49ebe8,"""e940b6fe""",,unchanged,raw/skogsstyrelsen.harvest.notified/2026/09/20260904T141635Z-6c16e417cf3a.json,not_modified,
skogsstyrelsen.harvest.notified,https://geodpags.skogsstyrelsen.se/arcgis/rest/services/Geodataportal/GeodataportalVisaAvverkningsanmalan/MapServer/0/query?where=Lannr%3D%2724%27+AND+ArendeAr%3D2021&outFields=Beteckn%2CLannr%2CKommunnr%2CArendeAr%2CInkomdatum%2CAnmaldHa%2CAvvHa%2CAvvSasong%2CAvverktyp&returnGeometry=false&orderByFields=Beteckn&f=json,2026-09-04T15:46:42Z,304,application/json,82179,95256fba461b045b95baaf689ce8570dc96cb02663bc7d66ba94bd35c5833e9b,"""a0ea9ed1""",,unchanged,raw/skogsstyrelsen.harvest.notified/2026/09/20260904T141639Z-95256fba461b.json,not_modified,
skogsstyrelsen.harvest.notified,https://geodpags.skogsstyrelsen.se/arcgis/rest/services/Geodataportal/GeodataportalVisaAvverkningsanmalan/MapServer/0/query?where=Lannr%3D%2701%27+AND+ArendeAr%3D2025&outFields=Beteckn%2CLannr%2CKommunnr%2CArendeAr%2CInkomdatum%2CAnmaldHa%2CAvvHa%2CAvvSasong%2CAvverktyp&returnGeometry=false&orderByFields=Beteckn&f=json,2026-09-04T15:46:45Z,304,application/json,82349,7c762696139f6d5f90b2b660c7f1cec5367037a532e952967e76e945ee1a6f35,"""b4b81017""",,unchanged,raw/skogsstyrelsen.harvest.notified/2026/09/20260904T141643Z-7c762696139f.json,not_modified,
skogsstyrelsen.harvest.notified,https://geodpags.skogsstyrelsen.se/arcgis/rest/services/Geodataportal/GeodataportalVisaAvverkningsanmalan/MapServer/0/query?where=Lannr%3D%2705%27+AND+ArendeAr%3D2021&outFields=Beteckn%2CLannr%2CKommunnr%2CArendeAr%2CInkomdatum%2CAnmaldHa%2CAvvHa%2CAvvSasong%2CAvverktyp&returnGeometry=false&orderByFields=Beteckn&f=json,2026-09-04T15:46:47Z,200,application/json,80167,39bfcdfc2131040850de8d00d3c899bfd4c0b73af0f48bc0743807a1a8e4793b,"""312f6f11""",,changed,raw/skogsstyrelsen.harvest.notified/2026/09/20260904T154647Z-39bfcdfc2131.json,,
skogsstyrelsen.harvest.notified,https://geodpags.skogsstyrelsen.se/arcgis/rest/services/Geodataportal/GeodataportalVisaAvverkningsanmalan/MapServer/0/query?where=Lannr%3D%2719%27+AND+ArendeAr%3D2024&outFields=Beteckn%2CLannr%2CKommunnr%2CArendeAr%2CInkomdatum%2CAnmaldHa%2CAvvHa%2CAvvSasong%2CAvverktyp&returnGeometry=false&orderByFields=Beteckn&f=json,2026-09-04T15:46:49Z,304,application/json,80634,490206b0d76cd8cdb6732894c69a12916117f1304966094dc461d347002e203a,"""c5657a66""",,unchanged,raw/skogsstyrelsen.harvest.notified/2026/09/20260904T141649Z-490206b0d76c.json,not_modified,
skogsstyrelsen.harvest.notified,https://geodpags.skogsstyrelsen.se/arcgis/rest/services/Geodataportal/GeodataportalVisaAvverkningsanmalan/MapServer/0/query?where=Lannr%3D%2707%27+AND+ArendeAr%3D2021&outFields=Beteckn%2CLannr%2CKommunnr%2CArendeAr%2CInkomdatum%2CAnmaldHa%2CAvvHa%2CAvvSasong%2CAvverktyp&returnGeometry=false&orderByFields=Beteckn&f=json,2026-09-04T15:46:52Z,200,application/json,77710,917610264eb4339320320f85df0f4bd2bd495ae80fd2fc190dc1fab50797a025,"""43c2feca""",,changed,raw/skogsstyrelsen.harvest.notified/2026/09/20260904T154652Z-917610264eb4.json,,
skogsstyrelsen.harvest.notified,https://geodpags.skogsstyrelsen.se/arcgis/rest/services/Geodataportal/GeodataportalVisaAvverkningsanmalan/MapServer/0/query?where=Lannr%3D%2701%27+AND+ArendeAr%3D2026&outFields=Beteckn%2CLannr%2CKommunnr%2CArendeAr%2CInkomdatum%2CAnmaldHa%2CAvvHa%2CAvvSasong%2CAvverktyp&returnGeometry=false&orderByFields=Beteckn&f=json,2026-09-04T15:46:54Z,304,application/json,74608,5521f8c3f7e6165a66a748d3e321b34008dadc82985a5bbe60baaa8c3292e878,"""8ca334b7""",,unchanged,raw/skogsstyrelsen.harvest.notified/2026/09/20260904T141656Z-5521f8c3f7e6.json,not_modified,
skogsstyrelsen.harvest.notified,https://geodpags.skogsstyrelsen.se/arcgis/rest/services/Geodataportal/GeodataportalVisaAvverkningsanmalan/MapServer/0/query?where=Lannr%3D%2710%27+AND+ArendeAr%3D2022&outFields=Beteckn%2CLannr%2CKommunnr%2CArendeAr%2CInkomdatum%2CAnmaldHa%2CAvvHa%2CAvvSasong%2CAvverktyp&returnGeometry=false&orderByFields=Beteckn&f=json,2026-09-04T15:46:57Z,200,application/json,72135,1f32ee0dd63ea68405f444bf700c254759134a8a43feb03ab1450722cdce467b,"""248ea9f5""",,changed,raw/skogsstyrelsen.harvest.notified/2026/09/20260904T154657Z-1f32ee0dd63e.json,,
skogsstyrelsen.harvest.notified,https://geodpags.skogsstyrelsen.se/arcgis/rest/services/Geodataportal/GeodataportalVisaAvverkningsanmalan/MapServer/0/query?where=Lannr%3D%2704%27+AND+ArendeAr%3D2021&outFields=Beteckn%2CLannr%2CKommunnr%2CArendeAr%2CInkomdatum%2CAnmaldHa%2CAvvHa%2CAvvSasong%2CAvverktyp&returnGeometry=false&orderByFields=Beteckn&f=json,2026-09-04T15:46:59Z,200,application/json,71522,181e1a31511182029d2d013aaf9cb5fd1b086c29bedfdc9eeb029d694d92fe76,"""da8613b2""",,changed,raw/skogsstyrelsen.harvest.notified/2026/09/20260904T154659Z-181e1a315111.json,,
skogsstyrelsen.harvest.notified,https://geodpags.skogsstyrelsen.se/arcgis/rest/services/Geodataportal/GeodataportalVisaAvverkningsanmalan/MapServer/0/query?where=Lannr%3D%2710%27+AND+ArendeAr%3D2026&outFields=Beteckn%2CLannr%2CKommunnr%2CArendeAr%2CInkomdatum%2CAnmaldHa%2CAvvHa%2CAvvSasong%2CAvverktyp&returnGeometry=false&orderByFields=Beteckn&f=json,2026-09-04T15:47:02Z,304,application/json,65635,75475ac90e90b6c7aa87dcd1e049048ffabc378d8a0cbfa393ddef2fe5468457,"""8d1913bb""",,unchanged,raw/skogsstyrelsen.harvest.notified/2026/09/20260904T141705Z-75475ac90e90.json,not_modified,
skogsstyrelsen.harvest.notified,https://geodpags.skogsstyrelsen.se/arcgis/rest/services/Geodataportal/GeodataportalVisaAvverkningsanmalan/MapServer/0/query?where=Lannr%3D%2725%27+AND+ArendeAr%3D2021&outFields=Beteckn%2CLannr%2CKommunnr%2CArendeAr%2CInkomdatum%2CAnmaldHa%2CAvvHa%2CAvvSasong%2CAvverktyp&returnGeometry=false&orderByFields=Beteckn&f=json,2026-09-04T15:47:04Z,200,application/json,65388,a6f65db1b5e5a3308afd0d29b1f2ef192e3f7195adc6efdb9f58e6eb5a92fedb,"""2bb66784""",,changed,raw/skogsstyrelsen.harvest.notified/2026/09/20260904T154704Z-a6f65db1b5e5.json,,
skogsstyrelsen.harvest.notified,https://geodpags.skogsstyrelsen.se/arcgis/rest/services/Geodataportal/GeodataportalVisaAvverkningsanmalan/MapServer/0/query?where=Lannr%3D%2721%27+AND+ArendeAr%3D2021&outFields=Beteckn%2CLannr%2CKommunnr%2CArendeAr%2CInkomdatum%2CAnmaldHa%2CAvvHa%2CAvvSasong%2CAvverktyp&returnGeometry=false&orderByFields=Beteckn&f=json,2026-09-04T15:47:07Z,200,application/json,64224,c26f550558cfe03b7ee43f5f31a4791ea59ba1af9ca2db8eadf5748f0c607ce2,"""e38272ed""",,changed,raw/skogsstyrelsen.harvest.notified/2026/09/20260904T154707Z-c26f550558cf.json,,
skogsstyrelsen.harvest.notified,https://geodpags.skogsstyrelsen.se/arcgis/rest/services/Geodataportal/GeodataportalVisaAvverkningsanmalan/MapServer/0/query?where=Lannr%3D%2701%27+AND+ArendeAr%3D2024&outFields=Beteckn%2CLannr%2CKommunnr%2CArendeAr%2CInkomdatum%2CAnmaldHa%2CAvvHa%2CAvvSasong%2CAvverktyp&returnGeometry=false&orderByFields=Beteckn&f=json,2026-09-04T15:47:10Z,304,application/json,64786,ec4021ce345dcd507d05e92a4bb1daafa5b156d7b957807a6e01aa0e97541af3,"""26d0e2fb""",,unchanged,raw/skogsstyrelsen.harvest.notified/2026/09/20260904T141718Z-ec4021ce345d.json,not_modified,
skogsstyrelsen.harvest.notified,https://geodpags.skogsstyrelsen.se/arcgis/rest/services/Geodataportal/GeodataportalVisaAvverkningsanmalan/MapServer/0/query?where=Lannr%3D%2718%27+AND+ArendeAr%3D2021&outFields=Beteckn%2CLannr%2CKommunnr%2CArendeAr%2CInkomdatum%2CAnmaldHa%2CAvvHa%2CAvvSasong%2CAvverktyp&returnGeometry=false&orderByFields=Beteckn&f=json,2026-09-04T15:47:12Z,304,application/json,61811,2c8a5605cbb329a8d01b261d0ec63972e6b03429203ab686697f0e215bc96e38,"""189e8f9c""",,unchanged,raw/skogsstyrelsen.harvest.notified/2026/09/20260904T141723Z-2c8a5605cbb3.json,not_modified,
skogsstyrelsen.harvest.notified,https://geodpags.skogsstyrelsen.se/arcgis/rest/services/Geodataportal/GeodataportalVisaAvverkningsanmalan/MapServer/0/query?where=Lannr%3D%2712%27+AND+ArendeAr%3D2021&outFields=Beteckn%2CLannr%2CKommunnr%2CArendeAr%2CInkomdatum%2CAnmaldHa%2CAvvHa%2CAvvSasong%2CAvverktyp&returnGeometry=false&orderByFields=Beteckn&f=json,2026-09-04T15:47:15Z,304,application/json,53848,c9fd12e4a7cdac154f4d090d7d8cc8ce8298dfc08e917038ed72d94c7d4ef077,"""8afaa820""",,unchanged,raw/skogsstyrelsen.harvest.notified/2026/09/20260904T141727Z-c9fd12e4a7cd.json,not_modified,
skogsstyrelsen.harvest.notified,https://geodpags.skogsstyrelsen.se/arcgis/rest/services/Geodataportal/GeodataportalVisaAvverkningsanmalan/MapServer/0/query?where=Lannr%3D%2703%27+AND+ArendeAr%3D2021&outFields=Beteckn%2CLannr%2CKommunnr%2CArendeAr%2CInkomdatum%2CAnmaldHa%2CAvvHa%2CAvvSasong%2CAvverktyp&returnGeometry=false&orderByFields=Beteckn&f=json,2026-09-04T15:47:17Z,304,application/json,48712,e673392e93337df0b2b9cf16bbe2687a32b0ad6c33309934fcbaaba7814c20ea,"""b6503e33""",,unchanged,raw/skogsstyrelsen.harvest.notified/2026/09/20260904T141731Z-e673392e9333.json,not_modified,
skogsstyrelsen.harvest.notified,https://geodpags.skogsstyrelsen.se/arcgis/rest/services/Geodataportal/GeodataportalVisaAvverkningsanmalan/MapServer/0/query?where=Lannr%3D%2713%27+AND+ArendeAr%3D2021&outFields=Beteckn%2CLannr%2CKommunnr%2CArendeAr%2CInkomdatum%2CAnmaldHa%2CAvvHa%2CAvvSasong%2CAvverktyp&returnGeometry=false&orderByFields=Beteckn&f=json,2026-09-04T15:47:19Z,304,application/json,39555,2422468d8275eabf651a330861072e884f73bd731541c589773e84fcf2edd7cd,"""57ceb01e""",,unchanged,raw/skogsstyrelsen.harvest.notified/2026/09/20260904T141736Z-2422468d8275.json,not_modified,
skogsstyrelsen.harvest.notified,https://geodpags.skogsstyrelsen.se/arcgis/rest/services/Geodataportal/GeodataportalVisaAvverkningsanmalan/MapServer/0/query?where=Lannr%3D%2719%27+AND+ArendeAr%3D2021&outFields=Beteckn%2CLannr%2CKommunnr%2CArendeAr%2CInkomdatum%2CAnmaldHa%2CAvvHa%2CAvvSasong%2CAvverktyp&returnGeometry=false&orderByFields=Beteckn&f=json,2026-09-04T15:47:22Z,200,application/json,37665,f2534a92e0f53d4aab13bc45539902088adbf3fca557ab518fcc83b68fdf541b,"""c5f8e23c""",,changed,raw/skogsstyrelsen.harvest.notified/2026/09/20260904T154722Z-f2534a92e0f5.json,,
skogsstyrelsen.harvest.notified,https://geodpags.skogsstyrelsen.se/arcgis/rest/services/Geodataportal/GeodataportalVisaAvverkningsanmalan/MapServer/0/query?where=Lannr%3D%2701%27+AND+ArendeAr%3D2021&outFields=Beteckn%2CLannr%2CKommunnr%2CArendeAr%2CInkomdatum%2CAnmaldHa%2CAvvHa%2CAvvSasong%2CAvverktyp&returnGeometry=false&orderByFields=Beteckn&f=json,2026-09-04T15:47:24Z,200,application/json,31123,fe28bdb675bf8811904457cee44007e5494e56c91b45bdfa26315ca4e0d7a081,"""925101ae""",,changed,raw/skogsstyrelsen.harvest.notified/2026/09/20260904T154724Z-fe28bdb675bf.json,,
skogsstyrelsen.harvest.notified,https://geodpags.skogsstyrelsen.se/arcgis/rest/services/Geodataportal/GeodataportalVisaAvverkningsanmalan/MapServer/0/query?where=Lannr%3D%2710%27+AND+ArendeAr%3D2021&outFields=Beteckn%2CLannr%2CKommunnr%2CArendeAr%2CInkomdatum%2CAnmaldHa%2CAvvHa%2CAvvSasong%2CAvverktyp&returnGeometry=false&orderByFields=Beteckn&f=json,2026-09-04T15:47:27Z,200,application/json,28771,6786e9969458e6682f5603ede24e1f54826f1be2271d22c1c3401b012a9665af,"""fecbe52f""",,changed,raw/skogsstyrelsen.harvest.notified/2026/09/20260904T154727Z-6786e9969458.json,,
skogsstyrelsen.harvest.notified,https://geodpags.skogsstyrelsen.se/arcgis/rest/services/Geodataportal/GeodataportalVisaAvverkningsanmalan/MapServer/0/query?where=Lannr%3D%2709%27+AND+ArendeAr%3D2023&outFields=Beteckn%2CLannr%2CKommunnr%2CArendeAr%2CInkomdatum%2CAnmaldHa%2CAvvHa%2CAvvSasong%2CAvverktyp&returnGeometry=false&orderByFields=Beteckn&f=json,2026-09-04T15:47:29Z,200,application/json,27043,e2b6017958864f2ace72469305413025dd49cf30310f106d4701e66eb11484de,"""2f9316b8""",,changed,raw/skogsstyrelsen.harvest.notified/2026/09/20260904T154729Z-e2b601795886.json,,
skogsstyrelsen.harvest.notified,https://geodpags.skogsstyrelsen.se/arcgis/rest/services/Geodataportal/GeodataportalVisaAvverkningsanmalan/MapServer/0/query?where=Lannr%3D%2709%27+AND+ArendeAr%3D2024&outFields=Beteckn%2CLannr%2CKommunnr%2CArendeAr%2CInkomdatum%2CAnmaldHa%2CAvvHa%2CAvvSasong%2CAvverktyp&returnGeometry=false&orderByFields=Beteckn&f=json,2026-09-04T15:47:32Z,304,application/json,23981,b7aab79382e74630dfe8af97821a76e1522f8acf6d140106a4b60c4f5fc8ccf7,"""985ba376""",,unchanged,raw/skogsstyrelsen.harvest.notified/2026/09/20260904T141754Z-b7aab79382e7.json,not_modified,
skogsstyrelsen.harvest.notified,https://geodpags.skogsstyrelsen.se/arcgis/rest/services/Geodataportal/GeodataportalVisaAvverkningsanmalan/MapServer/0/query?where=Lannr%3D%2709%27+AND+ArendeAr%3D2025&outFields=Beteckn%2CLannr%2CKommunnr%2CArendeAr%2CInkomdatum%2CAnmaldHa%2CAvvHa%2CAvvSasong%2CAvverktyp&returnGeometry=false&orderByFields=Beteckn&f=json,2026-09-04T15:47:35Z,304,application/json,23981,0063b61b576ae8567d9a238bc0131126c9e0e9a9c054ceb25af6d3b40ffa6538,"""6332927b""",,unchanged,raw/skogsstyrelsen.harvest.notified/2026/09/20260904T141757Z-0063b61b576a.json,not_modified,
skogsstyrelsen.harvest.notified,https://geodpags.skogsstyrelsen.se/arcgis/rest/services/Geodataportal/GeodataportalVisaAvverkningsanmalan/MapServer/0/query?where=Lannr%3D%2709%27+AND+ArendeAr%3D2026&outFields=Beteckn%2CLannr%2CKommunnr%2CArendeAr%2CInkomdatum%2CAnmaldHa%2CAvvHa%2CAvvSasong%2CAvverktyp&returnGeometry=false&orderByFields=Beteckn&f=json,2026-09-04T15:47:38Z,304,application/json,16741,ca665fcba4b8a80821d9f656bc32a329430ba0df7c47ec92756eb30e0a896694,"""57747e90""",,unchanged,raw/skogsstyrelsen.harvest.notified/2026/09/20260904T141801Z-ca665fcba4b8.json,not_modified,
skogsstyrelsen.harvest.notified,https://geodpags.skogsstyrelsen.se/arcgis/rest/services/Geodataportal/GeodataportalVisaAvverkningsanmalan/MapServer/0/query?where=Lannr%3D%2709%27+AND+ArendeAr%3D2022&outFields=Beteckn%2CLannr%2CKommunnr%2CArendeAr%2CInkomdatum%2CAnmaldHa%2CAvvHa%2CAvvSasong%2CAvverktyp&returnGeometry=false&orderByFields=Beteckn&f=json,2026-09-04T15:47:40Z,200,application/json,14293,cf8077bfed6fffb24fde6e1fec9a59bd31b4be5b8cde35a8379b63e1ad0aa6e8,"""4dd03772""",,changed,raw/skogsstyrelsen.harvest.notified/2026/09/20260904T154740Z-cf8077bfed6f.json,,
skogsstyrelsen.harvest.notified,https://geodpags.skogsstyrelsen.se/arcgis/rest/services/Geodataportal/GeodataportalVisaAvverkningsanmalan/MapServer/0/query?where=Lannr%3D%2709%27+AND+ArendeAr%3D2021&outFields=Beteckn%2CLannr%2CKommunnr%2CArendeAr%2CInkomdatum%2CAnmaldHa%2CAvvHa%2CAvvSasong%2CAvverktyp&returnGeometry=false&orderByFields=Beteckn&f=json,2026-09-04T15:47:43Z,304,application/json,5975,647ca5e5d63426874e97d8e5bdc2b6cabb45e96bff034bba4f2523a2bf061520,"""7939b004""",,unchanged,raw/skogsstyrelsen.harvest.notified/2026/09/20260904T141807Z-647ca5e5d634.json,not_modified,
skogsstyrelsen.harvest.notified,https://geodpags.skogsstyrelsen.se/arcgis/rest/services/Geodataportal/GeodataportalVisaAvverkningsanmalan/MapServer/0/query?where=Lannr%3D%2721%27+AND+ArendeAr%3D2026+AND+Inkomdatum+%3C+DATE+%272026-03-01%27&outFields=Beteckn%2CLannr%2CKommunnr%2CArendeAr%2CInkomdatum%2CAnmaldHa%2CAvvHa%2CAvvSasong%2CAvverktyp&returnGeometry=false&orderByFields=Beteckn&f=json,2026-09-06T00:11:22Z,304,application/json,336123,b101e3ea9cbde9561098a762d7daa795d0aaebabf3251f266014d1a93d3626bb,"""777079ec""",,unchanged,raw/skogsstyrelsen.harvest.notified/2026/09/20260904T140442Z-b101e3ea9cbd.json,not_modified,
skogsstyrelsen.harvest.notified,https://geodpags.skogsstyrelsen.se/arcgis/rest/services/Geodataportal/GeodataportalVisaAvverkningsanmalan/MapServer/0/query?where=Lannr%3D%2721%27+AND+ArendeAr%3D2026+AND+Inkomdatum+%3E%3D+DATE+%272026-03-01%27+AND+Inkomdatum+%3C+DATE+%272026-05-01%27&outFields=Beteckn%2CLannr%2CKommunnr%2CArendeAr%2CInkomdatum%2CAnmaldHa%2CAvvHa%2CAvvSasong%2CAvverktyp&returnGeometry=false&orderByFields=Beteckn&f=json,2026-09-06T00:11:27Z,304,application/json,301194,d9d12517ff0516478ff36a730b1b9d4310cbbc88dff909d851fd8fd2e65b857f,"""144d6f5""",,unchanged,raw/skogsstyrelsen.harvest.notified/2026/09/20260904T140446Z-d9d12517ff05.json,not_modified,
skogsstyrelsen.harvest.notified,https://geodpags.skogsstyrelsen.se/arcgis/rest/services/Geodataportal/GeodataportalVisaAvverkningsanmalan/MapServer/0/query?where=Lannr%3D%2721%27+AND+ArendeAr%3D2026+AND+Inkomdatum+%3E%3D+DATE+%272026-05-01%27+AND+Inkomdatum+%3C+DATE+%272026-07-01%27&outFields=Beteckn%2CLannr%2CKommunnr%2CArendeAr%2CInkomdatum%2CAnmaldHa%2CAvvHa%2CAvvSasong%2CAvverktyp&returnGeometry=false&orderByFields=Beteckn&f=json,2026-09-06T00:11:29Z,304,application/json,190151,e7efb2ade51b38284b327529a5417ede06b843b42e8f5ddd912ba27447a25fbc,"""cbe9d0a3""",,unchanged,raw/skogsstyrelsen.harvest.notified/2026/09/20260904T140450Z-e7efb2ade51b.json,not_modified,
skogsstyrelsen.harvest.notified,https://geodpags.skogsstyrelsen.se/arcgis/rest/services/Geodataportal/GeodataportalVisaAvverkningsanmalan/MapServer/0/query?where=Lannr%3D%2721%27+AND+ArendeAr%3D2026+AND+Inkomdatum+%3E%3D+DATE+%272026-07-01%27+AND+Inkomdatum+%3C+DATE+%272026-09-01%27&outFields=Beteckn%2CLannr%2CKommunnr%2CArendeAr%2CInkomdatum%2CAnmaldHa%2CAvvHa%2CAvvSasong%2CAvverktyp&returnGeometry=false&orderByFields=Beteckn&f=json,2026-09-06T00:11:32Z,304,application/json,113242,db7bd71f21c7caed289eb839bfb80557e69361e8e128fbaaa3a57172e85f5904,"""e0f51661""",,unchanged,raw/skogsstyrelsen.harvest.notified/2026/09/20260904T140453Z-db7bd71f21c7.json,not_modified,
skogsstyrelsen.harvest.notified,https://geodpags.skogsstyrelsen.se/arcgis/rest/services/Geodataportal/GeodataportalVisaAvverkningsanmalan/MapServer/0/query?where=Lannr%3D%2721%27+AND+ArendeAr%3D2026+AND+Inkomdatum+%3E%3D+DATE+%272026-09-01%27+AND+Inkomdatum+%3C+DATE+%272026-11-01%27&outFields=Beteckn%2CLannr%2CKommunnr%2CArendeAr%2CInkomdatum%2CAnmaldHa%2CAvvHa%2CAvvSasong%2CAvverktyp&returnGeometry=false&orderByFields=Beteckn&f=json,2026-09-06T00:11:34Z,304,application/json,13555,3b26607d15e908e1aad4a8617ffd42d12d43343776e159a6509a547ab02c4a46,"""5ac393c6""",,unchanged,raw/skogsstyrelsen.harvest.notified/2026/09/20260904T140455Z-3b26607d15e9.json,not_modified,
skogsstyrelsen.harvest.notified,https://geodpags.skogsstyrelsen.se/arcgis/rest/services/Geodataportal/GeodataportalVisaAvverkningsanmalan/MapServer/0/query?where=Lannr%3D%2721%27+AND+ArendeAr%3D2026+AND+Inkomdatum+%3E%3D+DATE+%272026-11-01%27&outFields=Beteckn%2CLannr%2CKommunnr%2CArendeAr%2CInkomdatum%2CAnmaldHa%2CAvvHa%2CAvvSasong%2CAvverktyp&returnGeometry=false&orderByFields=Beteckn&f=json,2026-09-06T00:11:37Z,304,application/json,936,3d0f45d783ae7060dc59f31a43ab33b33371bcebb992b2ffbe734fab5b0bd1b8,"""e2d6243""",,unchanged,raw/skogsstyrelsen.harvest.notified/2026/09/20260904T140458Z-3d0f45d783ae.json,not_modified,
skogsstyrelsen.harvest.notified,https://geodpags.skogsstyrelsen.se/arcgis/rest/services/Geodataportal/GeodataportalVisaAvverkningsanmalan/MapServer/0/query?where=Lannr%3D%2714%27+AND+ArendeAr%3D2025+AND+Inkomdatum+%3C+DATE+%272025-03-01%27&outFields=Beteckn%2CLannr%2CKommunnr%2CArendeAr%2CInkomdatum%2CAnmaldHa%2CAvvHa%2CAvvSasong%2CAvverktyp&returnGeometry=false&orderByFields=Beteckn&f=json,2026-09-06T00:11:40Z,304,application/json,87070,805b0ec883d5a1eede3cb9663d756d9f9e1dd0de2a285bd4c36e95cc49751d16,"""95f1ce6f""",,unchanged,raw/skogsstyrelsen.harvest.notified/2026/09/20260904T140501Z-805b0ec883d5.json,not_modified,
skogsstyrelsen.harvest.notified,https://geodpags.skogsstyrelsen.se/arcgis/rest/services/Geodataportal/GeodataportalVisaAvverkningsanmalan/MapServer/0/query?where=Lannr%3D%2714%27+AND+ArendeAr%3D2025+AND+Inkomdatum+%3E%3D+DATE+%272025-03-01%27+AND+Inkomdatum+%3C+DATE+%272025-05-01%27&outFields=Beteckn%2CLannr%2CKommunnr%2CArendeAr%2CInkomdatum%2CAnmaldHa%2CAvvHa%2CAvvSasong%2CAvverktyp&returnGeometry=false&orderByFields=Beteckn&f=json,2026-09-06T00:11:42Z,304,application/json,118697,ae8c384a557d3f12b64feb1c2251f3e20ebe11acdad71c34a8b8e38f85ef64f8,"""3fbb9aac""",,unchanged,raw/skogsstyrelsen.harvest.notified/2026/09/20260904T140504Z-ae8c384a557d.json,not_modified,
skogsstyrelsen.harvest.notified,https://geodpags.skogsstyrelsen.se/arcgis/rest/services/Geodataportal/GeodataportalVisaAvverkningsanmalan/MapServer/0/query?where=Lannr%3D%2714%27+AND+ArendeAr%3D2025+AND+Inkomdatum+%3E%3D+DATE+%272025-05-01%27+AND+Inkomdatum+%3C+DATE+%272025-07-01%27&outFields=Beteckn%2CLannr%2CKommunnr%2CArendeAr%2CInkomdatum%2CAnmaldHa%2CAvvHa%2CAvvSasong%2CAvverktyp&returnGeometry=false&orderByFields=Beteckn&f=json,2026-09-06T00:11:45Z,304,application/json,117612,9708235d4bdb839efe7fb1496e0ffa9be71c192320293706ede7efd87d3b6112,"""cb44d6d8""",,unchanged,raw/skogsstyrelsen.harvest.notified/2026/09/20260904T140507Z-9708235d4bdb.json,not_modified,
skogsstyrelsen.harvest.notified,https://geodpags.skogsstyrelsen.se/arcgis/rest/services/Geodataportal/GeodataportalVisaAvverkningsanmalan/MapServer/0/query?where=Lannr%3D%2714%27+AND+ArendeAr%3D2025+AND+Inkomdatum+%3E%3D+DATE+%272025-07-01%27+AND+Inkomdatum+%3C+DATE+%272025-09-01%27&outFields=Beteckn%2CLannr%2CKommunnr%2CArendeAr%2CInkomdatum%2CAnmaldHa%2CAvvHa%2CAvvSasong%2CAvverktyp&returnGeometry=false&orderByFields=Beteckn&f=json,2026-09-06T00:11:47Z,304,application/json,82617,bc9f1d178e57431a36b0d2fe5f4d757428be8b5bf23cdd25529be50e219096b7,"""a548ca68""",,unchanged,raw/skogsstyrelsen.harvest.notified/2026/09/20260904T140509Z-bc9f1d178e57.json,not_modified,
skogsstyrelsen.harvest.notified,https://geodpags.skogsstyrelsen.se/arcgis/rest/services/Geodataportal/GeodataportalVisaAvverkningsanmalan/MapServer/0/query?where=Lannr%3D%2714%27+AND+ArendeAr%3D2025+AND+Inkomdatum+%3E%3D+DATE+%272025-09-01%27+AND+Inkomdatum+%3C+DATE+%272025-11-01%27&outFields=Beteckn%2CLannr%2CKommunnr%2CArendeAr%2CInkomdatum%2CAnmaldHa%2CAvvHa%2CAvvSasong%2CAvverktyp&returnGeometry=false&orderByFields=Beteckn&f=json,2026-09-06T00:11:50Z,304,application/json,137837,818a7645918d354797228b7a0523df248b0a81a24c817a9bd84eee907ff74094,"""2201779f""",,unchanged,raw/skogsstyrelsen.harvest.notified/2026/09/20260904T140512Z-818a7645918d.json,not_modified,
skogsstyrelsen.harvest.notified,https://geodpags.skogsstyrelsen.se/arcgis/rest/services/Geodataportal/GeodataportalVisaAvverkningsanmalan/MapServer/0/query?where=Lannr%3D%2714%27+AND+ArendeAr%3D2025+AND+Inkomdatum+%3E%3D+DATE+%272025-11-01%27&outFields=Beteckn%2CLannr%2CKommunnr%2CArendeAr%2CInkomdatum%2CAnmaldHa%2CAvvHa%2CAvvSasong%2CAvverktyp&returnGeometry=false&orderByFields=Beteckn&f=json,2026-09-06T00:11:53Z,304,application/json,114021,fcd2489fba3314e95e9617937ab1a6358f4d70c47e481d03ed51110b6c23e64a,"""7e7eb40a""",,unchanged,raw/skogsstyrelsen.harvest.notified/2026/09/20260904T140515Z-fcd2489fba33.json,not_modified,
skogsstyrelsen.harvest.notified,https://geodpags.skogsstyrelsen.se/arcgis/rest/services/Geodataportal/GeodataportalVisaAvverkningsanmalan/MapServer/0/query?where=Lannr%3D%2724%27+AND+ArendeAr%3D2025+AND+Inkomdatum+%3C+DATE+%272025-03-01%27&outFields=Beteckn%2CLannr%2CKommunnr%2CArendeAr%2CInkomdatum%2CAnmaldHa%2CAvvHa%2CAvvSasong%2CAvverktyp&returnGeometry=false&orderByFields=Beteckn&f=json,2026-09-06T00:11:55Z,304,application/json,55622,47c99e8bfa99483a95e3003eae9519306916c56dfe901821512b07a59af271ac,"""74bb7c77""",,unchanged,raw/skogsstyrelsen.harvest.notified/2026/09/20260904T140518Z-47c99e8bfa99.json,not_modified,
skogsstyrelsen.harvest.notified,https://geodpags.skogsstyrelsen.se/arcgis/rest/services/Geodataportal/GeodataportalVisaAvverkningsanmalan/MapServer/0/query?where=Lannr%3D%2724%27+AND+ArendeAr%3D2025+AND+Inkomdatum+%3E%3D+DATE+%272025-03-01%27+AND+Inkomdatum+%3C+DATE+%272025-05-01%27&outFields=Beteckn%2CLannr%2CKommunnr%2CArendeAr%2CInkomdatum%2CAnmaldHa%2CAvvHa%2CAvvSasong%2CAvverktyp&returnGeometry=false&orderByFields=Beteckn&f=json,2026-09-06T00:11:58Z,304,application/json,60712,189d801d05701bb1253fa919567857cabdfe07c5ce6f6926b049e487c955254f,"""9f6ac312""",,unchanged,raw/skogsstyrelsen.harvest.notified/2026/09/20260904T140521Z-189d801d0570.json,not_modified,
skogsstyrelsen.harvest.notified,https://geodpags.skogsstyrelsen.se/arcgis/rest/services/Geodataportal/GeodataportalVisaAvverkningsanmalan/MapServer/0/query?where=Lannr%3D%2724%27+AND+ArendeAr%3D2025+AND+Inkomdatum+%3E%3D+DATE+%272025-05-01%27+AND+Inkomdatum+%3C+DATE+%272025-07-01%27&outFields=Beteckn%2CLannr%2CKommunnr%2CArendeAr%2CInkomdatum%2CAnmaldHa%2CAvvHa%2CAvvSasong%2CAvverktyp&returnGeometry=false&orderByFields=Beteckn&f=json,2026-09-06T00:12:00Z,304,application/json,99437,d131823163b500fc4327901b4d713836b23308d50acbbacfad2b4d1ca8e183a3,"""d9f067""",,unchanged,raw/skogsstyrelsen.harvest.notified/2026/09/20260904T140524Z-d131823163b5.json,not_modified,
skogsstyrelsen.harvest.notified,https://geodpags.skogsstyrelsen.se/arcgis/rest/services/Geodataportal/GeodataportalVisaAvverkningsanmalan/MapServer/0/query?where=Lannr%3D%2724%27+AND+ArendeAr%3D2025+AND+Inkomdatum+%3E%3D+DATE+%272025-07-01%27+AND+Inkomdatum+%3C+DATE+%272025-09-01%27&outFields=Beteckn%2CLannr%2CKommunnr%2CArendeAr%2CInkomdatum%2CAnmaldHa%2CAvvHa%2CAvvSasong%2CAvverktyp&returnGeometry=false&orderByFields=Beteckn&f=json,2026-09-06T00:12:03Z,304,application/json,101374,154d1fe673b4806900e03f4a8fab97adc25982b52acf6a9b1aae4acd16cb0e69,"""69e4ab74""",,unchanged,raw/skogsstyrelsen.harvest.notified/2026/09/20260904T140526Z-154d1fe673b4.json,not_modified,
skogsstyrelsen.harvest.notified,https://geodpags.skogsstyrelsen.se/arcgis/rest/services/Geodataportal/GeodataportalVisaAvverkningsanmalan/MapServer/0/query?where=Lannr%3D%2724%27+AND+ArendeAr%3D2025+AND+Inkomdatum+%3E%3D+DATE+%272025-09-01%27+AND+Inkomdatum+%3C+DATE+%272025-11-01%27&outFields=Beteckn%2CLannr%2CKommunnr%2CArendeAr%2CInkomdatum%2CAnmaldHa%2CAvvHa%2CAvvSasong%2CAvverktyp&returnGeometry=false&orderByFields=Beteckn&f=json,2026-09-06T00:12:05Z,304,application/json,148246,1945b7564e6a32de6c85bb1e5a520d61f068672fca84200f87c65e91c92e1056,"""5e6d08a0""",,unchanged,raw/skogsstyrelsen.harvest.notified/2026/09/20260904T140529Z-1945b7564e6a.json,not_modified,
skogsstyrelsen.harvest.notified,https://geodpags.skogsstyrelsen.se/arcgis/rest/services/Geodataportal/GeodataportalVisaAvverkningsanmalan/MapServer/0/query?where=Lannr%3D%2724%27+AND+ArendeAr%3D2025+AND+Inkomdatum+%3E%3D+DATE+%272025-11-01%27&outFields=Beteckn%2CLannr%2CKommunnr%2CArendeAr%2CInkomdatum%2CAnmaldHa%2CAvvHa%2CAvvSasong%2CAvverktyp&returnGeometry=false&orderByFields=Beteckn&f=json,2026-09-06T00:12:08Z,304,application/json,145664,f5d49e2df0cefb7233085cee97bb819eef2a805e7ebc688f18893487d9ce6bf3,"""a5e65fd6""",,unchanged,raw/skogsstyrelsen.harvest.notified/2026/09/20260904T140534Z-f5d49e2df0ce.json,not_modified,
skogsstyrelsen.harvest.notified,https://geodpags.skogsstyrelsen.se/arcgis/rest/services/Geodataportal/GeodataportalVisaAvverkningsanmalan/MapServer/0/query?where=Lannr%3D%2720%27+AND+ArendeAr%3D2026+AND+Inkomdatum+%3C+DATE+%272026-03-01%27&outFields=Beteckn%2CLannr%2CKommunnr%2CArendeAr%2CInkomdatum%2CAnmaldHa%2CAvvHa%2CAvvSasong%2CAvverktyp&returnGeometry=false&orderByFields=Beteckn&f=json,2026-09-06T00:12:11Z,304,application/json,189933,c3cbddb54c01fb7989ba028a7826c456940e125a2b6a7d09ef33554322153e7c,"""195e5a30""",,unchanged,raw/skogsstyrelsen.harvest.notified/2026/09/20260904T140538Z-c3cbddb54c01.json,not_modified,
skogsstyrelsen.harvest.notified,https://geodpags.skogsstyrelsen.se/arcgis/rest/services/Geodataportal/GeodataportalVisaAvverkningsanmalan/MapServer/0/query?where=Lannr%3D%2720%27+AND+ArendeAr%3D2026+AND+Inkomdatum+%3E%3D+DATE+%272026-03-01%27+AND+Inkomdatum+%3C+DATE+%272026-05-01%27&outFields=Beteckn%2CLannr%2CKommunnr%2CArendeAr%2CInkomdatum%2CAnmaldHa%2CAvvHa%2CAvvSasong%2CAvverktyp&returnGeometry=false&orderByFields=Beteckn&f=json,2026-09-06T00:12:13Z,304,application/json,157413,b9e0c43eb56677ba4fdd09b5a5880a554d1926c61d89837bfdb05bc036c7616e,"""7a9b031e""",,unchanged,raw/skogsstyrelsen.harvest.notified/2026/09/20260904T140543Z-b9e0c43eb566.json,not_modified,
skogsstyrelsen.harvest.notified,https://geodpags.skogsstyrelsen.se/arcgis/rest/services/Geodataportal/GeodataportalVisaAvverkningsanmalan/MapServer/0/query?where=Lannr%3D%2720%27+AND+ArendeAr%3D2026+AND+Inkomdatum+%3E%3D+DATE+%272026-05-01%27+AND+Inkomdatum+%3C+DATE+%272026-07-01%27&outFields=Beteckn%2CLannr%2CKommunnr%2CArendeAr%2CInkomdatum%2CAnmaldHa%2CAvvHa%2CAvvSasong%2CAvverktyp&returnGeometry=false&orderByFields=Beteckn&f=json,2026-09-06T00:12:16Z,304,application/json,161574,b8910581afd858f8092f5d5cd054d437a8fdcdb876311051a65d54a9ee7564f9,"""e9f532bd""",,unchanged,raw/skogsstyrelsen.harvest.notified/2026/09/20260904T140547Z-b8910581afd8.json,not_modified,
skogsstyrelsen.harvest.notified,https://geodpags.skogsstyrelsen.se/arcgis/rest/services/Geodataportal/GeodataportalVisaAvverkningsanmalan/MapServer/0/query?where=Lannr%3D%2720%27+AND+ArendeAr%3D2026+AND+Inkomdatum+%3E%3D+DATE+%272026-07-01%27+AND+Inkomdatum+%3C+DATE+%272026-09-01%27&outFields=Beteckn%2CLannr%2CKommunnr%2CArendeAr%2CInkomdatum%2CAnmaldHa%2CAvvHa%2CAvvSasong%2CAvverktyp&returnGeometry=false&orderByFields=Beteckn&f=json,2026-09-06T00:12:18Z,304,application/json,88551,24b8b2f1c4a27e00d325952ca8c0e7e9fffba6fcd63433d513cbfcd06f9398ca,"""9aecae29""",,unchanged,raw/skogsstyrelsen.harvest.notified/2026/09/20260904T140550Z-24b8b2f1c4a2.json,not_modified,
skogsstyrelsen.harvest.notified,https://geodpags.skogsstyrelsen.se/arcgis/rest/services/Geodataportal/GeodataportalVisaAvverkningsanmalan/MapServer/0/query?where=Lannr%3D%2720%27+AND+ArendeAr%3D2026+AND+Inkomdatum+%3E%3D+DATE+%272026-09-01%27+AND+Inkomdatum+%3C+DATE+%272026-11-01%27&outFields=Beteckn%2CLannr%2CKommunnr%2CArendeAr%2CInkomdatum%2CAnmaldHa%2CAvvHa%2CAvvSasong%2CAvverktyp&returnGeometry=false&orderByFields=Beteckn&f=json,2026-09-06T00:12:21Z,304,application/json,9355,8ddda4815def1085b13e12f30ae39cd77234286e5c55ad079f7a78d5176b4787,"""72846ff6""",,unchanged,raw/skogsstyrelsen.harvest.notified/2026/09/20260904T140553Z-8ddda4815def.json,not_modified,
skogsstyrelsen.harvest.notified,https://geodpags.skogsstyrelsen.se/arcgis/rest/services/Geodataportal/GeodataportalVisaAvverkningsanmalan/MapServer/0/query?where=Lannr%3D%2720%27+AND+ArendeAr%3D2026+AND+Inkomdatum+%3E%3D+DATE+%272026-11-01%27&outFields=Beteckn%2CLannr%2CKommunnr%2CArendeAr%2CInkomdatum%2CAnmaldHa%2CAvvHa%2CAvvSasong%2CAvverktyp&returnGeometry=false&orderByFields=Beteckn&f=json,2026-09-06T00:12:23Z,304,application/json,936,3d0f45d783ae7060dc59f31a43ab33b33371bcebb992b2ffbe734fab5b0bd1b8,"""e2d6243""",,unchanged,raw/skogsstyrelsen.harvest.notified/2026/09/20260904T140557Z-3d0f45d783ae.json,not_modified,
skogsstyrelsen.harvest.notified,https://geodpags.skogsstyrelsen.se/arcgis/rest/services/Geodataportal/GeodataportalVisaAvverkningsanmalan/MapServer/0/query?where=Lannr%3D%2722%27+AND+ArendeAr%3D2025+AND+Inkomdatum+%3C+DATE+%272025-03-01%27&outFields=Beteckn%2CLannr%2CKommunnr%2CArendeAr%2CInkomdatum%2CAnmaldHa%2CAvvHa%2CAvvSasong%2CAvverktyp&returnGeometry=false&orderByFields=Beteckn&f=json,2026-09-06T00:12:26Z,304,application/json,55273,0ccf330e7684889de48941458f6427858c18249c2093d350ccf87f26579255d3,"""339b794b""",,unchanged,raw/skogsstyrelsen.harvest.notified/2026/09/20260904T140600Z-0ccf330e7684.json,not_modified,
skogsstyrelsen.harvest.notified,https://geodpags.skogsstyrelsen.se/arcgis/rest/services/Geodataportal/GeodataportalVisaAvverkningsanmalan/MapServer/0/query?where=Lannr%3D%2722%27+AND+ArendeAr%3D2025+AND+Inkomdatum+%3E%3D+DATE+%272025-03-01%27+AND+Inkomdatum+%3C+DATE+%272025-05-01%27&outFields=Beteckn%2CLannr%2CKommunnr%2CArendeAr%2CInkomdatum%2CAnmaldHa%2CAvvHa%2CAvvSasong%2CAvverktyp&returnGeometry=false&orderByFields=Beteckn&f=json,2026-09-06T00:12:28Z,304,application/json,69858,bb7f5a30fb406dfa739a0c64db08f20c474694efb33f953b766e84ea72ed06ae,"""689ff988""",,unchanged,raw/skogsstyrelsen.harvest.notified/2026/09/20260904T140604Z-bb7f5a30fb40.json,not_modified,
skogsstyrelsen.harvest.notified,https://geodpags.skogsstyrelsen.se/arcgis/rest/services/Geodataportal/GeodataportalVisaAvverkningsanmalan/MapServer/0/query?where=Lannr%3D%2722%27+AND+ArendeAr%3D2025+AND+Inkomdatum+%3E%3D+DATE+%272025-05-01%27+AND+Inkomdatum+%3C+DATE+%272025-07-01%27&outFields=Beteckn%2CLannr%2CKommunnr%2CArendeAr%2CInkomdatum%2CAnmaldHa%2CAvvHa%2CAvvSasong%2CAvverktyp&returnGeometry=false&orderByFields=Beteckn&f=json,2026-09-06T00:12:31Z,304,application/json,112930,535211af0d797ff9d55072bb5ec0608c14cfc301717e5df3efda622a7e74f482,"""d1986b29""",,unchanged,raw/skogsstyrelsen.harvest.notified/2026/09/20260904T140609Z-535211af0d79.json,not_modified,
skogsstyrelsen.harvest.notified,https://geodpags.skogsstyrelsen.se/arcgis/rest/services/Geodataportal/GeodataportalVisaAvverkningsanmalan/MapServer/0/query?where=Lannr%3D%2722%27+AND+ArendeAr%3D2025+AND+Inkomdatum+%3E%3D+DATE+%272025-07-01%27+AND+Inkomdatum+%3C+DATE+%272025-09-01%27&outFields=Beteckn%2CLannr%2CKommunnr%2CArendeAr%2CInkomdatum%2CAnmaldHa%2CAvvHa%2CAvvSasong%2CAvverktyp&returnGeometry=false&orderByFields=Beteckn&f=json,2026-09-06T00:12:33Z,304,application/json,91612,5645081d616121ee768bd753d4c8730a61403a7e6aff20c6c53f83f3dcec6419,"""aa9f149b""",,unchanged,raw/skogsstyrelsen.harvest.notified/2026/09/20260904T140612Z-5645081d6161.json,not_modified,
skogsstyrelsen.harvest.notified,https://geodpags.skogsstyrelsen.se/arcgis/rest/services/Geodataportal/GeodataportalVisaAvverkningsanmalan/MapServer/0/query?where=Lannr%3D%2722%27+AND+ArendeAr%3D2025+AND+Inkomdatum+%3E%3D+DATE+%272025-09-01%27+AND+Inkomdatum+%3C+DATE+%272025-11-01%27&outFields=Beteckn%2CLannr%2CKommunnr%2CArendeAr%2CInkomdatum%2CAnmaldHa%2CAvvHa%2CAvvSasong%2CAvverktyp&returnGeometry=false&orderByFields=Beteckn&f=json,2026-09-06T00:12:35Z,304,application/json,136317,a6a0f0c7c8404fcaeb3453f7cdc9fbcc762ae1b71d011b34cf03adb2e1ba750c,"""3a2dac6a""",,unchanged,raw/skogsstyrelsen.harvest.notified/2026/09/20260904T140615Z-a6a0f0c7c840.json,not_modified,
skogsstyrelsen.harvest.notified,https://geodpags.skogsstyrelsen.se/arcgis/rest/services/Geodataportal/GeodataportalVisaAvverkningsanmalan/MapServer/0/query?where=Lannr%3D%2722%27+AND+ArendeAr%3D2025+AND+Inkomdatum+%3E%3D+DATE+%272025-11-01%27&outFields=Beteckn%2CLannr%2CKommunnr%2CArendeAr%2CInkomdatum%2CAnmaldHa%2CAvvHa%2CAvvSasong%2CAvverktyp&returnGeometry=false&orderByFields=Beteckn&f=json,2026-09-06T00:12:38Z,304,application/json,133224,c7196ed437086ca8f740f9166a7defa2509928189d9412938463e6b90fee7604,"""d98f538""",,unchanged,raw/skogsstyrelsen.harvest.notified/2026/09/20260904T140619Z-c7196ed43708.json,not_modified,
skogsstyrelsen.harvest.notified,https://geodpags.skogsstyrelsen.se/arcgis/rest/services/Geodataportal/GeodataportalVisaAvverkningsanmalan/MapServer/0/query?where=Lannr%3D%2723%27+AND+ArendeAr%3D2025+AND+Inkomdatum+%3C+DATE+%272025-04-01%27&outFields=Beteckn%2CLannr%2CKommunnr%2CArendeAr%2CInkomdatum%2CAnmaldHa%2CAvvHa%2CAvvSasong%2CAvverktyp&returnGeometry=false&orderByFields=Beteckn&f=json,2026-09-06T00:12:40Z,304,application/json,93455,9b084d3eab012bc6770979141bed839139743c7d17cae06b9d50b256689e5a93,"""932e4f55""",,unchanged,raw/skogsstyrelsen.harvest.notified/2026/09/20260904T140622Z-9b084d3eab01.json,not_modified,
skogsstyrelsen.harvest.notified,https://geodpags.skogsstyrelsen.se/arcgis/rest/services/Geodataportal/GeodataportalVisaAvverkningsanmalan/MapServer/0/query?where=Lannr%3D%2723%27+AND+ArendeAr%3D2025+AND+Inkomdatum+%3E%3D+DATE+%272025-04-01%27+AND+Inkomdatum+%3C+DATE+%272025-07-01%27&outFields=Beteckn%2CLannr%2CKommunnr%2CArendeAr%2CInkomdatum%2CAnmaldHa%2CAvvHa%2CAvvSasong%2CAvverktyp&returnGeometry=false&orderByFields=Beteckn&f=json,2026-09-06T00:12:43Z,304,application/json,138584,71e4b53b16f2f20d9a405c51620b172e72d4c430ca2ba1a11b623f1f19342e78,"""4bb503a6""",,unchanged,raw/skogsstyrelsen.harvest.notified/2026/09/20260904T140625Z-71e4b53b16f2.json,not_modified,
skogsstyrelsen.harvest.notified,https://geodpags.skogsstyrelsen.se/arcgis/rest/services/Geodataportal/GeodataportalVisaAvverkningsanmalan/MapServer/0/query?where=Lannr%3D%2723%27+AND+ArendeAr%3D2025+AND+Inkomdatum+%3E%3D+DATE+%272025-07-01%27+AND+Inkomdatum+%3C+DATE+%272025-10-01%27&outFields=Beteckn%2CLannr%2CKommunnr%2CArendeAr%2CInkomdatum%2CAnmaldHa%2CAvvHa%2CAvvSasong%2CAvverktyp&returnGeometry=false&orderByFields=Beteckn&f=json,2026-09-06T00:12:45Z,304,application/json,160145,888fc862d4d86c3f8a5c9cd6ea6b7988a38ccccd029d5d580177a9cee333a9a6,"""8414f4cd""",,unchanged,raw/skogsstyrelsen.harvest.notified/2026/09/20260904T140629Z-888fc862d4d8.json,not_modified,
skogsstyrelsen.harvest.notified,https://geodpags.skogsstyrelsen.se/arcgis/rest/services/Geodataportal/GeodataportalVisaAvverkningsanmalan/MapServer/0/query?where=Lannr%3D%2723%27+AND+ArendeAr%3D2025+AND+Inkomdatum+%3E%3D+DATE+%272025-10-01%27&outFields=Beteckn%2CLannr%2CKommunnr%2CArendeAr%2CInkomdatum%2CAnmaldHa%2CAvvHa%2CAvvSasong%2CAvverktyp&returnGeometry=false&orderByFields=Beteckn&f=json,2026-09-06T00:12:48Z,304,application/json,194762,a724c5ab52592017854ee24e1ce5bc3dbbc84cd6dcc0c64f6512d32805015f71,"""785a1eba""",,unchanged,raw/skogsstyrelsen.harvest.notified/2026/09/20260904T140633Z-a724c5ab5259.json,not_modified,
skogsstyrelsen.harvest.notified,https://geodpags.skogsstyrelsen.se/arcgis/rest/services/Geodataportal/GeodataportalVisaAvverkningsanmalan/MapServer/0/query?where=Lannr%3D%2717%27+AND+ArendeAr%3D2025+AND+Inkomdatum+%3C+DATE+%272025-04-01%27&outFields=Beteckn%2CLannr%2CKommunnr%2CArendeAr%2CInkomdatum%2CAnmaldHa%2CAvvHa%2CAvvSasong%2CAvverktyp&returnGeometry=false&orderByFields=Beteckn&f=json,2026-09-06T00:12:50Z,304,application/json,118294,e1ffc661e3d00c2d1a8201b106860e6c51629f70a8a5f415adcc5e84d7bc1dbb,"""da5ba9ce""",,unchanged,raw/skogsstyrelsen.harvest.notified/2026/09/20260904T140637Z-e1ffc661e3d0.json,not_modified,
skogsstyrelsen.harvest.notified,https://geodpags.skogsstyrelsen.se/arcgis/rest/services/Geodataportal/GeodataportalVisaAvverkningsanmalan/MapServer/0/query?where=Lannr%3D%2717%27+AND+ArendeAr%3D2025+AND+Inkomdatum+%3E%3D+DATE+%272025-04-01%27+AND+Inkomdatum+%3C+DATE+%272025-07-01%27&outFields=Beteckn%2CLannr%2CKommunnr%2CArendeAr%2CInkomdatum%2CAnmaldHa%2CAvvHa%2CAvvSasong%2CAvverktyp&returnGeometry=false&orderByFields=Beteckn&f=json,2026-09-06T00:12:53Z,304,application/json,140373,383450b6e18f797f942395fe0385517c924bff110859f927aa44cad3e87fb840,"""abe318d1""",,unchanged,raw/skogsstyrelsen.harvest.notified/2026/09/20260904T140640Z-383450b6e18f.json,not_modified,
skogsstyrelsen.harvest.notified,https://geodpags.skogsstyrelsen.se/arcgis/rest/services/Geodataportal/GeodataportalVisaAvverkningsanmalan/MapServer/0/query?where=Lannr%3D%2717%27+AND+ArendeAr%3D2025+AND+Inkomdatum+%3E%3D+DATE+%272025-07-01%27+AND+Inkomdatum+%3C+DATE+%272025-10-01%27&outFields=Beteckn%2CLannr%2CKommunnr%2CArendeAr%2CInkomdatum%2CAnmaldHa%2CAvvHa%2CAvvSasong%2CAvverktyp&returnGeometry=false&orderByFields=Beteckn&f=json,2026-09-06T00:12:55Z,304,application/json,131170,2938e90aea360f3c09a0ecf705bc5ba956f8a9bf51e5785a23e4c52bd7c160a4,"""aea6cd15""",,unchanged,raw/skogsstyrelsen.harvest.notified/2026/09/20260904T140643Z-2938e90aea36.json,not_modified,
skogsstyrelsen.harvest.notified,https://geodpags.skogsstyrelsen.se/arcgis/rest/services/Geodataportal/GeodataportalVisaAvverkningsanmalan/MapServer/0/query?where=Lannr%3D%2717%27+AND+ArendeAr%3D2025+AND+Inkomdatum+%3E%3D+DATE+%272025-10-01%27&outFields=Beteckn%2CLannr%2CKommunnr%2CArendeAr%2CInkomdatum%2CAnmaldHa%2CAvvHa%2CAvvSasong%2CAvverktyp&returnGeometry=false&orderByFields=Beteckn&f=json,2026-09-06T00:12:57Z,304,application/json,169331,1f0e89432b0e702253468a05b96bc0a29b7f063073a3cbde38e87508a2f54b2f,"""1e27e8e8""",,unchanged,raw/skogsstyrelsen.harvest.notified/2026/09/20260904T140645Z-1f0e89432b0e.json,not_modified,
skogsstyrelsen.harvest.notified,https://geodpags.skogsstyrelsen.se/arcgis/rest/services/Geodataportal/GeodataportalVisaAvverkningsanmalan/MapServer/0/query?where=Lannr%3D%2714%27+AND+ArendeAr%3D2023+AND+Inkomdatum+%3C+DATE+%272023-04-01%27&outFields=Beteckn%2CLannr%2CKommunnr%2CArendeAr%2CInkomdatum%2CAnmaldHa%2CAvvHa%2CAvvSasong%2CAvverktyp&returnGeometry=false&orderByFields=Beteckn&f=json,2026-09-06T00:13:00Z,304,application/json,123946,02e47122764f0b9e48f09658d0b0ae1d45b1f56ce8f564471f4aedfc3de487b3,"""16bbbd32""",,unchanged,raw/skogsstyrelsen.harvest.notified/2026/09/20260904T140648Z-02e47122764f.json,not_modified,
skogsstyrelsen.harvest.notified,https://geodpags.skogsstyrelsen.se/arcgis/rest/services/Geodataportal/GeodataportalVisaAvverkningsanmalan/MapServer/0/query?where=Lannr%3D%2714%27+AND+ArendeAr%3D2023+AND+Inkomdatum+%3E%3D+DATE+%272023-04-01%27+AND+Inkomdatum+%3C+DATE+%272023-07-01%27&outFields=Beteckn%2CLannr%2CKommunnr%2CArendeAr%2CInkomdatum%2CAnmaldHa%2CAvvHa%2CAvvSasong%2CAvverktyp&returnGeometry=false&orderByFields=Beteckn&f=json,2026-09-06T00:13:02Z,304,application/json,109095,8fe96b6516fc70ee15170b7c4177d431970aa5295ecc1db7202bf348216434b6,"""cc46bb16""",,unchanged,raw/skogsstyrelsen.harvest.notified/2026/09/20260904T140651Z-8fe96b6516fc.json,not_modified,
skogsstyrelsen.harvest.notified,https://geodpags.skogsstyrelsen.se/arcgis/rest/services/Geodataportal/GeodataportalVisaAvverkningsanmalan/MapServer/0/query?where=Lannr%3D%2714%27+AND+ArendeAr%3D2023+AND+Inkomdatum+%3E%3D+DATE+%272023-07-01%27+AND+Inkomdatum+%3C+DATE+%272023-10-01%27&outFields=Beteckn%2CLannr%2CKommunnr%2CArendeAr%2CInkomdatum%2CAnmaldHa%2CAvvHa%2CAvvSasong%2CAvverktyp&returnGeometry=false&orderByFields=Beteckn&f=json,2026-09-06T00:13:05Z,304,application/json,140351,f9549fd0b7bf658a2e8f512a4c4fbafde4f740c5ac41827faf771eb5b94c12c3,"""adba9765""",,unchanged,raw/skogsstyrelsen.harvest.notified/2026/09/20260904T140654Z-f9549fd0b7bf.json,not_modified,
skogsstyrelsen.harvest.notified,https://geodpags.skogsstyrelsen.se/arcgis/rest/services/Geodataportal/GeodataportalVisaAvverkningsanmalan/MapServer/0/query?where=Lannr%3D%2714%27+AND+ArendeAr%3D2023+AND+Inkomdatum+%3E%3D+DATE+%272023-10-01%27&outFields=Beteckn%2CLannr%2CKommunnr%2CArendeAr%2CInkomdatum%2CAnmaldHa%2CAvvHa%2CAvvSasong%2CAvverktyp&returnGeometry=false&orderByFields=Beteckn&f=json,2026-09-06T00:13:08Z,304,application/json,157625,d78290d9fb0c603fbadabd30942f664896b8c4ce61b72555c75a0f0b7df7a68f,"""eddebdc9""",,unchanged,raw/skogsstyrelsen.harvest.notified/2026/09/20260904T153956Z-d78290d9fb0c.json,not_modified,
skogsstyrelsen.harvest.notified,https://geodpags.skogsstyrelsen.se/arcgis/rest/services/Geodataportal/GeodataportalVisaAvverkningsanmalan/MapServer/0/query?where=Lannr%3D%2724%27+AND+ArendeAr%3D2026+AND+Inkomdatum+%3C+DATE+%272026-04-01%27&outFields=Beteckn%2CLannr%2CKommunnr%2CArendeAr%2CInkomdatum%2CAnmaldHa%2CAvvHa%2CAvvSasong%2CAvverktyp&returnGeometry=false&orderByFields=Beteckn&f=json,2026-09-06T00:13:10Z,304,application/json,126710,e2daf494b83c8e35885162f4fe324e0a8c889294379096f4b8a1731146325cf4,"""37da06ac""",,unchanged,raw/skogsstyrelsen.harvest.notified/2026/09/20260904T140701Z-e2daf494b83c.json,not_modified,
skogsstyrelsen.harvest.notified,https://geodpags.skogsstyrelsen.se/arcgis/rest/services/Geodataportal/GeodataportalVisaAvverkningsanmalan/MapServer/0/query?where=Lannr%3D%2724%27+AND+ArendeAr%3D2026+AND+Inkomdatum+%3E%3D+DATE+%272026-04-01%27+AND+Inkomdatum+%3C+DATE+%272026-07-01%27&outFields=Beteckn%2CLannr%2CKommunnr%2CArendeAr%2CInkomdatum%2CAnmaldHa%2CAvvHa%2CAvvSasong%2CAvverktyp&returnGeometry=false&orderByFields=Beteckn&f=json,2026-09-06T00:13:13Z,304,application/json,219230,3c266f0829907fadee10cdc3211c3c45a5375eb7f3674eefda105b12f0f86e91,"""e736fd27""",,unchanged,raw/skogsstyrelsen.harvest.notified/2026/09/20260904T140704Z-3c266f082990.json,not_modified,
skogsstyrelsen.harvest.notified,https://geodpags.skogsstyrelsen.se/arcgis/rest/services/Geodataportal/GeodataportalVisaAvverkningsanmalan/MapServer/0/query?where=Lannr%3D%2724%27+AND+ArendeAr%3D2026+AND+Inkomdatum+%3E%3D+DATE+%272026-07-01%27+AND+Inkomdatum+%3C+DATE+%272026-10-01%27&outFields=Beteckn%2CLannr%2CKommunnr%2CArendeAr%2CInkomdatum%2CAnmaldHa%2CAvvHa%2CAvvSasong%2CAvverktyp&returnGeometry=false&orderByFields=Beteckn&f=json,2026-09-06T00:13:15Z,200,application/json,188641,f30dd333f79e2d0b6865d2ac44938865cd792be117c545c9431e3b508cd5776a,"""d714ce83""",,changed,raw/skogsstyrelsen.harvest.notified/2026/09/20260906T001315Z-f30dd333f79e.json,,
skogsstyrelsen.harvest.notified,https://geodpags.skogsstyrelsen.se/arcgis/rest/services/Geodataportal/GeodataportalVisaAvverkningsanmalan/MapServer/0/query?where=Lannr%3D%2724%27+AND+ArendeAr%3D2026+AND+Inkomdatum+%3E%3D+DATE+%272026-10-01%27&outFields=Beteckn%2CLannr%2CKommunnr%2CArendeAr%2CInkomdatum%2CAnmaldHa%2CAvvHa%2CAvvSasong%2CAvverktyp&returnGeometry=false&orderByFields=Beteckn&f=json,2026-09-06T00:13:18Z,304,application/json,936,3d0f45d783ae7060dc59f31a43ab33b33371bcebb992b2ffbe734fab5b0bd1b8,"""e2d6243""",,unchanged,raw/skogsstyrelsen.harvest.notified/2026/09/20260904T140709Z-3d0f45d783ae.json,not_modified,
skogsstyrelsen.harvest.notified,https://geodpags.skogsstyrelsen.se/arcgis/rest/services/Geodataportal/GeodataportalVisaAvverkningsanmalan/MapServer/0/query?where=Lannr%3D%2721%27+AND+ArendeAr%3D2025+AND+Inkomdatum+%3C+DATE+%272025-04-01%27&outFields=Beteckn%2CLannr%2CKommunnr%2CArendeAr%2CInkomdatum%2CAnmaldHa%2CAvvHa%2CAvvSasong%2CAvverktyp&returnGeometry=false&orderByFields=Beteckn&f=json,2026-09-06T00:13:20Z,304,application/json,76057,ad379cd756aeec4d51e129595d7ddd34336d51fed81047f9d705940cc9e4f22c,"""a2c2361d""",,unchanged,raw/skogsstyrelsen.harvest.notified/2026/09/20260904T140712Z-ad379cd756ae.json,not_modified,
skogsstyrelsen.harvest.notified,https://geodpags.skogsstyrelsen.se/arcgis/rest/services/Geodataportal/GeodataportalVisaAvverkningsanmalan/MapServer/0/query?where=Lannr%3D%2721%27+AND+ArendeAr%3D2025+AND+Inkomdatum+%3E%3D+DATE+%272025-04-01%27+AND+Inkomdatum+%3C+DATE+%272025-07-01%27&outFields=Beteckn%2CLannr%2CKommunnr%2CArendeAr%2CInkomdatum%2CAnmaldHa%2CAvvHa%2CAvvSasong%2CAvverktyp&returnGeometry=false&orderByFields=Beteckn&f=json,2026-09-06T00:13:23Z,304,application/json,133622,670deefce9590506e3a5889911b79ff4a01c23f884c9f8fc58705162fdcc4eaa,"""a7981226""",,unchanged,raw/skogsstyrelsen.harvest.notified/2026/09/20260904T140715Z-670deefce959.json,not_modified,
skogsstyrelsen.harvest.notified,https://geodpags.skogsstyrelsen.se/arcgis/rest/services/Geodataportal/GeodataportalVisaAvverkningsanmalan/MapServer/0/query?where=Lannr%3D%2721%27+AND+ArendeAr%3D2025+AND+Inkomdatum+%3E%3D+DATE+%272025-07-01%27+AND+Inkomdatum+%3C+DATE+%272025-10-01%27&outFields=Beteckn%2CLannr%2CKommunnr%2CArendeAr%2CInkomdatum%2CAnmaldHa%2CAvvHa%2CAvvSasong%2CAvverktyp&returnGeometry=false&orderByFields=Beteckn&f=json,2026-09-06T00:13:26Z,304,application/json,139528,18e2c6e00a85a6de8c2a98405787ce8f2a86210571d978bd5abd0c414bfea1a0,"""f0ff33e""",,unchanged,raw/skogsstyrelsen.harvest.notified/2026/09/20260904T140718Z-18e2c6e00a85.json,not_modified,
skogsstyrelsen.harvest.notified,https://geodpags.skogsstyrelsen.se/arcgis/rest/services/Geodataportal/GeodataportalVisaAvverkningsanmalan/MapServer/0/query?where=Lannr%3D%2721%27+AND+ArendeAr%3D2025+AND+Inkomdatum+%3E%3D+DATE+%272025-10-01%27&outFields=Beteckn%2CLannr%2CKommunnr%2CArendeAr%2CInkomdatum%2CAnmaldHa%2CAvvHa%2CAvvSasong%2CAvverktyp&returnGeometry=false&orderByFields=Beteckn&f=json,2026-09-06T00:13:29Z,304,application/json,180299,4b77ce2b12a28992c96a6b1911c91d7e57ab33e30eb0b0e6598120c14414152f,"""49c4f90e""",,unchanged,raw/skogsstyrelsen.harvest.notified/2026/09/20260904T140722Z-4b77ce2b12a2.json,not_modified,
skogsstyrelsen.harvest.notified,https://geodpags.skogsstyrelsen.se/arcgis/rest/services/Geodataportal/GeodataportalVisaAvverkningsanmalan/MapServer/0/query?where=Lannr%3D%2722%27+AND+ArendeAr%3D2026+AND+Inkomdatum+%3C+DATE+%272026-04-01%27&outFields=Beteckn%2CLannr%2CKommunnr%2CArendeAr%2CInkomdatum%2CAnmaldHa%2CAvvHa%2CAvvSasong%2CAvverktyp&returnGeometry=false&orderByFields=Beteckn&f=json,2026-09-06T00:13:32Z,304,application/json,162952,afc2cd77507ad09dcd2558ad7d1ae12f555a6a2654e1af170615de9c589680e3,"""baf9da0""",,unchanged,raw/skogsstyrelsen.harvest.notified/2026/09/20260904T140726Z-afc2cd77507a.json,not_modified,
skogsstyrelsen.harvest.notified,https://geodpags.skogsstyrelsen.se/arcgis/rest/services/Geodataportal/GeodataportalVisaAvverkningsanmalan/MapServer/0/query?where=Lannr%3D%2722%27+AND+ArendeAr%3D2026+AND+Inkomdatum+%3E%3D+DATE+%272026-04-01%27+AND+Inkomdatum+%3C+DATE+%272026-07-01%27&outFields=Beteckn%2CLannr%2CKommunnr%2CArendeAr%2CInkomdatum%2CAnmaldHa%2CAvvHa%2CAvvSasong%2CAvverktyp&returnGeometry=false&orderByFields=Beteckn&f=json,2026-09-06T00:13:35Z,304,application/json,205199,09f6cac4508538aa1f00965dc6529ed575e12e6e6a3b0c2cd43c90286db344fb,"""b249bafc""",,unchanged,raw/skogsstyrelsen.harvest.notified/2026/09/20260904T140729Z-09f6cac45085.json,not_modified,
skogsstyrelsen.harvest.notified,https://geodpags.skogsstyrelsen.se/arcgis/rest/services/Geodataportal/GeodataportalVisaAvverkningsanmalan/MapServer/0/query?where=Lannr%3D%2722%27+AND+ArendeAr%3D2026+AND+Inkomdatum+%3E%3D+DATE+%272026-07-01%27+AND+Inkomdatum+%3C+DATE+%272026-10-01%27&outFields=Beteckn%2CLannr%2CKommunnr%2CArendeAr%2CInkomdatum%2CAnmaldHa%2CAvvHa%2CAvvSasong%2CAvverktyp&returnGeometry=false&orderByFields=Beteckn&f=json,2026-09-06T00:13:38Z,304,application/json,153814,02cf4d8ae2293f4996ee9ec9518f6695ab12e5d7e2b6d54cbbb89ab2529b7c4c,"""af88ab85""",,unchanged,raw/skogsstyrelsen.harvest.notified/2026/09/20260904T154023Z-02cf4d8ae229.json,not_modified,
skogsstyrelsen.harvest.notified,https://geodpags.skogsstyrelsen.se/arcgis/rest/services/Geodataportal/GeodataportalVisaAvverkningsanmalan/MapServer/0/query?where=Lannr%3D%2722%27+AND+ArendeAr%3D2026+AND+Inkomdatum+%3E%3D+DATE+%272026-10-01%27&outFields=Beteckn%2CLannr%2CKommunnr%2CArendeAr%2CInkomdatum%2CAnmaldHa%2CAvvHa%2CAvvSasong%2CAvverktyp&returnGeometry=false&orderByFields=Beteckn&f=json,2026-09-06T00:13:41Z,304,application/json,936,3d0f45d783ae7060dc59f31a43ab33b33371bcebb992b2ffbe734fab5b0bd1b8,"""e2d6243""",,unchanged,raw/skogsstyrelsen.harvest.notified/2026/09/20260904T140737Z-3d0f45d783ae.json,not_modified,
skogsstyrelsen.harvest.notified,https://geodpags.skogsstyrelsen.se/arcgis/rest/services/Geodataportal/GeodataportalVisaAvverkningsanmalan/MapServer/0/query?where=Lannr%3D%2714%27+AND+ArendeAr%3D2024+AND+Inkomdatum+%3C+DATE+%272024-04-01%27&outFields=Beteckn%2CLannr%2CKommunnr%2CArendeAr%2CInkomdatum%2CAnmaldHa%2CAvvHa%2CAvvSasong%2CAvverktyp&returnGeometry=false&orderByFields=Beteckn&f=json,2026-09-06T00:13:43Z,304,application/json,137973,c42300cb9163463aadabcc53e9fb03cbb6df4e63530f94af5393bf7b0322c77e,"""53bbf9d2""",,unchanged,raw/skogsstyrelsen.harvest.notified/2026/09/20260904T140740Z-c42300cb9163.json,not_modified,
skogsstyrelsen.harvest.notified,https://geodpags.skogsstyrelsen.se/arcgis/rest/services/Geodataportal/GeodataportalVisaAvverkningsanmalan/MapServer/0/query?where=Lannr%3D%2714%27+AND+ArendeAr%3D2024+AND+Inkomdatum+%3E%3D+DATE+%272024-04-01%27+AND+Inkomdatum+%3C+DATE+%272024-07-01%27&outFields=Beteckn%2CLannr%2CKommunnr%2CArendeAr%2CInkomdatum%2CAnmaldHa%2CAvvHa%2CAvvSasong%2CAvverktyp&returnGeometry=false&orderByFields=Beteckn&f=json,2026-09-06T00:13:48Z,304,application/json,100532,322fcdf9837fb5687675d7bfe8562e6f09ceacd1d77396be9a7e188f57a4ebcd,"""32faee02""",,unchanged,raw/skogsstyrelsen.harvest.notified/2026/09/20260904T140744Z-322fcdf9837f.json,not_modified,
skogsstyrelsen.harvest.notified,https://geodpags.skogsstyrelsen.se/arcgis/rest/services/Geodataportal/GeodataportalVisaAvverkningsanmalan/MapServer/0/query?where=Lannr%3D%2714%27+AND+ArendeAr%3D2024+AND+Inkomdatum+%3E%3D+DATE+%272024-07-01%27+AND+Inkomdatum+%3C+DATE+%272024-10-01%27&outFields=Beteckn%2CLannr%2CKommunnr%2CArendeAr%2CInkomdatum%2CAnmaldHa%2CAvvHa%2CAvvSasong%2CAvverktyp&returnGeometry=false&orderByFields=Beteckn&f=json,2026-09-06T00:13:50Z,304,application/json,102089,77fa805e3177e07cd65858d63fa39e4308e8ec26d65575b351ac96a284e10c53,"""664f38cf""",,unchanged,raw/skogsstyrelsen.harvest.notified/2026/09/20260904T140747Z-77fa805e3177.json,not_modified,
skogsstyrelsen.harvest.notified,https://geodpags.skogsstyrelsen.se/arcgis/rest/services/Geodataportal/GeodataportalVisaAvverkningsanmalan/MapServer/0/query?where=Lannr%3D%2714%27+AND+ArendeAr%3D2024+AND+Inkomdatum+%3E%3D+DATE+%272024-10-01%27&outFields=Beteckn%2CLannr%2CKommunnr%2CArendeAr%2CInkomdatum%2CAnmaldHa%2CAvvHa%2CAvvSasong%2CAvverktyp&returnGeometry=false&orderByFields=Beteckn&f=json,2026-09-06T00:13:53Z,304,application/json,157818,f3bd828bd1f7a4a9c542067eb31d0a39e8299dbed9dd78eb6752c16ee1a71480,"""b3c8f5b0""",,unchanged,raw/skogsstyrelsen.harvest.notified/2026/09/20260904T140750Z-f3bd828bd1f7.json,not_modified,
skogsstyrelsen.harvest.notified,https://geodpags.skogsstyrelsen.se/arcgis/rest/services/Geodataportal/GeodataportalVisaAvverkningsanmalan/MapServer/0/query?where=Lannr%3D%2720%27+AND+ArendeAr%3D2025+AND+Inkomdatum+%3C+DATE+%272025-04-01%27&outFields=Beteckn%2CLannr%2CKommunnr%2CArendeAr%2CInkomdatum%2CAnmaldHa%2CAvvHa%2CAvvSasong%2CAvverktyp&returnGeometry=false&orderByFields=Beteckn&f=json,2026-09-06T00:13:55Z,200,application/json,72,b7328cec6dd4d8a470d2d71623d77830ee4e4992ed2a0a9345a405c2202f7c67,"""4fc6bde0""",,quarantined,quarantine/skogsstyrelsen.harvest.notified/2026/09/20260906T001355Z-b7328cec6dd4.json,too_small_72_bytes,
skogsstyrelsen.harvest.notified,https://geodpags.skogsstyrelsen.se/arcgis/rest/services/Geodataportal/GeodataportalVisaAvverkningsanmalan/MapServer/0/query?where=Lannr%3D%2720%27+AND+ArendeAr%3D2025+AND+Inkomdatum+%3E%3D+DATE+%272025-04-01%27+AND+Inkomdatum+%3C+DATE+%272025-07-01%27&outFields=Beteckn%2CLannr%2CKommunnr%2CArendeAr%2CInkomdatum%2CAnmaldHa%2CAvvHa%2CAvvSasong%2CAvverktyp&returnGeometry=false&orderByFields=Beteckn&f=json,2026-09-06T00:13:58Z,304,application/json,117708,ae7c6ccc4b0f192890086c32f0c12274c2a78ee0b533c44279405c29f173f674,"""f060c0c3""",,unchanged,raw/skogsstyrelsen.harvest.notified/2026/09/20260904T140756Z-ae7c6ccc4b0f.json,not_modified,
skogsstyrelsen.harvest.notified,https://geodpags.skogsstyrelsen.se/arcgis/rest/services/Geodataportal/GeodataportalVisaAvverkningsanmalan/MapServer/0/query?where=Lannr%3D%2720%27+AND+ArendeAr%3D2025+AND+Inkomdatum+%3E%3D+DATE+%272025-07-01%27+AND+Inkomdatum+%3C+DATE+%272025-10-01%27&outFields=Beteckn%2CLannr%2CKommunnr%2CArendeAr%2CInkomdatum%2CAnmaldHa%2CAvvHa%2CAvvSasong%2CAvverktyp&returnGeometry=false&orderByFields=Beteckn&f=json,2026-09-06T00:14:04Z,304,application/json,124729,91b76dc3540b5c941aa20f90d89ab36b2c51ee6aab0c41172f032a93a548fd5e,"""b9740542""",,unchanged,raw/skogsstyrelsen.harvest.notified/2026/09/20260904T140759Z-91b76dc3540b.json,not_modified,
skogsstyrelsen.harvest.notified,https://geodpags.skogsstyrelsen.se/arcgis/rest/services/Geodataportal/GeodataportalVisaAvverkningsanmalan/MapServer/0/query?where=Lannr%3D%2720%27+AND+ArendeAr%3D2025+AND+Inkomdatum+%3E%3D+DATE+%272025-10-01%27&outFields=Beteckn%2CLannr%2CKommunnr%2CArendeAr%2CInkomdatum%2CAnmaldHa%2CAvvHa%2CAvvSasong%2CAvverktyp&returnGeometry=false&orderByFields=Beteckn&f=json,2026-09-06T00:14:07Z,304,application/json,183429,7f4569da92befce8b9c65cb40c6c7edec975c598eabadff91f56817a5e68cdfd,"""61dd86e3""",,unchanged,raw/skogsstyrelsen.harvest.notified/2026/09/20260904T140804Z-7f4569da92be.json,not_modified,
skogsstyrelsen.harvest.notified,https://geodpags.skogsstyrelsen.se/arcgis/rest/services/Geodataportal/GeodataportalVisaAvverkningsanmalan/MapServer/0/query?where=Lannr%3D%2725%27+AND+ArendeAr%3D2025+AND+Inkomdatum+%3C+DATE+%272025-04-01%27&outFields=Beteckn%2CLannr%2CKommunnr%2CArendeAr%2CInkomdatum%2CAnmaldHa%2CAvvHa%2CAvvSasong%2CAvverktyp&returnGeometry=false&orderByFields=Beteckn&f=json,2026-09-06T00:14:10Z,304,application/json,61545,28154ea03e7b46f4373f5054b1f92eed2b2565d01db71ae973274ed5cfd09fe8,"""9e73e81b""",,unchanged,raw/skogsstyrelsen.harvest.notified/2026/09/20260904T140807Z-28154ea03e7b.json,not_modified,
skogsstyrelsen.harvest.notified,https://geodpags.skogsstyrelsen.se/arcgis/rest/services/Geodataportal/GeodataportalVisaAvverkningsanmalan/MapServer/0/query?where=Lannr%3D%2725%27+AND+ArendeAr%3D2025+AND+Inkomdatum+%3E%3D+DATE+%272025-04-01%27+AND+Inkomdatum+%3C+DATE+%272025-07-01%27&outFields=Beteckn%2CLannr%2CKommunnr%2CArendeAr%2CInkomdatum%2CAnmaldHa%2CAvvHa%2CAvvSasong%2CAvverktyp&returnGeometry=false&orderByFields=Beteckn&f=json,2026-09-06T00:14:12Z,304,application/json,85382,a67baa01a368332f246fe39be2f94b9c86c9b203e0150932e7aa26659ec6b85b,"""916b34cf""",,unchanged,raw/skogsstyrelsen.harvest.notified/2026/09/20260904T140810Z-a67baa01a368.json,not_modified,
skogsstyrelsen.harvest.notified,https://geodpags.skogsstyrelsen.se/arcgis/rest/services/Geodataportal/GeodataportalVisaAvverkningsanmalan/MapServer/0/query?where=Lannr%3D%2725%27+AND+ArendeAr%3D2025+AND+Inkomdatum+%3E%3D+DATE+%272025-07-01%27+AND+Inkomdatum+%3C+DATE+%272025-10-01%27&outFields=Beteckn%2CLannr%2CKommunnr%2CArendeAr%2CInkomdatum%2CAnmaldHa%2CAvvHa%2CAvvSasong%2CAvverktyp&returnGeometry=false&orderByFields=Beteckn&f=json,2026-09-06T00:14:15Z,304,application/json,101103,733d3b65bb7a64e774b33c0b7f508c335defcffed41fef9dfc70a7c63a1bef78,"""ec5d68""",,unchanged,raw/skogsstyrelsen.harvest.notified/2026/09/20260904T140814Z-733d3b65bb7a.json,not_modified,
skogsstyrelsen.harvest.notified,https://geodpags.skogsstyrelsen.se/arcgis/rest/services/Geodataportal/GeodataportalVisaAvverkningsanmalan/MapServer/0/query?where=Lannr%3D%2725%27+AND+ArendeAr%3D2025+AND+Inkomdatum+%3E%3D+DATE+%272025-10-01%27&outFields=Beteckn%2CLannr%2CKommunnr%2CArendeAr%2CInkomdatum%2CAnmaldHa%2CAvvHa%2CAvvSasong%2CAvverktyp&returnGeometry=false&orderByFields=Beteckn&f=json,2026-09-06T00:14:17Z,304,application/json,177856,0d55874e7f20fd81dad891d7b6d031439186fb1d0cbe0ba1934ca9ea07b06f72,"""6b159073""",,unchanged,raw/skogsstyrelsen.harvest.notified/2026/09/20260904T140818Z-0d55874e7f20.json,not_modified,
skogsstyrelsen.harvest.notified,https://geodpags.skogsstyrelsen.se/arcgis/rest/services/Geodataportal/GeodataportalVisaAvverkningsanmalan/MapServer/0/query?where=Lannr%3D%2714%27+AND+ArendeAr%3D2022+AND+Inkomdatum+%3C+DATE+%272022-04-01%27&outFields=Beteckn%2CLannr%2CKommunnr%2CArendeAr%2CInkomdatum%2CAnmaldHa%2CAvvHa%2CAvvSasong%2CAvverktyp&returnGeometry=false&orderByFields=Beteckn&f=json,2026-09-06T00:14:20Z,200,application/json,118665,b8d178f0d11c589923a3d7e176b6b5ff370340280fc25af36b111aac33d4346c,"""307db62e""",,changed,raw/skogsstyrelsen.harvest.notified/2026/09/20260906T001420Z-b8d178f0d11c.json,,
skogsstyrelsen.harvest.notified,https://geodpags.skogsstyrelsen.se/arcgis/rest/services/Geodataportal/GeodataportalVisaAvverkningsanmalan/MapServer/0/query?where=Lannr%3D%2714%27+AND+ArendeAr%3D2022+AND+Inkomdatum+%3E%3D+DATE+%272022-04-01%27+AND+Inkomdatum+%3C+DATE+%272022-07-01%27&outFields=Beteckn%2CLannr%2CKommunnr%2CArendeAr%2CInkomdatum%2CAnmaldHa%2CAvvHa%2CAvvSasong%2CAvverktyp&returnGeometry=false&orderByFields=Beteckn&f=json,2026-09-06T00:14:22Z,200,application/json,77269,e2f67203d854395a87a714c8f64e8243ae051a7940954362579e10f3f9414a24,"""f169da7d""",,changed,raw/skogsstyrelsen.harvest.notified/2026/09/20260906T001422Z-e2f67203d854.json,,
skogsstyrelsen.harvest.notified,https://geodpags.skogsstyrelsen.se/arcgis/rest/services/Geodataportal/GeodataportalVisaAvverkningsanmalan/MapServer/0/query?where=Lannr%3D%2714%27+AND+ArendeAr%3D2022+AND+Inkomdatum+%3E%3D+DATE+%272022-07-01%27+AND+Inkomdatum+%3C+DATE+%272022-10-01%27&outFields=Beteckn%2CLannr%2CKommunnr%2CArendeAr%2CInkomdatum%2CAnmaldHa%2CAvvHa%2CAvvSasong%2CAvverktyp&returnGeometry=false&orderByFields=Beteckn&f=json,2026-09-06T00:14:25Z,304,application/json,97758,de3d4400535eeb0dce2689b682aec2f95abe54db632d3bb2ddf08f306000cdf7,"""3e0bad69""",,unchanged,raw/skogsstyrelsen.harvest.notified/2026/09/20260904T140827Z-de3d4400535e.json,not_modified,
skogsstyrelsen.harvest.notified,https://geodpags.skogsstyrelsen.se/arcgis/rest/services/Geodataportal/GeodataportalVisaAvverkningsanmalan/MapServer/0/query?where=Lannr%3D%2714%27+AND+ArendeAr%3D2022+AND+Inkomdatum+%3E%3D+DATE+%272022-10-01%27&outFields=Beteckn%2CLannr%2CKommunnr%2CArendeAr%2CInkomdatum%2CAnmaldHa%2CAvvHa%2CAvvSasong%2CAvverktyp&returnGeometry=false&orderByFields=Beteckn&f=json,2026-09-06T00:14:28Z,304,application/json,127098,2ab05bf2df865efb8f96b15b1a8e0258de74fce102520d5ba8e01b1fb433e586,"""b91f7d8e""",,unchanged,raw/skogsstyrelsen.harvest.notified/2026/09/20260904T140830Z-2ab05bf2df86.json,not_modified,
skogsstyrelsen.harvest.notified,https://geodpags.skogsstyrelsen.se/arcgis/rest/services/Geodataportal/GeodataportalVisaAvverkningsanmalan/MapServer/0/query?where=Lannr%3D%2717%27+AND+ArendeAr%3D2026+AND+Inkomdatum+%3C+DATE+%272026-04-01%27&outFields=Beteckn%2CLannr%2CKommunnr%2CArendeAr%2CInkomdatum%2CAnmaldHa%2CAvvHa%2CAvvSasong%2CAvverktyp&returnGeometry=false&orderByFields=Beteckn&f=json,2026-09-06T00:14:30Z,304,application/json,122971,9a29860f2cb5b435db3ab4d004d43a5eeed340cfcb974052fe813b897da88011,"""7921d323""",,unchanged,raw/skogsstyrelsen.harvest.notified/2026/09/20260904T140833Z-9a29860f2cb5.json,not_modified,
skogsstyrelsen.harvest.notified,https://geodpags.skogsstyrelsen.se/arcgis/rest/services/Geodataportal/GeodataportalVisaAvverkningsanmalan/MapServer/0/query?where=Lannr%3D%2717%27+AND+ArendeAr%3D2026+AND+Inkomdatum+%3E%3D+DATE+%272026-04-01%27+AND+Inkomdatum+%3C+DATE+%272026-07-01%27&outFields=Beteckn%2CLannr%2CKommunnr%2CArendeAr%2CInkomdatum%2CAnmaldHa%2CAvvHa%2CAvvSasong%2CAvverktyp&returnGeometry=false&orderByFields=Beteckn&f=json,2026-09-06T00:14:32Z,304,application/json,181660,f4713b8313b64a702fb410addf5137572666f18a0c9c6261b3aead7575197be8,"""2122ac57""",,unchanged,raw/skogsstyrelsen.harvest.notified/2026/09/20260904T140836Z-f4713b8313b6.json,not_modified,
skogsstyrelsen.harvest.notified,https://geodpags.skogsstyrelsen.se/arcgis/rest/services/Geodataportal/GeodataportalVisaAvverkningsanmalan/MapServer/0/query?where=Lannr%3D%2717%27+AND+ArendeAr%3D2026+AND+Inkomdatum+%3E%3D+DATE+%272026-07-01%27+AND+Inkomdatum+%3C+DATE+%272026-10-01%27&outFields=Beteckn%2CLannr%2CKommunnr%2CArendeAr%2CInkomdatum%2CAnmaldHa%2CAvvHa%2CAvvSasong%2CAvverktyp&returnGeometry=false&orderByFields=Beteckn&f=json,2026-09-06T00:14:36Z,200,application/json,114749,9c2bcbc3a1dc27f573f0ab1fcc4aa69066bd83a91c8fec8162d69a0122b8a9a7,"""58707b9e""",,changed,raw/skogsstyrelsen.harvest.notified/2026/09/20260906T001436Z-9c2bcbc3a1dc.json,,
skogsstyrelsen.harvest.notified,https://geodpags.skogsstyrelsen.se/arcgis/rest/services/Geodataportal/GeodataportalVisaAvverkningsanmalan/MapServer/0/query?where=Lannr%3D%2717%27+AND+ArendeAr%3D2026+AND+Inkomdatum+%3E%3D+DATE+%272026-10-01%27&outFields=Beteckn%2CLannr%2CKommunnr%2CArendeAr%2CInkomdatum%2CAnmaldHa%2CAvvHa%2CAvvSasong%2CAvverktyp&returnGeometry=false&orderByFields=Beteckn&f=json,2026-09-06T00:14:39Z,304,application/json,936,3d0f45d783ae7060dc59f31a43ab33b33371bcebb992b2ffbe734fab5b0bd1b8,"""e2d6243""",,unchanged,raw/skogsstyrelsen.harvest.notified/2026/09/20260904T140842Z-3d0f45d783ae.json,not_modified,
skogsstyrelsen.harvest.notified,https://geodpags.skogsstyrelsen.se/arcgis/rest/services/Geodataportal/GeodataportalVisaAvverkningsanmalan/MapServer/0/query?where=Lannr%3D%2714%27+AND+ArendeAr%3D2026+AND+Inkomdatum+%3C+DATE+%272026-04-01%27&outFields=Beteckn%2CLannr%2CKommunnr%2CArendeAr%2CInkomdatum%2CAnmaldHa%2CAvvHa%2CAvvSasong%2CAvverktyp&returnGeometry=false&orderByFields=Beteckn&f=json,2026-09-06T00:14:42Z,304,application/json,152907,710db4c00e2248215194f3031dcdfab00e5c12f52ee5ec8252e3790a0d41ed51,"""928223e3""",,unchanged,raw/skogsstyrelsen.harvest.notified/2026/09/20260904T140846Z-710db4c00e22.json,not_modified,
skogsstyrelsen.harvest.notified,https://geodpags.skogsstyrelsen.se/arcgis/rest/services/Geodataportal/GeodataportalVisaAvverkningsanmalan/MapServer/0/query?where=Lannr%3D%2714%27+AND+ArendeAr%3D2026+AND+Inkomdatum+%3E%3D+DATE+%272026-04-01%27+AND+Inkomdatum+%3C+DATE+%272026-07-01%27&outFields=Beteckn%2CLannr%2CKommunnr%2CArendeAr%2CInkomdatum%2CAnmaldHa%2CAvvHa%2CAvvSasong%2CAvverktyp&returnGeometry=false&orderByFields=Beteckn&f=json,2026-09-06T00:14:44Z,304,application/json,138745,189fceb3b02f09cd48ea3f4ad0aa59cc0df61c812b6e21e6b51727d0378cb950,"""ff2e89d5""",,unchanged,raw/skogsstyrelsen.harvest.notified/2026/09/20260904T140849Z-189fceb3b02f.json,not_modified,
skogsstyrelsen.harvest.notified,https://geodpags.skogsstyrelsen.se/arcgis/rest/services/Geodataportal/GeodataportalVisaAvverkningsanmalan/MapServer/0/query?where=Lannr%3D%2714%27+AND+ArendeAr%3D2026+AND+Inkomdatum+%3E%3D+DATE+%272026-07-01%27+AND+Inkomdatum+%3C+DATE+%272026-10-01%27&outFields=Beteckn%2CLannr%2CKommunnr%2CArendeAr%2CInkomdatum%2CAnmaldHa%2CAvvHa%2CAvvSasong%2CAvverktyp&returnGeometry=false&orderByFields=Beteckn&f=json,2026-09-06T00:14:47Z,200,application/json,102794,5aa9ebe18e7f0eae41fdee3ecbc5ab25929f7ae08975f35fce5d32a5359eb2c1,"""4d8674e2""",,changed,raw/skogsstyrelsen.harvest.notified/2026/09/20260906T001447Z-5aa9ebe18e7f.json,,
skogsstyrelsen.harvest.notified,https://geodpags.skogsstyrelsen.se/arcgis/rest/services/Geodataportal/GeodataportalVisaAvverkningsanmalan/MapServer/0/query?where=Lannr%3D%2714%27+AND+ArendeAr%3D2026+AND+Inkomdatum+%3E%3D+DATE+%272026-10-01%27&outFields=Beteckn%2CLannr%2CKommunnr%2CArendeAr%2CInkomdatum%2CAnmaldHa%2CAvvHa%2CAvvSasong%2CAvverktyp&returnGeometry=false&orderByFields=Beteckn&f=json,2026-09-06T00:14:49Z,304,application/json,936,3d0f45d783ae7060dc59f31a43ab33b33371bcebb992b2ffbe734fab5b0bd1b8,"""e2d6243""",,unchanged,raw/skogsstyrelsen.harvest.notified/2026/09/20260904T140854Z-3d0f45d783ae.json,not_modified,
skogsstyrelsen.harvest.notified,https://geodpags.skogsstyrelsen.se/arcgis/rest/services/Geodataportal/GeodataportalVisaAvverkningsanmalan/MapServer/0/query?where=Lannr%3D%2717%27+AND+ArendeAr%3D2023+AND+Inkomdatum+%3C+DATE+%272023-04-01%27&outFields=Beteckn%2CLannr%2CKommunnr%2CArendeAr%2CInkomdatum%2CAnmaldHa%2CAvvHa%2CAvvSasong%2CAvverktyp&returnGeometry=false&orderByFields=Beteckn&f=json,2026-09-06T00:14:52Z,304,application/json,82475,1f84eb9c791260ed9bec91ec32349802bbfcfd3b1bd62d87dc329b2266bf4ba0,"""19de2d42""",,unchanged,raw/skogsstyrelsen.harvest.notified/2026/09/20260904T140859Z-1f84eb9c7912.json,not_modified,
skogsstyrelsen.harvest.notified,https://geodpags.skogsstyrelsen.se/arcgis/rest/services/Geodataportal/GeodataportalVisaAvverkningsanmalan/MapServer/0/query?where=Lannr%3D%2717%27+AND+ArendeAr%3D2023+AND+Inkomdatum+%3E%3D+DATE+%272023-04-01%27+AND+Inkomdatum+%3C+DATE+%272023-07-01%27&outFields=Beteckn%2CLannr%2CKommunnr%2CArendeAr%2CInkomdatum%2CAnmaldHa%2CAvvHa%2CAvvSasong%2CAvverktyp&returnGeometry=false&orderByFields=Beteckn&f=json,2026-09-06T00:14:54Z,304,application/json,89350,f546d4ee22ca94d9f405f5fef150cbb31962f5ef3c0e359f9eedfb44a75d46d2,"""ccaadd5b""",,unchanged,raw/skogsstyrelsen.harvest.notified/2026/09/20260904T140902Z-f546d4ee22ca.json,not_modified,
skogsstyrelsen.harvest.notified,https://geodpags.skogsstyrelsen.se/arcgis/rest/services/Geodataportal/GeodataportalVisaAvverkningsanmalan/MapServer/0/query?where=Lannr%3D%2717%27+AND+ArendeAr%3D2023+AND+Inkomdatum+%3E%3D+DATE+%272023-07-01%27+AND+Inkomdatum+%3C+DATE+%272023-10-01%27&outFields=Beteckn%2CLannr%2CKommunnr%2CArendeAr%2CInkomdatum%2CAnmaldHa%2CAvvHa%2CAvvSasong%2CAvverktyp&returnGeometry=false&orderByFields=Beteckn&f=json,2026-09-06T00:14:56Z,304,application/json,102556,b30899b42015fea20b3591d8d95f24139ee2c5bc2fa2a8fd995dc820ab5c0e55,"""5853039a""",,unchanged,raw/skogsstyrelsen.harvest.notified/2026/09/20260904T140905Z-b30899b42015.json,not_modified,
skogsstyrelsen.harvest.notified,https://geodpags.skogsstyrelsen.se/arcgis/rest/services/Geodataportal/GeodataportalVisaAvverkningsanmalan/MapServer/0/query?where=Lannr%3D%2717%27+AND+ArendeAr%3D2023+AND+Inkomdatum+%3E%3D+DATE+%272023-10-01%27&outFields=Beteckn%2CLannr%2CKommunnr%2CArendeAr%2CInkomdatum%2CAnmaldHa%2CAvvHa%2CAvvSasong%2CAvverktyp&returnGeometry=false&orderByFields=Beteckn&f=json,2026-09-06T00:15:01Z,304,application/json,114874,44bbc2e85fff9862560faca5e9bd78d20b0f6c97ddd283d7da903139eb8ab8a4,"""e7acef2""",,unchanged,raw/skogsstyrelsen.harvest.notified/2026/09/20260904T140908Z-44bbc2e85fff.json,not_modified,
skogsstyrelsen.harvest.notified,https://geodpags.skogsstyrelsen.se/arcgis/rest/services/Geodataportal/GeodataportalVisaAvverkningsanmalan/MapServer/0/query?where=Lannr%3D%2723%27+AND+ArendeAr%3D2026+AND+Inkomdatum+%3C+DATE+%272026-04-01%27&outFields=Beteckn%2CLannr%2CKommunnr%2CArendeAr%2CInkomdatum%2CAnmaldHa%2CAvvHa%2CAvvSasong%2CAvverktyp&returnGeometry=false&orderByFields=Beteckn&f=json,2026-09-06T00:15:04Z,304,application/json,112514,effe41e1a85932957476ec2af545db1d0fb9f8622c68540a68fd5efd2d768c31,"""247dd8d3""",,unchanged,raw/skogsstyrelsen.harvest.notified/2026/09/20260904T140912Z-effe41e1a859.json,not_modified,
skogsstyrelsen.harvest.notified,https://geodpags.skogsstyrelsen.se/arcgis/rest/services/Geodataportal/GeodataportalVisaAvverkningsanmalan/MapServer/0/query?where=Lannr%3D%2723%27+AND+ArendeAr%3D2026+AND+Inkomdatum+%3E%3D+DATE+%272026-04-01%27+AND+Inkomdatum+%3C+DATE+%272026-07-01%27&outFields=Beteckn%2CLannr%2CKommunnr%2CArendeAr%2CInkomdatum%2CAnmaldHa%2CAvvHa%2CAvvSasong%2CAvverktyp&returnGeometry=false&orderByFields=Beteckn&f=json,2026-09-06T00:15:07Z,304,application/json,165297,2e3522f30278378ff407e170cfe55281d7e3ac261eb26443af76b4aee4ced531,"""d854fb5f""",,unchanged,raw/skogsstyrelsen.harvest.notified/2026/09/20260904T140915Z-2e3522f30278.json,not_modified,
skogsstyrelsen.harvest.notified,https://geodpags.skogsstyrelsen.se/arcgis/rest/services/Geodataportal/GeodataportalVisaAvverkningsanmalan/MapServer/0/query?where=Lannr%3D%2723%27+AND+ArendeAr%3D2026+AND+Inkomdatum+%3E%3D+DATE+%272026-07-01%27+AND+Inkomdatum+%3C+DATE+%272026-10-01%27&outFields=Beteckn%2CLannr%2CKommunnr%2CArendeAr%2CInkomdatum%2CAnmaldHa%2CAvvHa%2CAvvSasong%2CAvverktyp&returnGeometry=false&orderByFields=Beteckn&f=json,2026-09-06T00:15:10Z,304,application/json,114205,c251f74f1ed95029b40d252765103d91db6e18744bc82ac1e3962239965985ae,"""32df1c90""",,unchanged,raw/skogsstyrelsen.harvest.notified/2026/09/20260904T140918Z-c251f74f1ed9.json,not_modified,
skogsstyrelsen.harvest.notified,https://geodpags.skogsstyrelsen.se/arcgis/rest/services/Geodataportal/GeodataportalVisaAvverkningsanmalan/MapServer/0/query?where=Lannr%3D%2723%27+AND+ArendeAr%3D2026+AND+Inkomdatum+%3E%3D+DATE+%272026-10-01%27&outFields=Beteckn%2CLannr%2CKommunnr%2CArendeAr%2CInkomdatum%2CAnmaldHa%2CAvvHa%2CAvvSasong%2CAvverktyp&returnGeometry=false&orderByFields=Beteckn&f=json,2026-09-06T00:15:12Z,304,application/json,936,3d0f45d783ae7060dc59f31a43ab33b33371bcebb992b2ffbe734fab5b0bd1b8,"""e2d6243""",,unchanged,raw/skogsstyrelsen.harvest.notified/2026/09/20260904T140922Z-3d0f45d783ae.json,not_modified,
skogsstyrelsen.harvest.notified,https://geodpags.skogsstyrelsen.se/arcgis/rest/services/Geodataportal/GeodataportalVisaAvverkningsanmalan/MapServer/0/query?where=Lannr%3D%2722%27+AND+ArendeAr%3D2024+AND+Inkomdatum+%3C+DATE+%272024-04-01%27&outFields=Beteckn%2CLannr%2CKommunnr%2CArendeAr%2CInkomdatum%2CAnmaldHa%2CAvvHa%2CAvvSasong%2CAvverktyp&returnGeometry=false&orderByFields=Beteckn&f=json,2026-09-06T00:15:15Z,304,application/json,64762,be2d57b04808341bcc4a54a99847464dcb5db8b52ea6234fca9c96e3aa6d117f,"""a990436a""",,unchanged,raw/skogsstyrelsen.harvest.notified/2026/09/20260904T140925Z-be2d57b04808.json,not_modified,
skogsstyrelsen.harvest.notified,https://geodpags.skogsstyrelsen.se/arcgis/rest/services/Geodataportal/GeodataportalVisaAvverkningsanmalan/MapServer/0/query?where=Lannr%3D%2722%27+AND+ArendeAr%3D2024+AND+Inkomdatum+%3E%3D+DATE+%272024-04-01%27+AND+Inkomdatum+%3C+DATE+%272024-07-01%27&outFields=Beteckn%2CLannr%2CKommunnr%2CArendeAr%2CInkomdatum%2CAnmaldHa%2CAvvHa%2CAvvSasong%2CAvverktyp&returnGeometry=false&orderByFields=Beteckn&f=json,2026-09-06T00:15:17Z,304,application/json,79835,8a2e9e269c4ec883b60c7e83dd1cce95bf3f74d7d77e535fafff7ed84190ba1e,"""1d82a595""",,unchanged,raw/skogsstyrelsen.harvest.notified/2026/09/20260904T140928Z-8a2e9e269c4e.json,not_modified,
skogsstyrelsen.harvest.notified,https://geodpags.skogsstyrelsen.se/arcgis/rest/services/Geodataportal/GeodataportalVisaAvverkningsanmalan/MapServer/0/query?where=Lannr%3D%2722%27+AND+ArendeAr%3D2024+AND+Inkomdatum+%3E%3D+DATE+%272024-07-01%27+AND+Inkomdatum+%3C+DATE+%272024-10-01%27&outFields=Beteckn%2CLannr%2CKommunnr%2CArendeAr%2CInkomdatum%2CAnmaldHa%2CAvvHa%2CAvvSasong%2CAvverktyp&returnGeometry=false&orderByFields=Beteckn&f=json,2026-09-06T00:15:20Z,304,application/json,116612,5fdb2e8b9c48e44496c02b1bc1647ee95756df28cc33e0295daa1c09c6f29bca,"""17ba6209""",,unchanged,raw/skogsstyrelsen.harvest.notified/2026/09/20260904T140931Z-5fdb2e8b9c48.json,not_modified,
skogsstyrelsen.harvest.notified,https://geodpags.skogsstyrelsen.se/arcgis/rest/services/Geodataportal/GeodataportalVisaAvverkningsanmalan/MapServer/0/query?where=Lannr%3D%2722%27+AND+ArendeAr%3D2024+AND+Inkomdatum+%3E%3D+DATE+%272024-10-01%27&outFields=Beteckn%2CLannr%2CKommunnr%2CArendeAr%2CInkomdatum%2CAnmaldHa%2CAvvHa%2CAvvSasong%2CAvverktyp&returnGeometry=false&orderByFields=Beteckn&f=json,2026-09-06T00:15:23Z,304,application/json,125105,cb65deec8b0a5090d3074c88b8eb3979a21251edbe8e2e0eb78d1c57a30f5ba4,"""1660e1f1""",,unchanged,raw/skogsstyrelsen.harvest.notified/2026/09/20260904T140934Z-cb65deec8b0a.json,not_modified,
skogsstyrelsen.harvest.notified,https://geodpags.skogsstyrelsen.se/arcgis/rest/services/Geodataportal/GeodataportalVisaAvverkningsanmalan/MapServer/0/query?where=Lannr%3D%2717%27+AND+ArendeAr%3D2024+AND+Inkomdatum+%3C+DATE+%272024-04-01%27&outFields=Beteckn%2CLannr%2CKommunnr%2CArendeAr%2CInkomdatum%2CAnmaldHa%2CAvvHa%2CAvvSasong%2CAvverktyp&returnGeometry=false&orderByFields=Beteckn&f=json,2026-09-06T00:15:25Z,200,application/json,75378,bb0da09d22cf8816eba04aa19d9ac66931492146da0a6dbda37d572e02d63c26,"""705cc1c6""",,changed,raw/skogsstyrelsen.harvest.notified/2026/09/20260906T001525Z-bb0da09d22cf.json,,
skogsstyrelsen.harvest.notified,https://geodpags.skogsstyrelsen.se/arcgis/rest/services/Geodataportal/GeodataportalVisaAvverkningsanmalan/MapServer/0/query?where=Lannr%3D%2717%27+AND+ArendeAr%3D2024+AND+Inkomdatum+%3E%3D+DATE+%272024-04-01%27+AND+Inkomdatum+%3C+DATE+%272024-07-01%27&outFields=Beteckn%2CLannr%2CKommunnr%2CArendeAr%2CInkomdatum%2CAnmaldHa%2CAvvHa%2CAvvSasong%2CAvverktyp&returnGeometry=false&orderByFields=Beteckn&f=json,2026-09-06T00:15:28Z,304,application/json,95345,4539a580a84cc6cf700edad8182c7eb5b07efd8e51d1b9ebf0a52ac6892433db,"""a293d""",,unchanged,raw/skogsstyrelsen.harvest.notified/2026/09/20260904T140940Z-4539a580a84c.json,not_modified,
skogsstyrelsen.harvest.notified,https://geodpags.skogsstyrelsen.se/arcgis/rest/services/Geodataportal/GeodataportalVisaAvverkningsanmalan/MapServer/0/query?where=Lannr%3D%2717%27+AND+ArendeAr%3D2024+AND+Inkomdatum+%3E%3D+DATE+%272024-07-01%27+AND+Inkomdatum+%3C+DATE+%272024-10-01%27&outFields=Beteckn%2CLannr%2CKommunnr%2CArendeAr%2CInkomdatum%2CAnmaldHa%2CAvvHa%2CAvvSasong%2CAvverktyp&returnGeometry=false&orderByFields=Beteckn&f=json,2026-09-06T00:15:31Z,304,application/json,87280,20e56c56ab1515fb5205e9f6c1b66152ee6cb88d723fa2f89decc214e64ea92e,"""e6a09beb""",,unchanged,raw/skogsstyrelsen.harvest.notified/2026/09/20260904T140943Z-20e56c56ab15.json,not_modified,
skogsstyrelsen.harvest.notified,https://geodpags.skogsstyrelsen.se/arcgis/rest/services/Geodataportal/GeodataportalVisaAvverkningsanmalan/MapServer/0/query?where=Lannr%3D%2717%27+AND+ArendeAr%3D2024+AND+Inkomdatum+%3E%3D+DATE+%272024-10-01%27&outFields=Beteckn%2CLannr%2CKommunnr%2CArendeAr%2CInkomdatum%2CAnmaldHa%2CAvvHa%2CAvvSasong%2CAvverktyp&returnGeometry=false&orderByFields=Beteckn&f=json,2026-09-06T00:15:33Z,304,application/json,117366,dd766baa31947ecf3b51ffa0808cbfad8a0f010125d1cae7e61a0bfe4ea04de4,"""36f4b8f6""",,unchanged,raw/skogsstyrelsen.harvest.notified/2026/09/20260904T140947Z-dd766baa3194.json,not_modified,
skogsstyrelsen.harvest.notified,https://geodpags.skogsstyrelsen.se/arcgis/rest/services/Geodataportal/GeodataportalVisaAvverkningsanmalan/MapServer/0/query?where=Lannr%3D%2724%27+AND+ArendeAr%3D2024+AND+Inkomdatum+%3C+DATE+%272024-04-01%27&outFields=Beteckn%2CLannr%2CKommunnr%2CArendeAr%2CInkomdatum%2CAnmaldHa%2CAvvHa%2CAvvSasong%2CAvverktyp&returnGeometry=false&orderByFields=Beteckn&f=json,2026-09-06T00:15:36Z,304,application/json,46280,91be1c57e94ba7d81c6d107beac64b4591da5dc374960367d9bc4c6103bfa864,"""df93f115""",,unchanged,raw/skogsstyrelsen.harvest.notified/2026/09/20260904T140951Z-91be1c57e94b.json,not_modified,
skogsstyrelsen.harvest.notified,https://geodpags.skogsstyrelsen.se/arcgis/rest/services/Geodataportal/GeodataportalVisaAvverkningsanmalan/MapServer/0/query?where=Lannr%3D%2724%27+AND+ArendeAr%3D2024+AND+Inkomdatum+%3E%3D+DATE+%272024-04-01%27+AND+Inkomdatum+%3C+DATE+%272024-07-01%27&outFields=Beteckn%2CLannr%2CKommunnr%2CArendeAr%2CInkomdatum%2CAnmaldHa%2CAvvHa%2CAvvSasong%2CAvverktyp&returnGeometry=false&orderByFields=Beteckn&f=json,2026-09-06T00:15:40Z,304,application/json,74514,210f29f4567a090f8e8317784f731cbe905b54f2e854d03ebdc185a4c3c8e801,"""f4c50243""",,unchanged,raw/skogsstyrelsen.harvest.notified/2026/09/20260904T140955Z-210f29f4567a.json,not_modified,
skogsstyrelsen.harvest.notified,https://geodpags.skogsstyrelsen.se/arcgis/rest/services/Geodataportal/GeodataportalVisaAvverkningsanmalan/MapServer/0/query?where=Lannr%3D%2724%27+AND+ArendeAr%3D2024+AND+Inkomdatum+%3E%3D+DATE+%272024-07-01%27+AND+Inkomdatum+%3C+DATE+%272024-10-01%27&outFields=Beteckn%2CLannr%2CKommunnr%2CArendeAr%2CInkomdatum%2CAnmaldHa%2CAvvHa%2CAvvSasong%2CAvverktyp&returnGeometry=false&orderByFields=Beteckn&f=json,2026-09-06T00:15:43Z,304,application/json,121074,7931e6dfc5e164cca974f56c42670eb21de7682501136a2f50585e44f8dcb87b,"""79ec909f""",,unchanged,raw/skogsstyrelsen.harvest.notified/2026/09/20260904T140959Z-7931e6dfc5e1.json,not_modified,
skogsstyrelsen.harvest.notified,https://geodpags.skogsstyrelsen.se/arcgis/rest/services/Geodataportal/GeodataportalVisaAvverkningsanmalan/MapServer/0/query?where=Lannr%3D%2724%27+AND+ArendeAr%3D2024+AND+Inkomdatum+%3E%3D+DATE+%272024-10-01%27&outFields=Beteckn%2CLannr%2CKommunnr%2CArendeAr%2CInkomdatum%2CAnmaldHa%2CAvvHa%2CAvvSasong%2CAvverktyp&returnGeometry=false&orderByFields=Beteckn&f=json,2026-09-06T00:15:47Z,304,application/json,135688,d06df8bb37713a78324993254bf8617b9d2cadc4aa77f20ca2a50de0e13f8915,"""77a2eca""",,unchanged,raw/skogsstyrelsen.harvest.notified/2026/09/20260904T141002Z-d06df8bb3771.json,not_modified,
skogsstyrelsen.harvest.notified,https://geodpags.skogsstyrelsen.se/arcgis/rest/services/Geodataportal/GeodataportalVisaAvverkningsanmalan/MapServer/0/query?where=Lannr%3D%2725%27+AND+ArendeAr%3D2026+AND+Inkomdatum+%3C+DATE+%272026-04-01%27&outFields=Beteckn%2CLannr%2CKommunnr%2CArendeAr%2CInkomdatum%2CAnmaldHa%2CAvvHa%2CAvvSasong%2CAvverktyp&returnGeometry=false&orderByFields=Beteckn&f=json,2026-09-06T00:15:50Z,304,application/json,84371,f36fbfc2b137fba4fecc0af86f382b0c707edbdfe2cfa68cc76026defcce4a4f,"""4cfcebfe""",,unchanged,raw/skogsstyrelsen.harvest.notified/2026/09/20260904T141006Z-f36fbfc2b137.json,not_modified,
skogsstyrelsen.harvest.notified,https://geodpags.skogsstyrelsen.se/arcgis/rest/services/Geodataportal/GeodataportalVisaAvverkningsanmalan/MapServer/0/query?where=Lannr%3D%2725%27+AND+ArendeAr%3D2026+AND+Inkomdatum+%3E%3D+DATE+%272026-04-01%27+AND+Inkomdatum+%3C+DATE+%272026-07-01%27&outFields=Beteckn%2CLannr%2CKommunnr%2CArendeAr%2CInkomdatum%2CAnmaldHa%2CAvvHa%2CAvvSasong%2CAvverktyp&returnGeometry=false&orderByFields=Beteckn&f=json,2026-09-06T00:15:53Z,304,application/json,141603,c37d477243a6330a5039de868205d207dab738080804082fdecc0a654814eb0b,"""8d03d90a""",,unchanged,raw/skogsstyrelsen.harvest.notified/2026/09/20260904T141010Z-c37d477243a6.json,not_modified,
skogsstyrelsen.harvest.notified,https://geodpags.skogsstyrelsen.se/arcgis/rest/services/Geodataportal/GeodataportalVisaAvverkningsanmalan/MapServer/0/query?where=Lannr%3D%2725%27+AND+ArendeAr%3D2026+AND+Inkomdatum+%3E%3D+DATE+%272026-07-01%27+AND+Inkomdatum+%3C+DATE+%272026-10-01%27&outFields=Beteckn%2CLannr%2CKommunnr%2CArendeAr%2CInkomdatum%2CAnmaldHa%2CAvvHa%2CAvvSasong%2CAvverktyp&returnGeometry=false&orderByFields=Beteckn&f=json,2026-09-06T00:15:55Z,200,application/json,129132,a1b1eee28b9f68a44b5c063b8b78aeb74e4da8de1a2b6f32bd38798f64299d49,"""71bc86c""",,changed,raw/skogsstyrelsen.harvest.notified/2026/09/20260906T001555Z-a1b1eee28b9f.json,,
skogsstyrelsen.harvest.notified,https://geodpags.skogsstyrelsen.se/arcgis/rest/services/Geodataportal/GeodataportalVisaAvverkningsanmalan/MapServer/0/query?where=Lannr%3D%2725%27+AND+ArendeAr%3D2026+AND+Inkomdatum+%3E%3D+DATE+%272026-10-01%27&outFields=Beteckn%2CLannr%2CKommunnr%2CArendeAr%2CInkomdatum%2CAnmaldHa%2CAvvHa%2CAvvSasong%2CAvverktyp&returnGeometry=false&orderByFields=Beteckn&f=json,2026-09-06T00:15:58Z,304,application/json,936,3d0f45d783ae7060dc59f31a43ab33b33371bcebb992b2ffbe734fab5b0bd1b8,"""e2d6243""",,unchanged,raw/skogsstyrelsen.harvest.notified/2026/09/20260904T141016Z-3d0f45d783ae.json,not_modified,
skogsstyrelsen.harvest.notified,https://geodpags.skogsstyrelsen.se/arcgis/rest/services/Geodataportal/GeodataportalVisaAvverkningsanmalan/MapServer/0/query?where=Lannr%3D%2724%27+AND+ArendeAr%3D2023+AND+Inkomdatum+%3C+DATE+%272023-04-01%27&outFields=Beteckn%2CLannr%2CKommunnr%2CArendeAr%2CInkomdatum%2CAnmaldHa%2CAvvHa%2CAvvSasong%2CAvverktyp&returnGeometry=false&orderByFields=Beteckn&f=json,2026-09-06T00:16:02Z,304,application/json,67173,d26522379fd692a5312595db2094e0c8bd3f7a15b57bc0fcbb8b4382627747fe,"""1684f571""",,unchanged,raw/skogsstyrelsen.harvest.notified/2026/09/20260904T141019Z-d26522379fd6.json,not_modified,
skogsstyrelsen.harvest.notified,https://geodpags.skogsstyrelsen.se/arcgis/rest/services/Geodataportal/GeodataportalVisaAvverkningsanmalan/MapServer/0/query?where=Lannr%3D%2724%27+AND+ArendeAr%3D2023+AND+Inkomdatum+%3E%3D+DATE+%272023-04-01%27+AND+Inkomdatum+%3C+DATE+%272023-07-01%27&outFields=Beteckn%2CLannr%2CKommunnr%2CArendeAr%2CInkomdatum%2CAnmaldHa%2CAvvHa%2CAvvSasong%2CAvverktyp&returnGeometry=false&orderByFields=Beteckn&f=json,2026-09-06T00:16:04Z,304,application/json,69003,464e668bcda82927b2707c199f60ee3572ceb7534346931e8f4699a7f1180b66,"""fc387007""",,unchanged,raw/skogsstyrelsen.harvest.notified/2026/09/20260904T141021Z-464e668bcda8.json,not_modified,
skogsstyrelsen.harvest.notified,https://geodpags.skogsstyrelsen.se/arcgis/rest/services/Geodataportal/GeodataportalVisaAvverkningsanmalan/MapServer/0/query?where=Lannr%3D%2724%27+AND+ArendeAr%3D2023+AND+Inkomdatum+%3E%3D+DATE+%272023-07-01%27+AND+Inkomdatum+%3C+DATE+%272023-10-01%27&outFields=Beteckn%2CLannr%2CKommunnr%2CArendeAr%2CInkomdatum%2CAnmaldHa%2CAvvHa%2CAvvSasong%2CAvverktyp&returnGeometry=false&orderByFields=Beteckn&f=json,2026-09-06T00:16:07Z,200,application/json,108862,9974d5a4e7f9b3e3de55125415f306d07a55994da380f06517fc291dbbfc231c,"""7987f720""",,changed,raw/skogsstyrelsen.harvest.notified/2026/09/20260906T001607Z-9974d5a4e7f9.json,,
skogsstyrelsen.harvest.notified,https://geodpags.skogsstyrelsen.se/arcgis/rest/services/Geodataportal/GeodataportalVisaAvverkningsanmalan/MapServer/0/query?where=Lannr%3D%2724%27+AND+ArendeAr%3D2023+AND+Inkomdatum+%3E%3D+DATE+%272023-10-01%27&outFields=Beteckn%2CLannr%2CKommunnr%2CArendeAr%2CInkomdatum%2CAnmaldHa%2CAvvHa%2CAvvSasong%2CAvverktyp&returnGeometry=false&orderByFields=Beteckn&f=json,2026-09-06T00:16:11Z,304,application/json,93564,de7e9a2112aa857d6829d89c885606837dd3c897e2645aad0450690848a3cffb,"""b803946""",,unchanged,raw/skogsstyrelsen.harvest.notified/2026/09/20260904T141029Z-de7e9a2112aa.json,not_modified,
skogsstyrelsen.harvest.notified,https://geodpags.skogsstyrelsen.se/arcgis/rest/services/Geodataportal/GeodataportalVisaAvverkningsanmalan/MapServer/0/query?where=Lannr%3D%2708%27+AND+ArendeAr%3D2023+AND+Inkomdatum+%3C+DATE+%272023-04-01%27&outFields=Beteckn%2CLannr%2CKommunnr%2CArendeAr%2CInkomdatum%2CAnmaldHa%2CAvvHa%2CAvvSasong%2CAvverktyp&returnGeometry=false&orderByFields=Beteckn&f=json,2026-09-06T00:16:14Z,304,application/json,84656,a05d69b4b66bd40739f8b66e261f55cb841fc287d2cd71b9aaab93a2f6b04672,"""98fa64b3""",,unchanged,raw/skogsstyrelsen.harvest.notified/2026/09/20260904T141033Z-a05d69b4b66b.json,not_modified,
skogsstyrelsen.harvest.notified,https://geodpags.skogsstyrelsen.se/arcgis/rest/services/Geodataportal/GeodataportalVisaAvverkningsanmalan/MapServer/0/query?where=Lannr%3D%2708%27+AND+ArendeAr%3D2023+AND+Inkomdatum+%3E%3D+DATE+%272023-04-01%27+AND+Inkomdatum+%3C+DATE+%272023-07-01%27&outFields=Beteckn%2CLannr%2CKommunnr%2CArendeAr%2CInkomdatum%2CAnmaldHa%2CAvvHa%2CAvvSasong%2CAvverktyp&returnGeometry=false&orderByFields=Beteckn&f=json,2026-09-06T00:16:17Z,304,application/json,78105,cb5365b2047b62c8d80622be309912ea863748214628f9db7b5b4a5a3c54232f,"""dcd96ed4""",,unchanged,raw/skogsstyrelsen.harvest.notified/2026/09/20260904T141037Z-cb5365b2047b.json,not_modified,
skogsstyrelsen.harvest.notified,https://geodpags.skogsstyrelsen.se/arcgis/rest/services/Geodataportal/GeodataportalVisaAvverkningsanmalan/MapServer/0/query?where=Lannr%3D%2708%27+AND+ArendeAr%3D2023+AND+Inkomdatum+%3E%3D+DATE+%272023-07-01%27+AND+Inkomdatum+%3C+DATE+%272023-10-01%27&outFields=Beteckn%2CLannr%2CKommunnr%2CArendeAr%2CInkomdatum%2CAnmaldHa%2CAvvHa%2CAvvSasong%2CAvverktyp&returnGeometry=false&orderByFields=Beteckn&f=json,2026-09-06T00:16:19Z,304,application/json,87831,1e6c848fea775f137fe58730ff7e9f4610a711dbd01a6f32d47d11c7fd642f0d,"""4691d9a""",,unchanged,raw/skogsstyrelsen.harvest.notified/2026/09/20260904T141040Z-1e6c848fea77.json,not_modified,
skogsstyrelsen.harvest.notified,https://geodpags.skogsstyrelsen.se/arcgis/rest/services/Geodataportal/GeodataportalVisaAvverkningsanmalan/MapServer/0/query?where=Lannr%3D%2708%27+AND+ArendeAr%3D2023+AND+Inkomdatum+%3E%3D+DATE+%272023-10-01%27&outFields=Beteckn%2CLannr%2CKommunnr%2CArendeAr%2CInkomdatum%2CAnmaldHa%2CAvvHa%2CAvvSasong%2CAvverktyp&returnGeometry=false&orderByFields=Beteckn&f=json,2026-09-06T00:16:22Z,304,application/json,80869,3c3ef8e0d7b413c0df24ee1fd5caeb25b08b7b8630434908d3ca760d89228c55,"""a157e34c""",,unchanged,raw/skogsstyrelsen.harvest.notified/2026/09/20260904T141044Z-3c3ef8e0d7b4.json,not_modified,
skogsstyrelsen.harvest.notified,https://geodpags.skogsstyrelsen.se/arcgis/rest/services/Geodataportal/GeodataportalVisaAvverkningsanmalan/MapServer/0/query?where=Lannr%3D%2720%27+AND+ArendeAr%3D2024+AND+Inkomdatum+%3C+DATE+%272024-04-01%27&outFields=Beteckn%2CLannr%2CKommunnr%2CArendeAr%2CInkomdatum%2CAnmaldHa%2CAvvHa%2CAvvSasong%2CAvverktyp&returnGeometry=false&orderByFields=Beteckn&f=json,2026-09-06T00:16:24Z,304,application/json,58934,65829a1004d6c3616cab0c215556d09ad48d9326570bd2476dd48c45e7ef5dae,"""cf3ba4db""",,unchanged,raw/skogsstyrelsen.harvest.notified/2026/09/20260904T141047Z-65829a1004d6.json,not_modified,
skogsstyrelsen.harvest.notified,https://geodpags.skogsstyrelsen.se/arcgis/rest/services/Geodataportal/GeodataportalVisaAvverkningsanmalan/MapServer/0/query?where=Lannr%3D%2720%27+AND+ArendeAr%3D2024+AND+Inkomdatum+%3E%3D+DATE+%272024-04-01%27+AND+Inkomdatum+%3C+DATE+%272024-07-01%27&outFields=Beteckn%2CLannr%2CKommunnr%2CArendeAr%2CInkomdatum%2CAnmaldHa%2CAvvHa%2CAvvSasong%2CAvverktyp&returnGeometry=false&orderByFields=Beteckn&f=json,2026-09-06T00:16:27Z,304,application/json,56421,2d5481df9b362827dc97415d544f194213a11d523ecf5e44ba7790e39f012e46,"""872f2259""",,unchanged,raw/skogsstyrelsen.harvest.notified/2026/09/20260904T141050Z-2d5481df9b36.json,not_modified,
skogsstyrelsen.harvest.notified,https://geodpags.skogsstyrelsen.se/arcgis/rest/services/Geodataportal/GeodataportalVisaAvverkningsanmalan/MapServer/0/query?where=Lannr%3D%2720%27+AND+ArendeAr%3D2024+AND+Inkomdatum+%3E%3D+DATE+%272024-07-01%27+AND+Inkomdatum+%3C+DATE+%272024-10-01%27&outFields=Beteckn%2CLannr%2CKommunnr%2CArendeAr%2CInkomdatum%2CAnmaldHa%2CAvvHa%2CAvvSasong%2CAvverktyp&returnGeometry=false&orderByFields=Beteckn&f=json,2026-09-06T00:16:33Z,304,application/json,94435,d6c529c9aeaa0c5953ccad969eda877f996b4a362bd9bcd58c635246e865e2d5,"""42eb189""",,unchanged,raw/skogsstyrelsen.harvest.notified/2026/09/20260904T141053Z-d6c529c9aeaa.json,not_modified,
skogsstyrelsen.harvest.notified,https://geodpags.skogsstyrelsen.se/arcgis/rest/services/Geodataportal/GeodataportalVisaAvverkningsanmalan/MapServer/0/query?where=Lannr%3D%2720%27+AND+ArendeAr%3D2024+AND+Inkomdatum+%3E%3D+DATE+%272024-10-01%27&outFields=Beteckn%2CLannr%2CKommunnr%2CArendeAr%2CInkomdatum%2CAnmaldHa%2CAvvHa%2CAvvSasong%2CAvverktyp&returnGeometry=false&orderByFields=Beteckn&f=json,2026-09-06T00:16:37Z,304,application/json,112674,9d8599f5a7a78dc89e79f7c68377891a8d2b4b285b8b56a5d10aec45233bc1a7,"""b61b111""",,unchanged,raw/skogsstyrelsen.harvest.notified/2026/09/20260904T141056Z-9d8599f5a7a7.json,not_modified,
skogsstyrelsen.harvest.notified,https://geodpags.skogsstyrelsen.se/arcgis/rest/services/Geodataportal/GeodataportalVisaAvverkningsanmalan/MapServer/0/query?where=Lannr%3D%2723%27+AND+ArendeAr%3D2024+AND+Inkomdatum+%3C+DATE+%272024-04-01%27&outFields=Beteckn%2CLannr%2CKommunnr%2CArendeAr%2CInkomdatum%2CAnmaldHa%2CAvvHa%2CAvvSasong%2CAvverktyp&returnGeometry=false&orderByFields=Beteckn&f=json,2026-09-06T00:16:39Z,304,application/json,50732,b06eba23921874f354bddefb919c8526655dbbd8ec4e8c551f81b117ef23b445,"""3f63c25a""",,unchanged,raw/skogsstyrelsen.harvest.notified/2026/09/20260904T141059Z-b06eba239218.json,not_modified,
skogsstyrelsen.harvest.notified,https://geodpags.skogsstyrelsen.se/arcgis/rest/services/Geodataportal/GeodataportalVisaAvverkningsanmalan/MapServer/0/query?where=Lannr%3D%2723%27+AND+ArendeAr%3D2024+AND+Inkomdatum+%3E%3D+DATE+%272024-04-01%27+AND+Inkomdatum+%3C+DATE+%272024-07-01%27&outFields=Beteckn%2CLannr%2CKommunnr%2CArendeAr%2CInkomdatum%2CAnmaldHa%2CAvvHa%2CAvvSasong%2CAvverktyp&returnGeometry=false&orderByFields=Beteckn&f=json,2026-09-06T00:16:42Z,304,application/json,70889,1e54c3c41eba078b6b0f1c54fb2d902dfe9f5fb17dd41952b958fcc62d179058,"""118d0426""",,unchanged,raw/skogsstyrelsen.harvest.notified/2026/09/20260904T141102Z-1e54c3c41eba.json,not_modified,
skogsstyrelsen.harvest.notified,https://geodpags.skogsstyrelsen.se/arcgis/rest/services/Geodataportal/GeodataportalVisaAvverkningsanmalan/MapServer/0/query?where=Lannr%3D%2723%27+AND+ArendeAr%3D2024+AND+Inkomdatum+%3E%3D+DATE+%272024-07-01%27+AND+Inkomdatum+%3C+DATE+%272024-10-01%27&outFields=Beteckn%2CLannr%2CKommunnr%2CArendeAr%2CInkomdatum%2CAnmaldHa%2CAvvHa%2CAvvSasong%2CAvverktyp&returnGeometry=false&orderByFields=Beteckn&f=json,2026-09-06T00:16:44Z,304,application/json,92424,370cf23095888eb13a2f4bc3ea150f602c6a1b5b88ddb8d7db4b1b301719a417,"""a01e6e1c""",,unchanged,raw/skogsstyrelsen.harvest.notified/2026/09/20260904T141106Z-370cf2309588.json,not_modified,
skogsstyrelsen.harvest.notified,https://geodpags.skogsstyrelsen.se/arcgis/rest/services/Geodataportal/GeodataportalVisaAvverkningsanmalan/MapServer/0/query?where=Lannr%3D%2723%27+AND+ArendeAr%3D2024+AND+Inkomdatum+%3E%3D+DATE+%272024-10-01%27&outFields=Beteckn%2CLannr%2CKommunnr%2CArendeAr%2CInkomdatum%2CAnmaldHa%2CAvvHa%2CAvvSasong%2CAvverktyp&returnGeometry=false&orderByFields=Beteckn&f=json,2026-09-06T00:16:47Z,304,application/json,114015,b7252d23efff09dbb2c96b6010b29ef3fa274a73d028f98f2ab685d28a1bd8a3,"""fbcff9eb""",,unchanged,raw/skogsstyrelsen.harvest.notified/2026/09/20260904T141109Z-b7252d23efff.json,not_modified,
skogsstyrelsen.harvest.notified,https://geodpags.skogsstyrelsen.se/arcgis/rest/services/Geodataportal/GeodataportalVisaAvverkningsanmalan/MapServer/0/query?where=Lannr%3D%2717%27+AND+ArendeAr%3D2022+AND+Inkomdatum+%3C+DATE+%272022-04-01%27&outFields=Beteckn%2CLannr%2CKommunnr%2CArendeAr%2CInkomdatum%2CAnmaldHa%2CAvvHa%2CAvvSasong%2CAvverktyp&returnGeometry=false&orderByFields=Beteckn&f=json,2026-09-06T00:16:49Z,304,application/json,81054,d218b2ecc403e005209784260584238da3175bb725cf354447234cc05fdbbda5,"""4ade498c""",,unchanged,raw/skogsstyrelsen.harvest.notified/2026/09/20260904T154311Z-d218b2ecc403.json,not_modified,
skogsstyrelsen.harvest.notified,https://geodpags.skogsstyrelsen.se/arcgis/rest/services/Geodataportal/GeodataportalVisaAvverkningsanmalan/MapServer/0/query?where=Lannr%3D%2717%27+AND+ArendeAr%3D2022+AND+Inkomdatum+%3E%3D+DATE+%272022-04-01%27+AND+Inkomdatum+%3C+DATE+%272022-07-01%27&outFields=Beteckn%2CLannr%2CKommunnr%2CArendeAr%2CInkomdatum%2CAnmaldHa%2CAvvHa%2CAvvSasong%2CAvverktyp&returnGeometry=false&orderByFields=Beteckn&f=json,2026-09-06T00:16:52Z,304,application/json,61093,db2c7cbaf55f6461f757ed08f0407737547d872bc5e5d35b28ece4fb8c617cd4,"""c8a68ef1""",,unchanged,raw/skogsstyrelsen.harvest.notified/2026/09/20260904T141116Z-db2c7cbaf55f.json,not_modified,
skogsstyrelsen.harvest.notified,https://geodpags.skogsstyrelsen.se/arcgis/rest/services/Geodataportal/GeodataportalVisaAvverkningsanmalan/MapServer/0/query?where=Lannr%3D%2717%27+AND+ArendeAr%3D2022+AND+Inkomdatum+%3E%3D+DATE+%272022-07-01%27+AND+Inkomdatum+%3C+DATE+%272022-10-01%27&outFields=Beteckn%2CLannr%2CKommunnr%2CArendeAr%2CInkomdatum%2CAnmaldHa%2CAvvHa%2CAvvSasong%2CAvverktyp&returnGeometry=false&orderByFields=Beteckn&f=json,2026-09-06T00:16:54Z,304,application/json,84518,7da840e11e5c0de5a251c5bd9fe4ee7c8dbbe83d87411e657d83df562415abe9,"""7750f4e1""",,unchanged,raw/skogsstyrelsen.harvest.notified/2026/09/20260904T141121Z-7da840e11e5c.json,not_modified,
skogsstyrelsen.harvest.notified,https://geodpags.skogsstyrelsen.se/arcgis/rest/services/Geodataportal/GeodataportalVisaAvverkningsanmalan/MapServer/0/query?where=Lannr%3D%2717%27+AND+ArendeAr%3D2022+AND+Inkomdatum+%3E%3D+DATE+%272022-10-01%27&outFields=Beteckn%2CLannr%2CKommunnr%2CArendeAr%2CInkomdatum%2CAnmaldHa%2CAvvHa%2CAvvSasong%2CAvverktyp&returnGeometry=false&orderByFields=Beteckn&f=json,2026-09-06T00:16:57Z,304,application/json,91933,c67a3a9935800aca5ece98ed8a5db46fda2ddc65618a5d97c27f5e2e864875a7,"""7061410a""",,unchanged,raw/skogsstyrelsen.harvest.notified/2026/09/20260904T141124Z-c67a3a993580.json,not_modified,
skogsstyrelsen.harvest.notified,https://geodpags.skogsstyrelsen.se/arcgis/rest/services/Geodataportal/GeodataportalVisaAvverkningsanmalan/MapServer/0/query?where=Lannr%3D%2706%27+AND+ArendeAr%3D2025+AND+Inkomdatum+%3C+DATE+%272025-04-01%27&outFields=Beteckn%2CLannr%2CKommunnr%2CArendeAr%2CInkomdatum%2CAnmaldHa%2CAvvHa%2CAvvSasong%2CAvverktyp&returnGeometry=false&orderByFields=Beteckn&f=json,2026-09-06T00:16:59Z,304,application/json,73195,72b275d6dce623b5acb9acc5522015734b773388d5c96f7505d5988183087c2c,"""60c6d1a0""",,unchanged,raw/skogsstyrelsen.harvest.notified/2026/09/20260904T141128Z-72b275d6dce6.json,not_modified,
skogsstyrelsen.harvest.notified,https://geodpags.skogsstyrelsen.se/arcgis/rest/services/Geodataportal/GeodataportalVisaAvverkningsanmalan/MapServer/0/query?where=Lannr%3D%2706%27+AND+ArendeAr%3D2025+AND+Inkomdatum+%3E%3D+DATE+%272025-04-01%27+AND+Inkomdatum+%3C+DATE+%272025-07-01%27&outFields=Beteckn%2CLannr%2CKommunnr%2CArendeAr%2CInkomdatum%2CAnmaldHa%2CAvvHa%2CAvvSasong%2CAvverktyp&returnGeometry=false&orderByFields=Beteckn&f=json,2026-09-06T00:17:02Z,304,application/json,76361,c50c5122a2aa5945b50a5de69679e14f0c2f249cbe80259015aaaba7d436a9b9,"""c6b85843""",,unchanged,raw/skogsstyrelsen.harvest.notified/2026/09/20260904T141133Z-c50c5122a2aa.json,not_modified,
skogsstyrelsen.harvest.notified,https://geodpags.skogsstyrelsen.se/arcgis/rest/services/Geodataportal/GeodataportalVisaAvverkningsanmalan/MapServer/0/query?where=Lannr%3D%2706%27+AND+ArendeAr%3D2025+AND+Inkomdatum+%3E%3D+DATE+%272025-07-01%27+AND+Inkomdatum+%3C+DATE+%272025-10-01%27&outFields=Beteckn%2CLannr%2CKommunnr%2CArendeAr%2CInkomdatum%2CAnmaldHa%2CAvvHa%2CAvvSasong%2CAvverktyp&returnGeometry=false&orderByFields=Beteckn&f=json,2026-09-06T00:17:05Z,304,application/json,72225,6aa1b32f041c6e269f8bf0778f2ec884bbb23d9f41225ea05e4a77071968ddc0,"""e0e142d1""",,unchanged,raw/skogsstyrelsen.harvest.notified/2026/09/20260904T141137Z-6aa1b32f041c.json,not_modified,
skogsstyrelsen.harvest.notified,https://geodpags.skogsstyrelsen.se/arcgis/rest/services/Geodataportal/GeodataportalVisaAvverkningsanmalan/MapServer/0/query?where=Lannr%3D%2706%27+AND+ArendeAr%3D2025+AND+Inkomdatum+%3E%3D+DATE+%272025-10-01%27&outFields=Beteckn%2CLannr%2CKommunnr%2CArendeAr%2CInkomdatum%2CAnmaldHa%2CAvvHa%2CAvvSasong%2CAvverktyp&returnGeometry=false&orderByFields=Beteckn&f=json,2026-09-06T00:17:07Z,304,application/json,85725,2f6211727bf85c9ce961a56ed75ae2887abc1eeb453d96c8b5eaca38328c8e03,"""c80482f4""",,unchanged,raw/skogsstyrelsen.harvest.notified/2026/09/20260904T141141Z-2f6211727bf8.json,not_modified,
skogsstyrelsen.harvest.notified,https://geodpags.skogsstyrelsen.se/arcgis/rest/services/Geodataportal/GeodataportalVisaAvverkningsanmalan/MapServer/0/query?where=Lannr%3D%2722%27+AND+ArendeAr%3D2023+AND+Inkomdatum+%3C+DATE+%272023-04-01%27&outFields=Beteckn%2CLannr%2CKommunnr%2CArendeAr%2CInkomdatum%2CAnmaldHa%2CAvvHa%2CAvvSasong%2CAvverktyp&returnGeometry=false&orderByFields=Beteckn&f=json,2026-09-06T00:17:10Z,304,application/json,52407,a210d07f4e62db4c12abafaef9ce2ae44944d2203ec9df9b063e3ba581fe265b,"""11888c5c""",,unchanged,raw/skogsstyrelsen.harvest.notified/2026/09/20260904T141146Z-a210d07f4e62.json,not_modified,
skogsstyrelsen.harvest.notified,https://geodpags.skogsstyrelsen.se/arcgis/rest/services/Geodataportal/GeodataportalVisaAvverkningsanmalan/MapServer/0/query?where=Lannr%3D%2722%27+AND+ArendeAr%3D2023+AND+Inkomdatum+%3E%3D+DATE+%272023-04-01%27+AND+Inkomdatum+%3C+DATE+%272023-07-01%27&outFields=Beteckn%2CLannr%2CKommunnr%2CArendeAr%2CInkomdatum%2CAnmaldHa%2CAvvHa%2CAvvSasong%2CAvverktyp&returnGeometry=false&orderByFields=Beteckn&f=json,2026-09-06T00:17:12Z,200,application/json,65899,e2c2d67a701a704d75fccd51c9cf776666b4b6be121d79ec7b36a4a35b40e1b3,"""197f3913""",,changed,raw/skogsstyrelsen.harvest.notified/2026/09/20260906T001712Z-e2c2d67a701a.json,,
skogsstyrelsen.harvest.notified,https://geodpags.skogsstyrelsen.se/arcgis/rest/services/Geodataportal/GeodataportalVisaAvverkningsanmalan/MapServer/0/query?where=Lannr%3D%2722%27+AND+ArendeAr%3D2023+AND+Inkomdatum+%3E%3D+DATE+%272023-07-01%27+AND+Inkomdatum+%3C+DATE+%272023-10-01%27&outFields=Beteckn%2CLannr%2CKommunnr%2CArendeAr%2CInkomdatum%2CAnmaldHa%2CAvvHa%2CAvvSasong%2CAvverktyp&returnGeometry=false&orderByFields=Beteckn&f=json,2026-09-06T00:17:15Z,304,application/json,85051,90db30cc8e40db215d275a61afc21aff1734fa474e82170c06cdf0d5dbd87382,"""d88adc22""",,unchanged,raw/skogsstyrelsen.harvest.notified/2026/09/20260904T141156Z-90db30cc8e40.json,not_modified,
skogsstyrelsen.harvest.notified,https://geodpags.skogsstyrelsen.se/arcgis/rest/services/Geodataportal/GeodataportalVisaAvverkningsanmalan/MapServer/0/query?where=Lannr%3D%2722%27+AND+ArendeAr%3D2023+AND+Inkomdatum+%3E%3D+DATE+%272023-10-01%27&outFields=Beteckn%2CLannr%2CKommunnr%2CArendeAr%2CInkomdatum%2CAnmaldHa%2CAvvHa%2CAvvSasong%2CAvverktyp&returnGeometry=false&orderByFields=Beteckn&f=json,2026-09-06T00:17:18Z,304,application/json,98279,a0e73f7b4e40841986d3be2b1950f98cc9323a1b49663419a14e3dc15f904ba9,"""1b9f7ae6""",,unchanged,raw/skogsstyrelsen.harvest.notified/2026/09/20260904T141159Z-a0e73f7b4e40.json,not_modified,
skogsstyrelsen.harvest.notified,https://geodpags.skogsstyrelsen.se/arcgis/rest/services/Geodataportal/GeodataportalVisaAvverkningsanmalan/MapServer/0/query?where=Lannr%3D%2721%27+AND+ArendeAr%3D2024&outFields=Beteckn%2CLannr%2CKommunnr%2CArendeAr%2CInkomdatum%2CAnmaldHa%2CAvvHa%2CAvvSasong%2CAvverktyp&returnGeometry=false&orderByFields=Beteckn&f=json,2026-09-06T00:17:20Z,304,application/json,285356,73045ea79d69770c3ed867cd1c78b51cf1c9173562d04ff695d17088b71463a2,"""fa1bf881""",,unchanged,raw/skogsstyrelsen.harvest.notified/2026/09/20260904T141204Z-73045ea79d69.json,not_modified,
skogsstyrelsen.harvest.notified,https://geodpags.skogsstyrelsen.se/arcgis/rest/services/Geodataportal/GeodataportalVisaAvverkningsanmalan/MapServer/0/query?where=Lannr%3D%2706%27+AND+ArendeAr%3D2023&outFields=Beteckn%2CLannr%2CKommunnr%2CArendeAr%2CInkomdatum%2CAnmaldHa%2CAvvHa%2CAvvSasong%2CAvverktyp&returnGeometry=false&orderByFields=Beteckn&f=json,2026-09-06T00:17:23Z,304,application/json,276147,a9b241f0481132d7d7df1e117ae2dfb73cdf275b3554a56bb94570e41b720ef0,"""d69de3cb""",,unchanged,raw/skogsstyrelsen.harvest.notified/2026/09/20260904T154342Z-a9b241f04811.json,not_modified,
skogsstyrelsen.harvest.notified,https://geodpags.skogsstyrelsen.se/arcgis/rest/services/Geodataportal/GeodataportalVisaAvverkningsanmalan/MapServer/0/query?where=Lannr%3D%2720%27+AND+ArendeAr%3D2023&outFields=Beteckn%2CLannr%2CKommunnr%2CArendeAr%2CInkomdatum%2CAnmaldHa%2CAvvHa%2CAvvSasong%2CAvverktyp&returnGeometry=false&orderByFields=Beteckn&f=json,2026-09-06T00:17:25Z,304,application/json,268929,9d9f00ed65cf30adba4ce8888867eb9c67bf58a756679daa30bd3766713d7b09,"""c348527f""",,unchanged,raw/skogsstyrelsen.harvest.notified/2026/09/20260904T141212Z-9d9f00ed65cf.json,not_modified,
skogsstyrelsen.harvest.notified,https://geodpags.skogsstyrelsen.se/arcgis/rest/services/Geodataportal/GeodataportalVisaAvverkningsanmalan/MapServer/0/query?where=Lannr%3D%2705%27+AND+ArendeAr%3D2023&outFields=Beteckn%2CLannr%2CKommunnr%2CArendeAr%2CInkomdatum%2CAnmaldHa%2CAvvHa%2CAvvSasong%2CAvverktyp&returnGeometry=false&orderByFields=Beteckn&f=json,2026-09-06T00:17:28Z,200,application/json,263510,1b57a7bf7eed752ba0da7b339173a939aa253c7bb8ba26e12d945b8b652d74cf,"""83a2cea7""",,changed,raw/skogsstyrelsen.harvest.notified/2026/09/20260906T001728Z-1b57a7bf7eed.json,,
skogsstyrelsen.harvest.notified,https://geodpags.skogsstyrelsen.se/arcgis/rest/services/Geodataportal/GeodataportalVisaAvverkningsanmalan/MapServer/0/query?where=Lannr%3D%2722%27+AND+ArendeAr%3D2022&outFields=Beteckn%2CLannr%2CKommunnr%2CArendeAr%2CInkomdatum%2CAnmaldHa%2CAvvHa%2CAvvSasong%2CAvverktyp&returnGeometry=false&orderByFields=Beteckn&f=json,2026-09-06T00:17:30Z,304,application/json,267746,bf294bc2a4696982dbc67eb1ba12d6a249d9270cc45738b9d411c96a67cc9686,"""6dfb1d71""",,unchanged,raw/skogsstyrelsen.harvest.notified/2026/09/20260904T141220Z-bf294bc2a469.json,not_modified,
skogsstyrelsen.harvest.notified,https://geodpags.skogsstyrelsen.se/arcgis/rest/services/Geodataportal/GeodataportalVisaAvverkningsanmalan/MapServer/0/query?where=Lannr%3D%2723%27+AND+ArendeAr%3D2023&outFields=Beteckn%2CLannr%2CKommunnr%2CArendeAr%2CInkomdatum%2CAnmaldHa%2CAvvHa%2CAvvSasong%2CAvverktyp&returnGeometry=false&orderByFields=Beteckn&f=json,2026-09-06T00:17:33Z,200,application/json,268436,3d78cb5a6aa9d999fd721e5c81630368838612a0234a84da6b0ac4cbd18f9860,"""e9fd874e""",,changed,raw/skogsstyrelsen.harvest.notified/2026/09/20260906T001733Z-3d78cb5a6aa9.json,,
skogsstyrelsen.harvest.notified,https://geodpags.skogsstyrelsen.se/arcgis/rest/services/Geodataportal/GeodataportalVisaAvverkningsanmalan/MapServer/0/query?where=Lannr%3D%2707%27+AND+ArendeAr%3D2023&outFields=Beteckn%2CLannr%2CKommunnr%2CArendeAr%2CInkomdatum%2CAnmaldHa%2CAvvHa%2CAvvSasong%2CAvverktyp&returnGeometry=false&orderByFields=Beteckn&f=json,2026-09-06T00:17:36Z,304,application/json,255222,86062cbad35717ff0169eae22864070c71e9753308d0224181d588a6d0854578,"""6d05829c""",,unchanged,raw/skogsstyrelsen.harvest.notified/2026/09/20260904T141228Z-86062cbad357.json,not_modified,
skogsstyrelsen.harvest.notified,https://geodpags.skogsstyrelsen.se/arcgis/rest/services/Geodataportal/GeodataportalVisaAvverkningsanmalan/MapServer/0/query?where=Lannr%3D%2706%27+AND+ArendeAr%3D2024&outFields=Beteckn%2CLannr%2CKommunnr%2CArendeAr%2CInkomdatum%2CAnmaldHa%2CAvvHa%2CAvvSasong%2CAvverktyp&returnGeometry=false&orderByFields=Beteckn&f=json,2026-09-06T00:17:39Z,304,application/json,256016,6afca91adcf7f9f4f52d8944c55761b234b607480c9717c5af60fda04fb373ad,"""71bc61d8""",,unchanged,raw/skogsstyrelsen.harvest.notified/2026/09/20260904T141233Z-6afca91adcf7.json,not_modified,
skogsstyrelsen.harvest.notified,https://geodpags.skogsstyrelsen.se/arcgis/rest/services/Geodataportal/GeodataportalVisaAvverkningsanmalan/MapServer/0/query?where=Lannr%3D%2724%27+AND+ArendeAr%3D2022&outFields=Beteckn%2CLannr%2CKommunnr%2CArendeAr%2CInkomdatum%2CAnmaldHa%2CAvvHa%2CAvvSasong%2CAvverktyp&returnGeometry=false&orderByFields=Beteckn&f=json,2026-09-06T00:17:42Z,200,application/json,239481,3906e73fe68f8f052440ddd4cf0d816fd25c023f538efb58e6bb0addc7d5d879,"""8c36faad""",,changed,raw/skogsstyrelsen.harvest.notified/2026/09/20260906T001742Z-3906e73fe68f.json,,
skogsstyrelsen.harvest.notified,https://geodpags.skogsstyrelsen.se/arcgis/rest/services/Geodataportal/GeodataportalVisaAvverkningsanmalan/MapServer/0/query?where=Lannr%3D%2708%27+AND+ArendeAr%3D2025&outFields=Beteckn%2CLannr%2CKommunnr%2CArendeAr%2CInkomdatum%2CAnmaldHa%2CAvvHa%2CAvvSasong%2CAvverktyp&returnGeometry=false&orderByFields=Beteckn&f=json,2026-09-06T00:17:45Z,304,application/json,237818,68a9ae68e908bed031f6a77c6d87cea8b9f93a11b2fab1d0c31ea450f2bfb481,"""8af2433a""",,unchanged,raw/skogsstyrelsen.harvest.notified/2026/09/20260904T141240Z-68a9ae68e908.json,not_modified,
skogsstyrelsen.harvest.notified,https://geodpags.skogsstyrelsen.se/arcgis/rest/services/Geodataportal/GeodataportalVisaAvverkningsanmalan/MapServer/0/query?where=Lannr%3D%2705%27+AND+ArendeAr%3D2025&outFields=Beteckn%2CLannr%2CKommunnr%2CArendeAr%2CInkomdatum%2CAnmaldHa%2CAvvHa%2CAvvSasong%2CAvverktyp&returnGeometry=false&orderByFields=Beteckn&f=json,2026-09-06T00:17:48Z,304,application/json,237499,cf912141bf9782b5d655c86f5b5dc116d950cdb19fe5c721386ed39c8d24d97e,"""a4c4f1b7""",,unchanged,raw/skogsstyrelsen.harvest.notified/2026/09/20260904T141243Z-cf912141bf97.json,not_modified,
skogsstyrelsen.harvest.notified,https://geodpags.skogsstyrelsen.se/arcgis/rest/services/Geodataportal/GeodataportalVisaAvverkningsanmalan/MapServer/0/query?where=Lannr%3D%2723%27+AND+ArendeAr%3D2022&outFields=Beteckn%2CLannr%2CKommunnr%2CArendeAr%2CInkomdatum%2CAnmaldHa%2CAvvHa%2CAvvSasong%2CAvverktyp&returnGeometry=false&orderByFields=Beteckn&f=json,2026-09-06T00:17:50Z,200,application/json,240921,0a7584fc08531f78a43f392f4587cca8afa78a6fb4bc52b7a6e18df6aa00783a,"""e32f3476""",,changed,raw/skogsstyrelsen.harvest.notified/2026/09/20260906T001750Z-0a7584fc0853.json,,
skogsstyrelsen.harvest.notified,https://geodpags.skogsstyrelsen.se/arcgis/rest/services/Geodataportal/GeodataportalVisaAvverkningsanmalan/MapServer/0/query?where=Lannr%3D%2725%27+AND+ArendeAr%3D2024&outFields=Beteckn%2CLannr%2CKommunnr%2CArendeAr%2CInkomdatum%2CAnmaldHa%2CAvvHa%2CAvvSasong%2CAvverktyp&returnGeometry=false&orderByFields=Beteckn&f=json,2026-09-06T00:17:53Z,304,application/json,233057,49740b35017eaa8715810abbbe89eb916656b46daf677d425996188318f2657e,"""6c5cd555""",,unchanged,raw/skogsstyrelsen.harvest.notified/2026/09/20260904T141250Z-49740b35017e.json,not_modified,
skogsstyrelsen.harvest.notified,https://geodpags.skogsstyrelsen.se/arcgis/rest/services/Geodataportal/GeodataportalVisaAvverkningsanmalan/MapServer/0/query?where=Lannr%3D%2712%27+AND+ArendeAr%3D2023&outFields=Beteckn%2CLannr%2CKommunnr%2CArendeAr%2CInkomdatum%2CAnmaldHa%2CAvvHa%2CAvvSasong%2CAvverktyp&returnGeometry=false&orderByFields=Beteckn&f=json,2026-09-06T00:17:56Z,304,application/json,230356,0993604a0ef96b8550c4a7212a19862e98ab18b04a072ba50d56daf63517fde8,"""583a2571""",,unchanged,raw/skogsstyrelsen.harvest.notified/2026/09/20260904T141253Z-0993604a0ef9.json,not_modified,
skogsstyrelsen.harvest.notified,https://geodpags.skogsstyrelsen.se/arcgis/rest/services/Geodataportal/GeodataportalVisaAvverkningsanmalan/MapServer/0/query?where=Lannr%3D%2721%27+AND+ArendeAr%3D2023&outFields=Beteckn%2CLannr%2CKommunnr%2CArendeAr%2CInkomdatum%2CAnmaldHa%2CAvvHa%2CAvvSasong%2CAvverktyp&returnGeometry=false&orderByFields=Beteckn&f=json,2026-09-06T00:17:58Z,304,application/json,229671,6bfee762a4005f3b4d7b25b5cbcb8b09a005fc2acaee3a8ba4f59e53037fe91e,"""d5156ed6""",,unchanged,raw/skogsstyrelsen.harvest.notified/2026/09/20260904T141257Z-6bfee762a400.json,not_modified,
skogsstyrelsen.harvest.notified,https://geodpags.skogsstyrelsen.se/arcgis/rest/services/Geodataportal/GeodataportalVisaAvverkningsanmalan/MapServer/0/query?where=Lannr%3D%2708%27+AND+ArendeAr%3D2024&outFields=Beteckn%2CLannr%2CKommunnr%2CArendeAr%2CInkomdatum%2CAnmaldHa%2CAvvHa%2CAvvSasong%2CAvverktyp&returnGeometry=false&orderByFields=Beteckn&f=json,2026-09-06T00:18:01Z,304,application/json,222805,0858351d6c5b10ce406cfb93960ddb51d19c555aa01a47f5f098494d0c023b36,"""88f6f3fe""",,unchanged,raw/skogsstyrelsen.harvest.notified/2026/09/20260904T141300Z-0858351d6c5b.json,not_modified,
skogsstyrelsen.harvest.notified,https://geodpags.skogsstyrelsen.se/arcgis/rest/services/Geodataportal/GeodataportalVisaAvverkningsanmalan/MapServer/0/query?where=Lannr%3D%2707%27+AND+ArendeAr%3D2024&outFields=Beteckn%2CLannr%2CKommunnr%2CArendeAr%2CInkomdatum%2CAnmaldHa%2CAvvHa%2CAvvSasong%2CAvverktyp&returnGeometry=false&orderByFields=Beteckn&f=json,2026-09-06T00:18:03Z,304,application/json,221090,7f9f4811ad43b23546bc574f5fbd18fffeff9770422c9698b05e94144dba33a5,"""f63a13e9""",,unchanged,raw/skogsstyrelsen.harvest.notified/2026/09/20260904T141303Z-7f9f4811ad43.json,not_modified,
skogsstyrelsen.harvest.notified,https://geodpags.skogsstyrelsen.se/arcgis/rest/services/Geodataportal/GeodataportalVisaAvverkningsanmalan/MapServer/0/query?where=Lannr%3D%2707%27+AND+ArendeAr%3D2025&outFields=Beteckn%2CLannr%2CKommunnr%2CArendeAr%2CInkomdatum%2CAnmaldHa%2CAvvHa%2CAvvSasong%2CAvverktyp&returnGeometry=false&orderByFields=Beteckn&f=json,2026-09-06T00:18:06Z,200,application/json,221480,a39f5d679700165397c5d344c3767090c1661904fa03cb96a79f5ced8b45472e,"""5c578ef6""",,changed,raw/skogsstyrelsen.harvest.notified/2026/09/20260906T001806Z-a39f5d679700.json,,
skogsstyrelsen.harvest.notified,https://geodpags.skogsstyrelsen.se/arcgis/rest/services/Geodataportal/GeodataportalVisaAvverkningsanmalan/MapServer/0/query?where=Lannr%3D%2712%27+AND+ArendeAr%3D2024&outFields=Beteckn%2CLannr%2CKommunnr%2CArendeAr%2CInkomdatum%2CAnmaldHa%2CAvvHa%2CAvvSasong%2CAvverktyp&returnGeometry=false&orderByFields=Beteckn&f=json,2026-09-06T00:18:09Z,304,application/json,212825,319ced9af45332213ae64144e4655fb6f419dcfe352e20ecf15c9391b253c680,"""b33e6e80""",,unchanged,raw/skogsstyrelsen.harvest.notified/2026/09/20260904T141312Z-319ced9af453.json,not_modified,
skogsstyrelsen.harvest.notified,https://geodpags.skogsstyrelsen.se/arcgis/rest/services/Geodataportal/GeodataportalVisaAvverkningsanmalan/MapServer/0/query?where=Lannr%3D%2708%27+AND+ArendeAr%3D2022&outFields=Beteckn%2CLannr%2CKommunnr%2CArendeAr%2CInkomdatum%2CAnmaldHa%2CAvvHa%2CAvvSasong%2CAvverktyp&returnGeometry=false&orderByFields=Beteckn&f=json,2026-09-06T00:18:11Z,200,application/json,211279,4e552e1a29576c0206ee9d151962bafd1ea118a5d6568754a485bf79ccb0bc1a,"""151621cc""",,changed,raw/skogsstyrelsen.harvest.notified/2026/09/20260906T001811Z-4e552e1a2957.json,,
skogsstyrelsen.harvest.notified,https://geodpags.skogsstyrelsen.se/arcgis/rest/services/Geodataportal/GeodataportalVisaAvverkningsanmalan/MapServer/0/query?where=Lannr%3D%2705%27+AND+ArendeAr%3D2026&outFields=Beteckn%2CLannr%2CKommunnr%2CArendeAr%2CInkomdatum%2CAnmaldHa%2CAvvHa%2CAvvSasong%2CAvverktyp&returnGeometry=false&orderByFields=Beteckn&f=json,2026-09-06T00:18:14Z,304,application/json,209219,dec21e029080b958a7d2238f443636f1ed40f2a2d0255a04c975e43d9f0ded79,"""736386a""",,unchanged,raw/skogsstyrelsen.harvest.notified/2026/09/20260904T141318Z-dec21e029080.json,not_modified,
skogsstyrelsen.harvest.notified,https://geodpags.skogsstyrelsen.se/arcgis/rest/services/Geodataportal/GeodataportalVisaAvverkningsanmalan/MapServer/0/query?where=Lannr%3D%2708%27+AND+ArendeAr%3D2026&outFields=Beteckn%2CLannr%2CKommunnr%2CArendeAr%2CInkomdatum%2CAnmaldHa%2CAvvHa%2CAvvSasong%2CAvverktyp&returnGeometry=false&orderByFields=Beteckn&f=json,2026-09-06T00:18:17Z,304,application/json,208165,e53e012de792c6582daaad03f04c776377e3dcd2444dffad2a2c704117929ee9,"""9f3a0aee""",,unchanged,raw/skogsstyrelsen.harvest.notified/2026/09/20260904T141323Z-e53e012de792.json,not_modified,
skogsstyrelsen.harvest.notified,https://geodpags.skogsstyrelsen.se/arcgis/rest/services/Geodataportal/GeodataportalVisaAvverkningsanmalan/MapServer/0/query?where=Lannr%3D%2706%27+AND+ArendeAr%3D2026&outFields=Beteckn%2CLannr%2CKommunnr%2CArendeAr%2CInkomdatum%2CAnmaldHa%2CAvvHa%2CAvvSasong%2CAvverktyp&returnGeometry=false&orderByFields=Beteckn&f=json,2026-09-06T00:18:20Z,200,application/json,203100,bd32e39075a34ecee7970313eafd274768560be746a84d92b31a461cab92cf16,"""2b6b0""",,changed,raw/skogsstyrelsen.harvest.notified/2026/09/20260906T001820Z-bd32e39075a3.json,,
skogsstyrelsen.harvest.notified,https://geodpags.skogsstyrelsen.se/arcgis/rest/services/Geodataportal/GeodataportalVisaAvverkningsanmalan/MapServer/0/query?where=Lannr%3D%2720%27+AND+ArendeAr%3D2022&outFields=Beteckn%2CLannr%2CKommunnr%2CArendeAr%2CInkomdatum%2CAnmaldHa%2CAvvHa%2CAvvSasong%2CAvverktyp&returnGeometry=false&orderByFields=Beteckn&f=json,2026-09-06T00:18:22Z,304,application/json,198684,ebe1b499813083babc6b1df82094b4e2418c05d34a8820317d0b8d272b76a14c,"""4b5666ed""",,unchanged,raw/skogsstyrelsen.harvest.notified/2026/09/20260904T141331Z-ebe1b4998130.json,not_modified,
skogsstyrelsen.harvest.notified,https://geodpags.skogsstyrelsen.se/arcgis/rest/services/Geodataportal/GeodataportalVisaAvverkningsanmalan/MapServer/0/query?where=Lannr%3D%2706%27+AND+ArendeAr%3D2022&outFields=Beteckn%2CLannr%2CKommunnr%2CArendeAr%2CInkomdatum%2CAnmaldHa%2CAvvHa%2CAvvSasong%2CAvverktyp&returnGeometry=false&orderByFields=Beteckn&f=json,2026-09-06T00:18:25Z,304,application/json,196160,167c1842b2baab60cadf3644e6016febb4da765607028f077aaf6a36fb25c30f,"""e5431ff0""",,unchanged,raw/skogsstyrelsen.harvest.notified/2026/09/20260904T141335Z-167c1842b2ba.json,not_modified,
skogsstyrelsen.harvest.notified,https://geodpags.skogsstyrelsen.se/arcgis/rest/services/Geodataportal/GeodataportalVisaAvverkningsanmalan/MapServer/0/query?where=Lannr%3D%2705%27+AND+ArendeAr%3D2022&outFields=Beteckn%2CLannr%2CKommunnr%2CArendeAr%2CInkomdatum%2CAnmaldHa%2CAvvHa%2CAvvSasong%2CAvverktyp&returnGeometry=false&orderByFields=Beteckn&f=json,2026-09-06T00:18:28Z,304,application/json,195154,b53ba6aa113bef59cf4f42d79f781e0b30763a0acd6dffe28cb980e3db6b58f6,"""a9754e5e""",,unchanged,raw/skogsstyrelsen.harvest.notified/2026/09/20260904T141339Z-b53ba6aa113b.json,not_modified,
skogsstyrelsen.harvest.notified,https://geodpags.skogsstyrelsen.se/arcgis/rest/services/Geodataportal/GeodataportalVisaAvverkningsanmalan/MapServer/0/query?where=Lannr%3D%2712%27+AND+ArendeAr%3D2025&outFields=Beteckn%2CLannr%2CKommunnr%2CArendeAr%2CInkomdatum%2CAnmaldHa%2CAvvHa%2CAvvSasong%2CAvverktyp&returnGeometry=false&orderByFields=Beteckn&f=json,2026-09-06T00:18:30Z,304,application/json,193108,a3f6abc8cc02e134db67c142c8ad5d30d1f5b8c2f4e881e2f036ac3dc287e812,"""be51311b""",,unchanged,raw/skogsstyrelsen.harvest.notified/2026/09/20260904T141343Z-a3f6abc8cc02.json,not_modified,
skogsstyrelsen.harvest.notified,https://geodpags.skogsstyrelsen.se/arcgis/rest/services/Geodataportal/GeodataportalVisaAvverkningsanmalan/MapServer/0/query?where=Lannr%3D%2707%27+AND+ArendeAr%3D2026&outFields=Beteckn%2CLannr%2CKommunnr%2CArendeAr%2CInkomdatum%2CAnmaldHa%2CAvvHa%2CAvvSasong%2CAvverktyp&returnGeometry=false&orderByFields=Beteckn&f=json,2026-09-06T00:18:33Z,304,application/json,187555,0e406128baa8889e6bd86602a93ec02f36711f96becd69f9c4a5f6c616b03442,"""c21ae8dc""",,unchanged,raw/skogsstyrelsen.harvest.notified/2026/09/20260904T141346Z-0e406128baa8.json,not_modified,
skogsstyrelsen.harvest.notified,https://geodpags.skogsstyrelsen.se/arcgis/rest/services/Geodataportal/GeodataportalVisaAvverkningsanmalan/MapServer/0/query?where=Lannr%3D%2721%27+AND+ArendeAr%3D2022&outFields=Beteckn%2CLannr%2CKommunnr%2CArendeAr%2CInkomdatum%2CAnmaldHa%2CAvvHa%2CAvvSasong%2CAvverktyp&returnGeometry=false&orderByFields=Beteckn&f=json,2026-09-06T00:18:35Z,200,application/json,180423,7c4eb591a0db0fd777794865b9d52276a1f67b842e4e78c05a4a5a2c89913fce,"""6977e6db""",,changed,raw/skogsstyrelsen.harvest.notified/2026/09/20260906T001835Z-7c4eb591a0db.json,,
skogsstyrelsen.harvest.notified,https://geodpags.skogsstyrelsen.se/arcgis/rest/services/Geodataportal/GeodataportalVisaAvverkningsanmalan/MapServer/0/query?where=Lannr%3D%2704%27+AND+ArendeAr%3D2022&outFields=Beteckn%2CLannr%2CKommunnr%2CArendeAr%2CInkomdatum%2CAnmaldHa%2CAvvHa%2CAvvSasong%2CAvverktyp&returnGeometry=false&orderByFields=Beteckn&f=json,2026-09-06T00:18:39Z,200,application/json,177115,96e7d5ccb07ed8964e8177a02eb9b40e621fb15b0a1a1ee4f88b635a3bf709f6,"""a7482fcf""",,changed,raw/skogsstyrelsen.harvest.notified/2026/09/20260906T001839Z-96e7d5ccb07e.json,,
skogsstyrelsen.harvest.notified,https://geodpags.skogsstyrelsen.se/arcgis/rest/services/Geodataportal/GeodataportalVisaAvverkningsanmalan/MapServer/0/query?where=Lannr%3D%2725%27+AND+ArendeAr%3D2023&outFields=Beteckn%2CLannr%2CKommunnr%2CArendeAr%2CInkomdatum%2CAnmaldHa%2CAvvHa%2CAvvSasong%2CAvverktyp&returnGeometry=false&orderByFields=Beteckn&f=json,2026-09-06T00:18:41Z,200,application/json,177294,6f8cb9a5e242ed70962b3abea99dc220eea9db0fabbba3a3eb9cc6b95f965562,"""bdfc9ea5""",,changed,raw/skogsstyrelsen.harvest.notified/2026/09/20260906T001841Z-6f8cb9a5e242.json,,
skogsstyrelsen.harvest.notified,https://geodpags.skogsstyrelsen.se/arcgis/rest/services/Geodataportal/GeodataportalVisaAvverkningsanmalan/MapServer/0/query?where=Lannr%3D%2705%27+AND+ArendeAr%3D2024&outFields=Beteckn%2CLannr%2CKommunnr%2CArendeAr%2CInkomdatum%2CAnmaldHa%2CAvvHa%2CAvvSasong%2CAvverktyp&returnGeometry=false&orderByFields=Beteckn&f=json,2026-09-06T00:18:44Z,304,application/json,174685,a75aff7c08873db25d93ca111b9a607c11d99e1693f54ef0274088f78c84ddf8,"""c3d3255""",,unchanged,raw/skogsstyrelsen.harvest.notified/2026/09/20260904T141402Z-a75aff7c0887.json,not_modified,
skogsstyrelsen.harvest.notified,https://geodpags.skogsstyrelsen.se/arcgis/rest/services/Geodataportal/GeodataportalVisaAvverkningsanmalan/MapServer/0/query?where=Lannr%3D%2707%27+AND+ArendeAr%3D2022&outFields=Beteckn%2CLannr%2CKommunnr%2CArendeAr%2CInkomdatum%2CAnmaldHa%2CAvvHa%2CAvvSasong%2CAvverktyp&returnGeometry=false&orderByFields=Beteckn&f=json,2026-09-06T00:18:47Z,200,application/json,171358,f2ed033bd88390fe8df17557513d465608430529cb0213e13c2a3b2d594ca9b7,"""83ffab12""",,changed,raw/skogsstyrelsen.harvest.notified/2026/09/20260906T001847Z-f2ed033bd883.json,,
skogsstyrelsen.harvest.notified,https://geodpags.skogsstyrelsen.se/arcgis/rest/services/Geodataportal/GeodataportalVisaAvverkningsanmalan/MapServer/0/query?where=Lannr%3D%2714%27+AND+ArendeAr%3D2021&outFields=Beteckn%2CLannr%2CKommunnr%2CArendeAr%2CInkomdatum%2CAnmaldHa%2CAvvHa%2CAvvSasong%2CAvverktyp&returnGeometry=false&orderByFields=Beteckn&f=json,2026-09-06T00:18:49Z,200,application/json,166857,3e3d85855af911b7e0eb1fc4f79987da6fd9868ff8d3f1fed256afbbb1a4211d,"""8242edc8""",,changed,raw/skogsstyrelsen.harvest.notified/2026/09/20260906T001849Z-3e3d85855af9.json,,
skogsstyrelsen.harvest.notified,https://geodpags.skogsstyrelsen.se/arcgis/rest/services/Geodataportal/GeodataportalVisaAvverkningsanmalan/MapServer/0/query?where=Lannr%3D%2704%27+AND+ArendeAr%3D2023&outFields=Beteckn%2CLannr%2CKommunnr%2CArendeAr%2CInkomdatum%2CAnmaldHa%2CAvvHa%2CAvvSasong%2CAvverktyp&returnGeometry=false&orderByFields=Beteckn&f=json,2026-09-06T00:18:52Z,304,application/json,167599,c8386be99a03834ad5c0cf186a6c100e5e4f919d31b6c26944ad3ed996dc36cb,"""46f0649""",,unchanged,raw/skogsstyrelsen.harvest.notified/2026/09/20260904T141413Z-c8386be99a03.json,not_modified,
skogsstyrelsen.harvest.notified,https://geodpags.skogsstyrelsen.se/arcgis/rest/services/Geodataportal/GeodataportalVisaAvverkningsanmalan/MapServer/0/query?where=Lannr%3D%2718%27+AND+ArendeAr%3D2026&outFields=Beteckn%2CLannr%2CKommunnr%2CArendeAr%2CInkomdatum%2CAnmaldHa%2CAvvHa%2CAvvSasong%2CAvverktyp&returnGeometry=false&orderByFields=Beteckn&f=json,2026-09-06T00:18:54Z,304,application/json,169457,52d7e9654678aaf863b025b790cf5abc9074bc841dab869d5daec26ddb5ae82e,"""5860416c""",,unchanged,raw/skogsstyrelsen.harvest.notified/2026/09/20260904T141417Z-52d7e9654678.json,not_modified,
skogsstyrelsen.harvest.notified,https://geodpags.skogsstyrelsen.se/arcgis/rest/services/Geodataportal/GeodataportalVisaAvverkningsanmalan/MapServer/0/query?where=Lannr%3D%2703%27+AND+ArendeAr%3D2026&outFields=Beteckn%2CLannr%2CKommunnr%2CArendeAr%2CInkomdatum%2CAnmaldHa%2CAvvHa%2CAvvSasong%2CAvverktyp&returnGeometry=false&orderByFields=Beteckn&f=json,2026-09-06T00:18:57Z,304,application/json,160766,6e8ea51ed4ca97d044175132ee2c5c2f8dea007dc60af03437035df48ea1ada6,"""cf9f456""",,unchanged,raw/skogsstyrelsen.harvest.notified/2026/09/20260904T141421Z-6e8ea51ed4ca.json,not_modified,
skogsstyrelsen.harvest.notified,https://geodpags.skogsstyrelsen.se/arcgis/rest/services/Geodataportal/GeodataportalVisaAvverkningsanmalan/MapServer/0/query?where=Lannr%3D%2703%27+AND+ArendeAr%3D2025&outFields=Beteckn%2CLannr%2CKommunnr%2CArendeAr%2CInkomdatum%2CAnmaldHa%2CAvvHa%2CAvvSasong%2CAvverktyp&returnGeometry=false&orderByFields=Beteckn&f=json,2026-09-06T00:18:59Z,304,application/json,159826,22152dbf38ba52a81c04e7a7d581c0e208dfe464f10375f320cab741e62bdfc9,"""6524fb60""",,unchanged,raw/skogsstyrelsen.harvest.notified/2026/09/20260904T141426Z-22152dbf38ba.json,not_modified,
skogsstyrelsen.harvest.notified,https://geodpags.skogsstyrelsen.se/arcgis/rest/services/Geodataportal/GeodataportalVisaAvverkningsanmalan/MapServer/0/query?where=Lannr%3D%2718%27+AND+ArendeAr%3D2023&outFields=Beteckn%2CLannr%2CKommunnr%2CArendeAr%2CInkomdatum%2CAnmaldHa%2CAvvHa%2CAvvSasong%2CAvverktyp&returnGeometry=false&orderByFields=Beteckn&f=json,2026-09-06T00:19:02Z,304,application/json,158162,6784cfc8c2297fa0b5a2e689864f6316a1907aa89f7cb0e05241559c274bcf6c,"""691ceb44""",,unchanged,raw/skogsstyrelsen.harvest.notified/2026/09/20260904T141431Z-6784cfc8c229.json,not_modified,
skogsstyrelsen.harvest.notified,https://geodpags.skogsstyrelsen.se/arcgis/rest/services/Geodataportal/GeodataportalVisaAvverkningsanmalan/MapServer/0/query?where=Lannr%3D%2718%27+AND+ArendeAr%3D2024&outFields=Beteckn%2CLannr%2CKommunnr%2CArendeAr%2CInkomdatum%2CAnmaldHa%2CAvvHa%2CAvvSasong%2CAvverktyp&returnGeometry=false&orderByFields=Beteckn&f=json,2026-09-06T00:19:05Z,304,application/json,159684,55a9aa6f567a0f38a95304ddea0193a9f30edbabec65d9d0a300b0f906162336,"""395d926a""",,unchanged,raw/skogsstyrelsen.harvest.notified/2026/09/20260904T141434Z-55a9aa6f567a.json,not_modified,
skogsstyrelsen.harvest.notified,https://geodpags.skogsstyrelsen.se/arcgis/rest/services/Geodataportal/GeodataportalVisaAvverkningsanmalan/MapServer/0/query?where=Lannr%3D%2712%27+AND+ArendeAr%3D2022&outFields=Beteckn%2CLannr%2CKommunnr%2CArendeAr%2CInkomdatum%2CAnmaldHa%2CAvvHa%2CAvvSasong%2CAvverktyp&returnGeometry=false&orderByFields=Beteckn&f=json,2026-09-06T00:19:08Z,200,application/json,155948,48fb360401aef2cf342153316ad23d54d161a754d820bb5b1a585d3d3e7dc251,"""471b42c6""",,changed,raw/skogsstyrelsen.harvest.notified/2026/09/20260906T001908Z-48fb360401ae.json,,
skogsstyrelsen.harvest.notified,https://geodpags.skogsstyrelsen.se/arcgis/rest/services/Geodataportal/GeodataportalVisaAvverkningsanmalan/MapServer/0/query?where=Lannr%3D%2712%27+AND+ArendeAr%3D2026&outFields=Beteckn%2CLannr%2CKommunnr%2CArendeAr%2CInkomdatum%2CAnmaldHa%2CAvvHa%2CAvvSasong%2CAvverktyp&returnGeometry=false&orderByFields=Beteckn&f=json,2026-09-06T00:19:10Z,304,application/json,153801,aae50f6be794231e396938f620b05f098427a337e579ba6a9f7ac67d035bf2f9,"""d33d45d6""",,unchanged,raw/skogsstyrelsen.harvest.notified/2026/09/20260904T141441Z-aae50f6be794.json,not_modified,
skogsstyrelsen.harvest.notified,https://geodpags.skogsstyrelsen.se/arcgis/rest/services/Geodataportal/GeodataportalVisaAvverkningsanmalan/MapServer/0/query?where=Lannr%3D%2713%27+AND+ArendeAr%3D2025&outFields=Beteckn%2CLannr%2CKommunnr%2CArendeAr%2CInkomdatum%2CAnmaldHa%2CAvvHa%2CAvvSasong%2CAvverktyp&returnGeometry=false&orderByFields=Beteckn&f=json,2026-09-06T00:19:13Z,304,application/json,148069,a9a1d850aeeb7a56fad179ee06b0e7d9efe73f4a84826e25910a00d6ef9a54d4,"""5054d7f1""",,unchanged,raw/skogsstyrelsen.harvest.notified/2026/09/20260904T141446Z-a9a1d850aeeb.json,not_modified,
skogsstyrelsen.harvest.notified,https://geodpags.skogsstyrelsen.se/arcgis/rest/services/Geodataportal/GeodataportalVisaAvverkningsanmalan/MapServer/0/query?where=Lannr%3D%2725%27+AND+ArendeAr%3D2022&outFields=Beteckn%2CLannr%2CKommunnr%2CArendeAr%2CInkomdatum%2CAnmaldHa%2CAvvHa%2CAvvSasong%2CAvverktyp&returnGeometry=false&orderByFields=Beteckn&f=json,2026-09-06T00:19:15Z,200,application/json,147055,b75e4db379891c630e3db164aa18da3eaa7b12321d974936cfede8ad7df44278,"""2d94f6cc""",,changed,raw/skogsstyrelsen.harvest.notified/2026/09/20260906T001915Z-b75e4db37989.json,,
skogsstyrelsen.harvest.notified,https://geodpags.skogsstyrelsen.se/arcgis/rest/services/Geodataportal/GeodataportalVisaAvverkningsanmalan/MapServer/0/query?where=Lannr%3D%2718%27+AND+ArendeAr%3D2025&outFields=Beteckn%2CLannr%2CKommunnr%2CArendeAr%2CInkomdatum%2CAnmaldHa%2CAvvHa%2CAvvSasong%2CAvverktyp&returnGeometry=false&orderByFields=Beteckn&f=json,2026-09-06T00:19:18Z,200,application/json,144725,4541c68aa28c1e4ffdeed329d00c103f5efd8ad4e12147f44210ae2c6d7cf1d4,"""675d40d7""",,changed,raw/skogsstyrelsen.harvest.notified/2026/09/20260906T001918Z-4541c68aa28c.json,,
skogsstyrelsen.harvest.notified,https://geodpags.skogsstyrelsen.se/arcgis/rest/services/Geodataportal/GeodataportalVisaAvverkningsanmalan/MapServer/0/query?where=Lannr%3D%2717%27+AND+ArendeAr%3D2021&outFields=Beteckn%2CLannr%2CKommunnr%2CArendeAr%2CInkomdatum%2CAnmaldHa%2CAvvHa%2CAvvSasong%2CAvverktyp&returnGeometry=false&orderByFields=Beteckn&f=json,2026-09-06T00:19:21Z,200,application/json,139799,980aa6ff009d9e2e71d3ab0cf4db7d0b1c75818529949fcf02fcbb986815515e,"""43770c9""",,changed,raw/skogsstyrelsen.harvest.notified/2026/09/20260906T001921Z-980aa6ff009d.json,,
skogsstyrelsen.harvest.notified,https://geodpags.skogsstyrelsen.se/arcgis/rest/services/Geodataportal/GeodataportalVisaAvverkningsanmalan/MapServer/0/query?where=Lannr%3D%2713%27+AND+ArendeAr%3D2023&outFields=Beteckn%2CLannr%2CKommunnr%2CArendeAr%2CInkomdatum%2CAnmaldHa%2CAvvHa%2CAvvSasong%2CAvverktyp&returnGeometry=false&orderByFields=Beteckn&f=json,2026-09-06T00:19:23Z,304,application/json,135637,eb98d0b62e926ae75d0b70fbcd92bf58612da79a87498ba6a6f56795f9a9c050,"""d8f8ca1c""",,unchanged,raw/skogsstyrelsen.harvest.notified/2026/09/20260904T141504Z-eb98d0b62e92.json,not_modified,
skogsstyrelsen.harvest.notified,https://geodpags.skogsstyrelsen.se/arcgis/rest/services/Geodataportal/GeodataportalVisaAvverkningsanmalan/MapServer/0/query?where=Lannr%3D%2703%27+AND+ArendeAr%3D2022&outFields=Beteckn%2CLannr%2CKommunnr%2CArendeAr%2CInkomdatum%2CAnmaldHa%2CAvvHa%2CAvvSasong%2CAvverktyp&returnGeometry=false&orderByFields=Beteckn&f=json,2026-09-06T00:19:26Z,304,application/json,130998,cc352ce5ee1805dd5b128d34ac1b2534ee6f9a6a52690f02534a0f606393c03e,"""40092b5e""",,unchanged,raw/skogsstyrelsen.harvest.notified/2026/09/20260904T154539Z-cc352ce5ee18.json,not_modified,
skogsstyrelsen.harvest.notified,https://geodpags.skogsstyrelsen.se/arcgis/rest/services/Geodataportal/GeodataportalVisaAvverkningsanmalan/MapServer/0/query?where=Lannr%3D%2703%27+AND+ArendeAr%3D2023&outFields=Beteckn%2CLannr%2CKommunnr%2CArendeAr%2CInkomdatum%2CAnmaldHa%2CAvvHa%2CAvvSasong%2CAvverktyp&returnGeometry=false&orderByFields=Beteckn&f=json,2026-09-06T00:19:28Z,304,application/json,130331,28bae05bb6c5d9189a97a3456520aad08e31335cfb21149d6c931deaf6d3894b,"""58443bea""",,unchanged,raw/skogsstyrelsen.harvest.notified/2026/09/20260904T141512Z-28bae05bb6c5.json,not_modified,
skogsstyrelsen.harvest.notified,https://geodpags.skogsstyrelsen.se/arcgis/rest/services/Geodataportal/GeodataportalVisaAvverkningsanmalan/MapServer/0/query?where=Lannr%3D%2718%27+AND+ArendeAr%3D2022&outFields=Beteckn%2CLannr%2CKommunnr%2CArendeAr%2CInkomdatum%2CAnmaldHa%2CAvvHa%2CAvvSasong%2CAvverktyp&returnGeometry=false&orderByFields=Beteckn&f=json,2026-09-06T00:19:31Z,304,application/json,126901,eb3195a9e192ab48a21de8f645431930438b8bf02394cb7e5a35bb5acc8092e8,"""249b606f""",,unchanged,raw/skogsstyrelsen.harvest.notified/2026/09/20260904T141516Z-eb3195a9e192.json,not_modified,
skogsstyrelsen.harvest.notified,https://geodpags.skogsstyrelsen.se/arcgis/rest/services/Geodataportal/GeodataportalVisaAvverkningsanmalan/MapServer/0/query?where=Lannr%3D%2713%27+AND+ArendeAr%3D2024&outFields=Beteckn%2CLannr%2CKommunnr%2CArendeAr%2CInkomdatum%2CAnmaldHa%2CAvvHa%2CAvvSasong%2CAvverktyp&returnGeometry=false&orderByFields=Beteckn&f=json,2026-09-06T00:19:33Z,304,application/json,118283,515ba7475884097e88c5a2178bffc321a57b6338d297bc3c1b7c70c36f311cd2,"""a990c0a5""",,unchanged,raw/skogsstyrelsen.harvest.notified/2026/09/20260904T141519Z-515ba7475884.json,not_modified,
skogsstyrelsen.harvest.notified,https://geodpags.skogsstyrelsen.se/arcgis/rest/services/Geodataportal/GeodataportalVisaAvverkningsanmalan/MapServer/0/query?where=Lannr%3D%2710%27+AND+ArendeAr%3D2023&outFields=Beteckn%2CLannr%2CKommunnr%2CArendeAr%2CInkomdatum%2CAnmaldHa%2CAvvHa%2CAvvSasong%2CAvverktyp&returnGeometry=false&orderByFields=Beteckn&f=json,2026-09-06T00:19:36Z,304,application/json,115389,8a86fed702d84a22cc1659ec206290bdad5bdcc41592f8a6ce85ac6339a16afd,"""e655ca57""",,unchanged,raw/skogsstyrelsen.harvest.notified/2026/09/20260904T141522Z-8a86fed702d8.json,not_modified,
skogsstyrelsen.harvest.notified,https://geodpags.skogsstyrelsen.se/arcgis/rest/services/Geodataportal/GeodataportalVisaAvverkningsanmalan/MapServer/0/query?where=Lannr%3D%2722%27+AND+ArendeAr%3D2021&outFields=Beteckn%2CLannr%2CKommunnr%2CArendeAr%2CInkomdatum%2CAnmaldHa%2CAvvHa%2CAvvSasong%2CAvverktyp&returnGeometry=false&orderByFields=Beteckn&f=json,2026-09-06T00:19:38Z,304,application/json,102751,f6f490e5737bae27a88dd1441b4ad64581bf35d1b1a86c2421717168640697bc,"""7149dde3""",,unchanged,raw/skogsstyrelsen.harvest.notified/2026/09/20260904T141525Z-f6f490e5737b.json,not_modified,
skogsstyrelsen.harvest.notified,https://geodpags.skogsstyrelsen.se/arcgis/rest/services/Geodataportal/GeodataportalVisaAvverkningsanmalan/MapServer/0/query?where=Lannr%3D%2719%27+AND+ArendeAr%3D2026&outFields=Beteckn%2CLannr%2CKommunnr%2CArendeAr%2CInkomdatum%2CAnmaldHa%2CAvvHa%2CAvvSasong%2CAvverktyp&returnGeometry=false&orderByFields=Beteckn&f=json,2026-09-06T00:19:41Z,304,application/json,102499,65eafce710a6ecce4055f3908e45de2fa7bf5f45a77fa92a153be81567814d3a,"""b43c252b""",,unchanged,raw/skogsstyrelsen.harvest.notified/2026/09/20260904T141529Z-65eafce710a6.json,not_modified,
skogsstyrelsen.harvest.notified,https://geodpags.skogsstyrelsen.se/arcgis/rest/services/Geodataportal/GeodataportalVisaAvverkningsanmalan/MapServer/0/query?where=Lannr%3D%2704%27+AND+ArendeAr%3D2026&outFields=Beteckn%2CLannr%2CKommunnr%2CArendeAr%2CInkomdatum%2CAnmaldHa%2CAvvHa%2CAvvSasong%2CAvverktyp&returnGeometry=false&orderByFields=Beteckn&f=json,2026-09-06T00:19:43Z,304,application/json,100445,5f0321b4ee62177443aff9577aadb424ff49c3b3937f31b784a80e398d0581a1,"""5db21038""",,unchanged,raw/skogsstyrelsen.harvest.notified/2026/09/20260904T141532Z-5f0321b4ee62.json,not_modified,
skogsstyrelsen.harvest.notified,https://geodpags.skogsstyrelsen.se/arcgis/rest/services/Geodataportal/GeodataportalVisaAvverkningsanmalan/MapServer/0/query?where=Lannr%3D%2704%27+AND+ArendeAr%3D2025&outFields=Beteckn%2CLannr%2CKommunnr%2CArendeAr%2CInkomdatum%2CAnmaldHa%2CAvvHa%2CAvvSasong%2CAvverktyp&returnGeometry=false&orderByFields=Beteckn&f=json,2026-09-06T00:19:45Z,304,application/json,99239,424d1ce6e79f239e1dd6c6dfc97f0ca2ffbc9e3aaac39d8c362f0a4c3feba097,"""617ddd75""",,unchanged,raw/skogsstyrelsen.harvest.notified/2026/09/20260904T141536Z-424d1ce6e79f.json,not_modified,
skogsstyrelsen.harvest.notified,https://geodpags.skogsstyrelsen.se/arcgis/rest/services/Geodataportal/GeodataportalVisaAvverkningsanmalan/MapServer/0/query?where=Lannr%3D%2701%27+AND+ArendeAr%3D2023&outFields=Beteckn%2CLannr%2CKommunnr%2CArendeAr%2CInkomdatum%2CAnmaldHa%2CAvvHa%2CAvvSasong%2CAvverktyp&returnGeometry=false&orderByFields=Beteckn&f=json,2026-09-06T00:19:48Z,304,application/json,96167,36e28432703a2662e2f68875ca2d19d5e7303d22e59f32d4ccf6e9dccc34e862,"""853bbcdc""",,unchanged,raw/skogsstyrelsen.harvest.notified/2026/09/20260904T141540Z-36e28432703a.json,not_modified,
skogsstyrelsen.harvest.notified,https://geodpags.skogsstyrelsen.se/arcgis/rest/services/Geodataportal/GeodataportalVisaAvverkningsanmalan/MapServer/0/query?where=Lannr%3D%2713%27+AND+ArendeAr%3D2026&outFields=Beteckn%2CLannr%2CKommunnr%2CArendeAr%2CInkomdatum%2CAnmaldHa%2CAvvHa%2CAvvSasong%2CAvverktyp&returnGeometry=false&orderByFields=Beteckn&f=json,2026-09-06T00:19:50Z,304,application/json,96742,1567128fad9326d8b3d43a425abccc1cb41940edf6844c12facfe0a9bc965728,"""77c0535e""",,unchanged,raw/skogsstyrelsen.harvest.notified/2026/09/20260904T141544Z-1567128fad93.json,not_modified,
skogsstyrelsen.harvest.notified,https://geodpags.skogsstyrelsen.se/arcgis/rest/services/Geodataportal/GeodataportalVisaAvverkningsanmalan/MapServer/0/query?where=Lannr%3D%2713%27+AND+ArendeAr%3D2022&outFields=Beteckn%2CLannr%2CKommunnr%2CArendeAr%2CInkomdatum%2CAnmaldHa%2CAvvHa%2CAvvSasong%2CAvverktyp&returnGeometry=false&orderByFields=Beteckn&f=json,2026-09-06T00:19:53Z,304,application/json,93589,fb1b8abf3523b74c11eeb1e6def0b03e1e2410df8da0c7177bdb274e39d781ca,"""bf1cc698""",,unchanged,raw/skogsstyrelsen.harvest.notified/2026/09/20260904T141549Z-fb1b8abf3523.json,not_modified,
skogsstyrelsen.harvest.notified,https://geodpags.skogsstyrelsen.se/arcgis/rest/services/Geodataportal/GeodataportalVisaAvverkningsanmalan/MapServer/0/query?where=Lannr%3D%2701%27+AND+ArendeAr%3D2022&outFields=Beteckn%2CLannr%2CKommunnr%2CArendeAr%2CInkomdatum%2CAnmaldHa%2CAvvHa%2CAvvSasong%2CAvverktyp&returnGeometry=false&orderByFields=Beteckn&f=json,2026-09-06T00:19:55Z,304,application/json,92302,30e1e538c95c80bd74f43e2a58947616133b7b6968cd788659dd170330f2feb9,"""5d0f533d""",,unchanged,raw/skogsstyrelsen.harvest.notified/2026/09/20260904T154612Z-30e1e538c95c.json,not_modified,
skogsstyrelsen.harvest.notified,https://geodpags.skogsstyrelsen.se/arcgis/rest/services/Geodataportal/GeodataportalVisaAvverkningsanmalan/MapServer/0/query?where=Lannr%3D%2719%27+AND+ArendeAr%3D2025&outFields=Beteckn%2CLannr%2CKommunnr%2CArendeAr%2CInkomdatum%2CAnmaldHa%2CAvvHa%2CAvvSasong%2CAvverktyp&returnGeometry=false&orderByFields=Beteckn&f=json,2026-09-06T00:19:58Z,304,application/json,92453,c7c1a2212d4cd4e6ed616fc6f982a7883af4aa43234683d65e26ae6b359a5e6a,"""9ea38b91""",,unchanged,raw/skogsstyrelsen.harvest.notified/2026/09/20260904T141557Z-c7c1a2212d4c.json,not_modified,
skogsstyrelsen.harvest.notified,https://geodpags.skogsstyrelsen.se/arcgis/rest/services/Geodataportal/GeodataportalVisaAvverkningsanmalan/MapServer/0/query?where=Lannr%3D%2703%27+AND+ArendeAr%3D2024&outFields=Beteckn%2CLannr%2CKommunnr%2CArendeAr%2CInkomdatum%2CAnmaldHa%2CAvvHa%2CAvvSasong%2CAvverktyp&returnGeometry=false&orderByFields=Beteckn&f=json,2026-09-06T00:20:01Z,304,application/json,90693,64370be39a0eb8ba2fd36e6baffac911c8710f5825d2bcb68d9bbb35d993f861,"""6333e522""",,unchanged,raw/skogsstyrelsen.harvest.notified/2026/09/20260904T141602Z-64370be39a0e.json,not_modified,
skogsstyrelsen.harvest.notified,https://geodpags.skogsstyrelsen.se/arcgis/rest/services/Geodataportal/GeodataportalVisaAvverkningsanmalan/MapServer/0/query?where=Lannr%3D%2704%27+AND+ArendeAr%3D2024&outFields=Beteckn%2CLannr%2CKommunnr%2CArendeAr%2CInkomdatum%2CAnmaldHa%2CAvvHa%2CAvvSasong%2CAvverktyp&returnGeometry=false&orderByFields=Beteckn&f=json,2026-09-06T00:20:04Z,304,application/json,90923,fa5bddaa08f3c85c417749bc4b2c1c91847f805d9efcef5f906b53f4a2016f3c,"""426c548a""",,unchanged,raw/skogsstyrelsen.harvest.notified/2026/09/20260904T141605Z-fa5bddaa08f3.json,not_modified,
skogsstyrelsen.harvest.notified,https://geodpags.skogsstyrelsen.se/arcgis/rest/services/Geodataportal/GeodataportalVisaAvverkningsanmalan/MapServer/0/query?where=Lannr%3D%2719%27+AND+ArendeAr%3D2023&outFields=Beteckn%2CLannr%2CKommunnr%2CArendeAr%2CInkomdatum%2CAnmaldHa%2CAvvHa%2CAvvSasong%2CAvverktyp&returnGeometry=false&orderByFields=Beteckn&f=json,2026-09-06T00:20:06Z,304,application/json,90493,e386535230f16f642fe15752eaaf6f91e8e638ff3dfa0a3a94f57548c8a26d32,"""ccdcd354""",,unchanged,raw/skogsstyrelsen.harvest.notified/2026/09/20260904T141608Z-e386535230f1.json,not_modified,
skogsstyrelsen.harvest.notified,https://geodpags.skogsstyrelsen.se/arcgis/rest/services/Geodataportal/GeodataportalVisaAvverkningsanmalan/MapServer/0/query?where=Lannr%3D%2710%27+AND+ArendeAr%3D2025&outFields=Beteckn%2CLannr%2CKommunnr%2CArendeAr%2CInkomdatum%2CAnmaldHa%2CAvvHa%2CAvvSasong%2CAvverktyp&returnGeometry=false&orderByFields=Beteckn&f=json,2026-09-06T00:20:09Z,304,application/json,90052,69a783f9ade668f6e1104556285bf6cf284edc65e90c5033eed3bb13e80fb360,"""155eb410""",,unchanged,raw/skogsstyrelsen.harvest.notified/2026/09/20260904T141612Z-69a783f9ade6.json,not_modified,
skogsstyrelsen.harvest.notified,https://geodpags.skogsstyrelsen.se/arcgis/rest/services/Geodataportal/GeodataportalVisaAvverkningsanmalan/MapServer/0/query?where=Lannr%3D%2708%27+AND+ArendeAr%3D2021&outFields=Beteckn%2CLannr%2CKommunnr%2CArendeAr%2CInkomdatum%2CAnmaldHa%2CAvvHa%2CAvvSasong%2CAvverktyp&returnGeometry=false&orderByFields=Beteckn&f=json,2026-09-06T00:20:11Z,200,application/json,87787,f1c7ccf0ddb51fed12f19a12fa0f6fe314966e08a1d4bde38d6923598b2a773a,"""813c7317""",,changed,raw/skogsstyrelsen.harvest.notified/2026/09/20260906T002011Z-f1c7ccf0ddb5.json,,
skogsstyrelsen.harvest.notified,https://geodpags.skogsstyrelsen.se/arcgis/rest/services/Geodataportal/GeodataportalVisaAvverkningsanmalan/MapServer/0/query?where=Lannr%3D%2706%27+AND+ArendeAr%3D2021&outFields=Beteckn%2CLannr%2CKommunnr%2CArendeAr%2CInkomdatum%2CAnmaldHa%2CAvvHa%2CAvvSasong%2CAvverktyp&returnGeometry=false&orderByFields=Beteckn&f=json,2026-09-06T00:20:14Z,200,application/json,87403,db3de2379fe118b8fa2486ccf961c6e89befb5bbd6e7e22e3ce5e429bd625916,"""654dab9f""",,changed,raw/skogsstyrelsen.harvest.notified/2026/09/20260906T002014Z-db3de2379fe1.json,,
skogsstyrelsen.harvest.notified,https://geodpags.skogsstyrelsen.se/arcgis/rest/services/Geodataportal/GeodataportalVisaAvverkningsanmalan/MapServer/0/query?where=Lannr%3D%2719%27+AND+ArendeAr%3D2022&outFields=Beteckn%2CLannr%2CKommunnr%2CArendeAr%2CInkomdatum%2CAnmaldHa%2CAvvHa%2CAvvSasong%2CAvverktyp&returnGeometry=false&orderByFields=Beteckn&f=json,2026-09-06T00:20:17Z,304,application/json,87912,1ce167c364e5b87aed74e6aecbcb2cf55fa6ec8c4491303d91367d8032d1124d,"""a0cd63dd""",,unchanged,raw/skogsstyrelsen.harvest.notified/2026/09/20260904T141624Z-1ce167c364e5.json,not_modified,
skogsstyrelsen.harvest.notified,https://geodpags.skogsstyrelsen.se/arcgis/rest/services/Geodataportal/GeodataportalVisaAvverkningsanmalan/MapServer/0/query?where=Lannr%3D%2723%27+AND+ArendeAr%3D2021&outFields=Beteckn%2CLannr%2CKommunnr%2CArendeAr%2CInkomdatum%2CAnmaldHa%2CAvvHa%2CAvvSasong%2CAvverktyp&returnGeometry=false&orderByFields=Beteckn&f=json,2026-09-06T00:20:19Z,200,application/json,85885,bfaed7eadd2d9fa9460e60e50c876c29fb1f140f957186a14066c6a7999b6d83,"""34c00bf6""",,changed,raw/skogsstyrelsen.harvest.notified/2026/09/20260906T002019Z-bfaed7eadd2d.json,,
skogsstyrelsen.harvest.notified,https://geodpags.skogsstyrelsen.se/arcgis/rest/services/Geodataportal/GeodataportalVisaAvverkningsanmalan/MapServer/0/query?where=Lannr%3D%2720%27+AND+ArendeAr%3D2021&outFields=Beteckn%2CLannr%2CKommunnr%2CArendeAr%2CInkomdatum%2CAnmaldHa%2CAvvHa%2CAvvSasong%2CAvverktyp&returnGeometry=false&orderByFields=Beteckn&f=json,2026-09-06T00:20:22Z,200,application/json,83301,7ddfce6c922dd4a5a22d57f4596107d2d8ef391e50a4a17b13bfb65ce495043d,"""8c947109""",,changed,raw/skogsstyrelsen.harvest.notified/2026/09/20260906T002022Z-7ddfce6c922d.json,,
skogsstyrelsen.harvest.notified,https://geodpags.skogsstyrelsen.se/arcgis/rest/services/Geodataportal/GeodataportalVisaAvverkningsanmalan/MapServer/0/query?where=Lannr%3D%2710%27+AND+ArendeAr%3D2024&outFields=Beteckn%2CLannr%2CKommunnr%2CArendeAr%2CInkomdatum%2CAnmaldHa%2CAvvHa%2CAvvSasong%2CAvverktyp&returnGeometry=false&orderByFields=Beteckn&f=json,2026-09-06T00:20:25Z,304,application/json,82021,6c16e417cf3a68310bbfe3cef9a4f539c7946e1f30987363a087d3258f49ebe8,"""e940b6fe""",,unchanged,raw/skogsstyrelsen.harvest.notified/2026/09/20260904T141635Z-6c16e417cf3a.json,not_modified,
skogsstyrelsen.harvest.notified,https://geodpags.skogsstyrelsen.se/arcgis/rest/services/Geodataportal/GeodataportalVisaAvverkningsanmalan/MapServer/0/query?where=Lannr%3D%2724%27+AND+ArendeAr%3D2021&outFields=Beteckn%2CLannr%2CKommunnr%2CArendeAr%2CInkomdatum%2CAnmaldHa%2CAvvHa%2CAvvSasong%2CAvverktyp&returnGeometry=false&orderByFields=Beteckn&f=json,2026-09-06T00:20:27Z,200,application/json,81969,b336a964ec7a2cde6b95f78da5a2406c203696fd2bac79c4f63478a2d5ec5fd6,"""ac47d678""",,changed,raw/skogsstyrelsen.harvest.notified/2026/09/20260906T002027Z-b336a964ec7a.json,,
skogsstyrelsen.harvest.notified,https://geodpags.skogsstyrelsen.se/arcgis/rest/services/Geodataportal/GeodataportalVisaAvverkningsanmalan/MapServer/0/query?where=Lannr%3D%2701%27+AND+ArendeAr%3D2025&outFields=Beteckn%2CLannr%2CKommunnr%2CArendeAr%2CInkomdatum%2CAnmaldHa%2CAvvHa%2CAvvSasong%2CAvverktyp&returnGeometry=false&orderByFields=Beteckn&f=json,2026-09-06T00:20:30Z,304,application/json,82349,7c762696139f6d5f90b2b660c7f1cec5367037a532e952967e76e945ee1a6f35,"""b4b81017""",,unchanged,raw/skogsstyrelsen.harvest.notified/2026/09/20260904T141643Z-7c762696139f.json,not_modified,
skogsstyrelsen.harvest.notified,https://geodpags.skogsstyrelsen.se/arcgis/rest/services/Geodataportal/GeodataportalVisaAvverkningsanmalan/MapServer/0/query?where=Lannr%3D%2705%27+AND+ArendeAr%3D2021&outFields=Beteckn%2CLannr%2CKommunnr%2CArendeAr%2CInkomdatum%2CAnmaldHa%2CAvvHa%2CAvvSasong%2CAvverktyp&returnGeometry=false&orderByFields=Beteckn&f=json,2026-09-06T00:20:32Z,200,application/json,78937,ea7cefdf12c8484d2ceb70e22ec4c9cd50df8e1aaeec827790294c5d7c893f50,"""bd3a7524""",,changed,raw/skogsstyrelsen.harvest.notified/2026/09/20260906T002032Z-ea7cefdf12c8.json,,
skogsstyrelsen.harvest.notified,https://geodpags.skogsstyrelsen.se/arcgis/rest/services/Geodataportal/GeodataportalVisaAvverkningsanmalan/MapServer/0/query?where=Lannr%3D%2719%27+AND+ArendeAr%3D2024&outFields=Beteckn%2CLannr%2CKommunnr%2CArendeAr%2CInkomdatum%2CAnmaldHa%2CAvvHa%2CAvvSasong%2CAvverktyp&returnGeometry=false&orderByFields=Beteckn&f=json,2026-09-06T00:20:35Z,304,application/json,80634,490206b0d76cd8cdb6732894c69a12916117f1304966094dc461d347002e203a,"""c5657a66""",,unchanged,raw/skogsstyrelsen.harvest.notified/2026/09/20260904T141649Z-490206b0d76c.json,not_modified,
skogsstyrelsen.harvest.notified,https://geodpags.skogsstyrelsen.se/arcgis/rest/services/Geodataportal/GeodataportalVisaAvverkningsanmalan/MapServer/0/query?where=Lannr%3D%2707%27+AND+ArendeAr%3D2021&outFields=Beteckn%2CLannr%2CKommunnr%2CArendeAr%2CInkomdatum%2CAnmaldHa%2CAvvHa%2CAvvSasong%2CAvverktyp&returnGeometry=false&orderByFields=Beteckn&f=json,2026-09-06T00:20:37Z,200,application/json,76882,8971300173d6b79b038a847ffc8fa752602ad68633a2988b6e5d75a8493d8f87,"""adf7714d""",,changed,raw/skogsstyrelsen.harvest.notified/2026/09/20260906T002037Z-8971300173d6.json,,
skogsstyrelsen.harvest.notified,https://geodpags.skogsstyrelsen.se/arcgis/rest/services/Geodataportal/GeodataportalVisaAvverkningsanmalan/MapServer/0/query?where=Lannr%3D%2701%27+AND+ArendeAr%3D2026&outFields=Beteckn%2CLannr%2CKommunnr%2CArendeAr%2CInkomdatum%2CAnmaldHa%2CAvvHa%2CAvvSasong%2CAvverktyp&returnGeometry=false&orderByFields=Beteckn&f=json,2026-09-06T00:20:40Z,304,application/json,74608,5521f8c3f7e6165a66a748d3e321b34008dadc82985a5bbe60baaa8c3292e878,"""8ca334b7""",,unchanged,raw/skogsstyrelsen.harvest.notified/2026/09/20260904T141656Z-5521f8c3f7e6.json,not_modified,
skogsstyrelsen.harvest.notified,https://geodpags.skogsstyrelsen.se/arcgis/rest/services/Geodataportal/GeodataportalVisaAvverkningsanmalan/MapServer/0/query?where=Lannr%3D%2710%27+AND+ArendeAr%3D2022&outFields=Beteckn%2CLannr%2CKommunnr%2CArendeAr%2CInkomdatum%2CAnmaldHa%2CAvvHa%2CAvvSasong%2CAvverktyp&returnGeometry=false&orderByFields=Beteckn&f=json,2026-09-06T00:20:42Z,304,application/json,72135,1f32ee0dd63ea68405f444bf700c254759134a8a43feb03ab1450722cdce467b,"""248ea9f5""",,unchanged,raw/skogsstyrelsen.harvest.notified/2026/09/20260904T154657Z-1f32ee0dd63e.json,not_modified,
skogsstyrelsen.harvest.notified,https://geodpags.skogsstyrelsen.se/arcgis/rest/services/Geodataportal/GeodataportalVisaAvverkningsanmalan/MapServer/0/query?where=Lannr%3D%2704%27+AND+ArendeAr%3D2021&outFields=Beteckn%2CLannr%2CKommunnr%2CArendeAr%2CInkomdatum%2CAnmaldHa%2CAvvHa%2CAvvSasong%2CAvverktyp&returnGeometry=false&orderByFields=Beteckn&f=json,2026-09-06T00:20:45Z,200,application/json,71107,f502d7b9786929819a0318efa38dc77d13596b485afec646956977f10facbdb2,"""3daeb1e5""",,changed,raw/skogsstyrelsen.harvest.notified/2026/09/20260906T002045Z-f502d7b97869.json,,
skogsstyrelsen.harvest.notified,https://geodpags.skogsstyrelsen.se/arcgis/rest/services/Geodataportal/GeodataportalVisaAvverkningsanmalan/MapServer/0/query?where=Lannr%3D%2710%27+AND+ArendeAr%3D2026&outFields=Beteckn%2CLannr%2CKommunnr%2CArendeAr%2CInkomdatum%2CAnmaldHa%2CAvvHa%2CAvvSasong%2CAvverktyp&returnGeometry=false&orderByFields=Beteckn&f=json,2026-09-06T00:20:47Z,200,application/json,66055,73bc1543de1290444b3dc524f87c9a46ef46815643f3d7b2cdafbf0c8cc075d4,"""14910b4b""",,changed,raw/skogsstyrelsen.harvest.notified/2026/09/20260906T002047Z-73bc1543de12.json,,
skogsstyrelsen.harvest.notified,https://geodpags.skogsstyrelsen.se/arcgis/rest/services/Geodataportal/GeodataportalVisaAvverkningsanmalan/MapServer/0/query?where=Lannr%3D%2725%27+AND+ArendeAr%3D2021&outFields=Beteckn%2CLannr%2CKommunnr%2CArendeAr%2CInkomdatum%2CAnmaldHa%2CAvvHa%2CAvvSasong%2CAvverktyp&returnGeometry=false&orderByFields=Beteckn&f=json,2026-09-06T00:20:50Z,200,application/json,64344,5ef4a523f13daab5aec67d54bea6d38491d0872ec1dfa3405afc0d091dbc11ce,"""5fdbb5c9""",,changed,raw/skogsstyrelsen.harvest.notified/2026/09/20260906T002050Z-5ef4a523f13d.json,,
skogsstyrelsen.harvest.notified,https://geodpags.skogsstyrelsen.se/arcgis/rest/services/Geodataportal/GeodataportalVisaAvverkningsanmalan/MapServer/0/query?where=Lannr%3D%2721%27+AND+ArendeAr%3D2021&outFields=Beteckn%2CLannr%2CKommunnr%2CArendeAr%2CInkomdatum%2CAnmaldHa%2CAvvHa%2CAvvSasong%2CAvverktyp&returnGeometry=false&orderByFields=Beteckn&f=json,2026-09-06T00:20:52Z,200,application/json,63810,8878c6e7e959bbd905ba8d220b0d9dbc6dd3e2a72c4ca7ace457fb234321a839,"""bdb472d3""",,changed,raw/skogsstyrelsen.harvest.notified/2026/09/20260906T002052Z-8878c6e7e959.json,,
skogsstyrelsen.harvest.notified,https://geodpags.skogsstyrelsen.se/arcgis/rest/services/Geodataportal/GeodataportalVisaAvverkningsanmalan/MapServer/0/query?where=Lannr%3D%2701%27+AND+ArendeAr%3D2024&outFields=Beteckn%2CLannr%2CKommunnr%2CArendeAr%2CInkomdatum%2CAnmaldHa%2CAvvHa%2CAvvSasong%2CAvverktyp&returnGeometry=false&orderByFields=Beteckn&f=json,2026-09-06T00:20:55Z,304,application/json,64786,ec4021ce345dcd507d05e92a4bb1daafa5b156d7b957807a6e01aa0e97541af3,"""26d0e2fb""",,unchanged,raw/skogsstyrelsen.harvest.notified/2026/09/20260904T141718Z-ec4021ce345d.json,not_modified,
skogsstyrelsen.harvest.notified,https://geodpags.skogsstyrelsen.se/arcgis/rest/services/Geodataportal/GeodataportalVisaAvverkningsanmalan/MapServer/0/query?where=Lannr%3D%2718%27+AND+ArendeAr%3D2021&outFields=Beteckn%2CLannr%2CKommunnr%2CArendeAr%2CInkomdatum%2CAnmaldHa%2CAvvHa%2CAvvSasong%2CAvverktyp&returnGeometry=false&orderByFields=Beteckn&f=json,2026-09-06T00:20:57Z,200,application/json,60149,cebe6ad1a96dd7619eb8cb5bab8d42f534926d326b63c2f2ee59e09e382324da,"""f2dc0b20""",,changed,raw/skogsstyrelsen.harvest.notified/2026/09/20260906T002057Z-cebe6ad1a96d.json,,
skogsstyrelsen.harvest.notified,https://geodpags.skogsstyrelsen.se/arcgis/rest/services/Geodataportal/GeodataportalVisaAvverkningsanmalan/MapServer/0/query?where=Lannr%3D%2712%27+AND+ArendeAr%3D2021&outFields=Beteckn%2CLannr%2CKommunnr%2CArendeAr%2CInkomdatum%2CAnmaldHa%2CAvvHa%2CAvvSasong%2CAvverktyp&returnGeometry=false&orderByFields=Beteckn&f=json,2026-09-06T00:21:00Z,200,application/json,53638,52ea7922aa466df71c111844ea2bb2d5ed5507a11884a538ac232a0ebff2696f,"""a4221bd1""",,changed,raw/skogsstyrelsen.harvest.notified/2026/09/20260906T002100Z-52ea7922aa46.json,,
skogsstyrelsen.harvest.notified,https://geodpags.skogsstyrelsen.se/arcgis/rest/services/Geodataportal/GeodataportalVisaAvverkningsanmalan/MapServer/0/query?where=Lannr%3D%2703%27+AND+ArendeAr%3D2021&outFields=Beteckn%2CLannr%2CKommunnr%2CArendeAr%2CInkomdatum%2CAnmaldHa%2CAvvHa%2CAvvSasong%2CAvverktyp&returnGeometry=false&orderByFields=Beteckn&f=json,2026-09-06T00:21:02Z,200,application/json,48508,35b480935eb9d9154887a34d58092af677c9628c5cf1f534781a47ef5038f2b3,"""7936dbf8""",,changed,raw/skogsstyrelsen.harvest.notified/2026/09/20260906T002102Z-35b480935eb9.json,,
skogsstyrelsen.harvest.notified,https://geodpags.skogsstyrelsen.se/arcgis/rest/services/Geodataportal/GeodataportalVisaAvverkningsanmalan/MapServer/0/query?where=Lannr%3D%2713%27+AND+ArendeAr%3D2021&outFields=Beteckn%2CLannr%2CKommunnr%2CArendeAr%2CInkomdatum%2CAnmaldHa%2CAvvHa%2CAvvSasong%2CAvverktyp&returnGeometry=false&orderByFields=Beteckn&f=json,2026-09-06T00:21:05Z,304,application/json,39555,2422468d8275eabf651a330861072e884f73bd731541c589773e84fcf2edd7cd,"""57ceb01e""",,unchanged,raw/skogsstyrelsen.harvest.notified/2026/09/20260904T141736Z-2422468d8275.json,not_modified,
skogsstyrelsen.harvest.notified,https://geodpags.skogsstyrelsen.se/arcgis/rest/services/Geodataportal/GeodataportalVisaAvverkningsanmalan/MapServer/0/query?where=Lannr%3D%2719%27+AND+ArendeAr%3D2021&outFields=Beteckn%2CLannr%2CKommunnr%2CArendeAr%2CInkomdatum%2CAnmaldHa%2CAvvHa%2CAvvSasong%2CAvverktyp&returnGeometry=false&orderByFields=Beteckn&f=json,2026-09-06T00:21:08Z,200,application/json,37461,41485a907c46687443848c1cc51874336ec5d954fae36fe8fd08d552c90dcf63,"""7fd078bc""",,changed,raw/skogsstyrelsen.harvest.notified/2026/09/20260906T002108Z-41485a907c46.json,,
skogsstyrelsen.harvest.notified,https://geodpags.skogsstyrelsen.se/arcgis/rest/services/Geodataportal/GeodataportalVisaAvverkningsanmalan/MapServer/0/query?where=Lannr%3D%2701%27+AND+ArendeAr%3D2021&outFields=Beteckn%2CLannr%2CKommunnr%2CArendeAr%2CInkomdatum%2CAnmaldHa%2CAvvHa%2CAvvSasong%2CAvverktyp&returnGeometry=false&orderByFields=Beteckn&f=json,2026-09-06T00:21:11Z,200,application/json,30919,78f6c3f2c846fcd142bd3d85510dcb0571b07133e69b6eed2daba439cfd73d3c,"""d02df5b7""",,changed,raw/skogsstyrelsen.harvest.notified/2026/09/20260906T002111Z-78f6c3f2c846.json,,
skogsstyrelsen.harvest.notified,https://geodpags.skogsstyrelsen.se/arcgis/rest/services/Geodataportal/GeodataportalVisaAvverkningsanmalan/MapServer/0/query?where=Lannr%3D%2710%27+AND+ArendeAr%3D2021&outFields=Beteckn%2CLannr%2CKommunnr%2CArendeAr%2CInkomdatum%2CAnmaldHa%2CAvvHa%2CAvvSasong%2CAvverktyp&returnGeometry=false&orderByFields=Beteckn&f=json,2026-09-06T00:21:13Z,200,application/json,28560,5a8a77f6a2ca42526cc02911ea613c7baa04331d9cfc8770f099982310cc9daf,"""53959b7a""",,changed,raw/skogsstyrelsen.harvest.notified/2026/09/20260906T002113Z-5a8a77f6a2ca.json,,
skogsstyrelsen.harvest.notified,https://geodpags.skogsstyrelsen.se/arcgis/rest/services/Geodataportal/GeodataportalVisaAvverkningsanmalan/MapServer/0/query?where=Lannr%3D%2709%27+AND+ArendeAr%3D2023&outFields=Beteckn%2CLannr%2CKommunnr%2CArendeAr%2CInkomdatum%2CAnmaldHa%2CAvvHa%2CAvvSasong%2CAvverktyp&returnGeometry=false&orderByFields=Beteckn&f=json,2026-09-06T00:21:16Z,304,application/json,27043,e2b6017958864f2ace72469305413025dd49cf30310f106d4701e66eb11484de,"""2f9316b8""",,unchanged,raw/skogsstyrelsen.harvest.notified/2026/09/20260904T154729Z-e2b601795886.json,not_modified,
skogsstyrelsen.harvest.notified,https://geodpags.skogsstyrelsen.se/arcgis/rest/services/Geodataportal/GeodataportalVisaAvverkningsanmalan/MapServer/0/query?where=Lannr%3D%2709%27+AND+ArendeAr%3D2024&outFields=Beteckn%2CLannr%2CKommunnr%2CArendeAr%2CInkomdatum%2CAnmaldHa%2CAvvHa%2CAvvSasong%2CAvverktyp&returnGeometry=false&orderByFields=Beteckn&f=json,2026-09-06T00:21:18Z,304,application/json,23981,b7aab79382e74630dfe8af97821a76e1522f8acf6d140106a4b60c4f5fc8ccf7,"""985ba376""",,unchanged,raw/skogsstyrelsen.harvest.notified/2026/09/20260904T141754Z-b7aab79382e7.json,not_modified,
skogsstyrelsen.harvest.notified,https://geodpags.skogsstyrelsen.se/arcgis/rest/services/Geodataportal/GeodataportalVisaAvverkningsanmalan/MapServer/0/query?where=Lannr%3D%2709%27+AND+ArendeAr%3D2025&outFields=Beteckn%2CLannr%2CKommunnr%2CArendeAr%2CInkomdatum%2CAnmaldHa%2CAvvHa%2CAvvSasong%2CAvverktyp&returnGeometry=false&orderByFields=Beteckn&f=json,2026-09-06T00:21:21Z,304,application/json,23981,0063b61b576ae8567d9a238bc0131126c9e0e9a9c054ceb25af6d3b40ffa6538,"""6332927b""",,unchanged,raw/skogsstyrelsen.harvest.notified/2026/09/20260904T141757Z-0063b61b576a.json,not_modified,
skogsstyrelsen.harvest.notified,https://geodpags.skogsstyrelsen.se/arcgis/rest/services/Geodataportal/GeodataportalVisaAvverkningsanmalan/MapServer/0/query?where=Lannr%3D%2709%27+AND+ArendeAr%3D2026&outFields=Beteckn%2CLannr%2CKommunnr%2CArendeAr%2CInkomdatum%2CAnmaldHa%2CAvvHa%2CAvvSasong%2CAvverktyp&returnGeometry=false&orderByFields=Beteckn&f=json,2026-09-06T00:21:23Z,304,application/json,16741,ca665fcba4b8a80821d9f656bc32a329430ba0df7c47ec92756eb30e0a896694,"""57747e90""",,unchanged,raw/skogsstyrelsen.harvest.notified/2026/09/20260904T141801Z-ca665fcba4b8.json,not_modified,
skogsstyrelsen.harvest.notified,https://geodpags.skogsstyrelsen.se/arcgis/rest/services/Geodataportal/GeodataportalVisaAvverkningsanmalan/MapServer/0/query?where=Lannr%3D%2709%27+AND+ArendeAr%3D2022&outFields=Beteckn%2CLannr%2CKommunnr%2CArendeAr%2CInkomdatum%2CAnmaldHa%2CAvvHa%2CAvvSasong%2CAvverktyp&returnGeometry=false&orderByFields=Beteckn&f=json,2026-09-06T00:21:25Z,200,application/json,14293,9a087e0bfebbbf680ab29453502d3ce75133cd073b33a87431c6fb07f0cc24c1,"""e8c09a32""",,changed,raw/skogsstyrelsen.harvest.notified/2026/09/20260906T002125Z-9a087e0bfebb.json,,
skogsstyrelsen.harvest.notified,https://geodpags.skogsstyrelsen.se/arcgis/rest/services/Geodataportal/GeodataportalVisaAvverkningsanmalan/MapServer/0/query?where=Lannr%3D%2709%27+AND+ArendeAr%3D2021&outFields=Beteckn%2CLannr%2CKommunnr%2CArendeAr%2CInkomdatum%2CAnmaldHa%2CAvvHa%2CAvvSasong%2CAvverktyp&returnGeometry=false&orderByFields=Beteckn&f=json,2026-09-06T00:21:28Z,304,application/json,5975,647ca5e5d63426874e97d8e5bdc2b6cabb45e96bff034bba4f2523a2bf061520,"""7939b004""",,unchanged,raw/skogsstyrelsen.harvest.notified/2026/09/20260904T141807Z-647ca5e5d634.json,not_modified,
