series_id,entity_id,observed_at,captured_at,metric,value,unit,source_id,raw_ref,parser_version
calfire.harvest.proposed,plan:ca:1-15NTMP-007-SON,2026-09-04T00:00:00Z,2026-09-04T09:57:17Z,acres,582.32,acres,calfire.harvest.proposed,raw/calfire.harvest.proposed/2026/09/20260904T095717Z-dacfc1272d42.json,2
calfire.harvest.proposed,plan:ca:1-15NTMP-007-SON,2026-09-04T00:00:00Z,2026-09-04T09:57:17Z,polygons,14,count,calfire.harvest.proposed,raw/calfire.harvest.proposed/2026/09/20260904T095717Z-dacfc1272d42.json,2
calfire.harvest.proposed,plan:ca:1-15NTMP-007-SON,2026-09-04T00:00:00Z,2026-09-04T09:57:17Z,region,1,,calfire.harvest.proposed,raw/calfire.harvest.proposed/2026/09/20260904T095717Z-dacfc1272d42.json,2
calfire.harvest.proposed,plan:ca:1-15NTMP-007-SON,2026-09-04T00:00:00Z,2026-09-04T09:57:17Z,silviculture,Group Selection,,calfire.harvest.proposed,raw/calfire.harvest.proposed/2026/09/20260904T095717Z-dacfc1272d42.json,2
calfire.harvest.proposed,plan:ca:1-15NTMP-007-SON,2026-09-04T00:00:00Z,2026-09-04T09:57:17Z,status,Withdrawn,,calfire.harvest.proposed,raw/calfire.harvest.proposed/2026/09/20260904T095717Z-dacfc1272d42.json,2
calfire.harvest.proposed,plan:ca:1-16-018-HUM,2026-09-04T00:00:00Z,2026-09-04T09:57:17Z,acres,13.85,acres,calfire.harvest.proposed,raw/calfire.harvest.proposed/2026/09/20260904T095717Z-dacfc1272d42.json,2
calfire.harvest.proposed,plan:ca:1-16-018-HUM,2026-09-04T00:00:00Z,2026-09-04T09:57:17Z,polygons,1,count,calfire.harvest.proposed,raw/calfire.harvest.proposed/2026/09/20260904T095717Z-dacfc1272d42.json,2
calfire.harvest.proposed,plan:ca:1-16-018-HUM,2026-09-04T00:00:00Z,2026-09-04T09:57:17Z,region,1,,calfire.harvest.proposed,raw/calfire.harvest.proposed/2026/09/20260904T095717Z-dacfc1272d42.json,2
calfire.harvest.proposed,plan:ca:1-16-018-HUM,2026-09-04T00:00:00Z,2026-09-04T09:57:17Z,status,Withdrawn,,calfire.harvest.proposed,raw/calfire.harvest.proposed/2026/09/20260904T095717Z-dacfc1272d42.json,2
calfire.harvest.proposed,plan:ca:1-16-049-MEN,2026-09-04T00:00:00Z,2026-09-04T09:57:17Z,acres,674.82,acres,calfire.harvest.proposed,raw/calfire.harvest.proposed/2026/09/20260904T095717Z-dacfc1272d42.json,2
calfire.harvest.proposed,plan:ca:1-16-049-MEN,2026-09-04T00:00:00Z,2026-09-04T09:57:17Z,polygons,19,count,calfire.harvest.proposed,raw/calfire.harvest.proposed/2026/09/20260904T095717Z-dacfc1272d42.json,2
calfire.harvest.proposed,plan:ca:1-16-049-MEN,2026-09-04T00:00:00Z,2026-09-04T09:57:17Z,region,1,,calfire.harvest.proposed,raw/calfire.harvest.proposed/2026/09/20260904T095717Z-dacfc1272d42.json,2
calfire.harvest.proposed,plan:ca:1-16-049-MEN,2026-09-04T00:00:00Z,2026-09-04T09:57:17Z,silviculture,Transition,,calfire.harvest.proposed,raw/calfire.harvest.proposed/2026/09/20260904T095717Z-dacfc1272d42.json,2
calfire.harvest.proposed,plan:ca:1-16-049-MEN,2026-09-04T00:00:00Z,2026-09-04T09:57:17Z,status,Withdrawn,,calfire.harvest.proposed,raw/calfire.harvest.proposed/2026/09/20260904T095717Z-dacfc1272d42.json,2
calfire.harvest.proposed,plan:ca:1-16-079-NAP,2026-09-04T00:00:00Z,2026-09-04T09:57:17Z,acres,36.88,acres,calfire.harvest.proposed,raw/calfire.harvest.proposed/2026/09/20260904T095717Z-dacfc1272d42.json,2
calfire.harvest.proposed,plan:ca:1-16-079-NAP,2026-09-04T00:00:00Z,2026-09-04T09:57:17Z,polygons,11,count,calfire.harvest.proposed,raw/calfire.harvest.proposed/2026/09/20260904T095717Z-dacfc1272d42.json,2
calfire.harvest.proposed,plan:ca:1-16-079-NAP,2026-09-04T00:00:00Z,2026-09-04T09:57:17Z,region,1,,calfire.harvest.proposed,raw/calfire.harvest.proposed/2026/09/20260904T095717Z-dacfc1272d42.json,2
calfire.harvest.proposed,plan:ca:1-16-079-NAP,2026-09-04T00:00:00Z,2026-09-04T09:57:17Z,silviculture,Conversion,,calfire.harvest.proposed,raw/calfire.harvest.proposed/2026/09/20260904T095717Z-dacfc1272d42.json,2
calfire.harvest.proposed,plan:ca:1-16-079-NAP,2026-09-04T00:00:00Z,2026-09-04T09:57:17Z,status,Withdrawn,,calfire.harvest.proposed,raw/calfire.harvest.proposed/2026/09/20260904T095717Z-dacfc1272d42.json,2
calfire.harvest.proposed,plan:ca:1-16NTMP-001-SON,2026-09-04T00:00:00Z,2026-09-04T09:57:17Z,acres,290.85,acres,calfire.harvest.proposed,raw/calfire.harvest.proposed/2026/09/20260904T095717Z-dacfc1272d42.json,2
calfire.harvest.proposed,plan:ca:1-16NTMP-001-SON,2026-09-04T00:00:00Z,2026-09-04T09:57:17Z,polygons,1,count,calfire.harvest.proposed,raw/calfire.harvest.proposed/2026/09/20260904T095717Z-dacfc1272d42.json,2
calfire.harvest.proposed,plan:ca:1-16NTMP-001-SON,2026-09-04T00:00:00Z,2026-09-04T09:57:17Z,region,1,,calfire.harvest.proposed,raw/calfire.harvest.proposed/2026/09/20260904T095717Z-dacfc1272d42.json,2
calfire.harvest.proposed,plan:ca:1-16NTMP-001-SON,2026-09-04T00:00:00Z,2026-09-04T09:57:17Z,silviculture,Selection,,calfire.harvest.proposed,raw/calfire.harvest.proposed/2026/09/20260904T095717Z-dacfc1272d42.json,2
calfire.harvest.proposed,plan:ca:1-16NTMP-001-SON,2026-09-04T00:00:00Z,2026-09-04T09:57:17Z,status,Withdrawn,,calfire.harvest.proposed,raw/calfire.harvest.proposed/2026/09/20260904T095717Z-dacfc1272d42.json,2
calfire.harvest.proposed,plan:ca:1-17-017-SON,2026-09-04T00:00:00Z,2026-09-04T09:57:17Z,acres,152.66,acres,calfire.harvest.proposed,raw/calfire.harvest.proposed/2026/09/20260904T095717Z-dacfc1272d42.json,2
calfire.harvest.proposed,plan:ca:1-17-017-SON,2026-09-04T00:00:00Z,2026-09-04T09:57:17Z,polygons,8,count,calfire.harvest.proposed,raw/calfire.harvest.proposed/2026/09/20260904T095717Z-dacfc1272d42.json,2
calfire.harvest.proposed,plan:ca:1-17-017-SON,2026-09-04T00:00:00Z,2026-09-04T09:57:17Z,region,1,,calfire.harvest.proposed,raw/calfire.harvest.proposed/2026/09/20260904T095717Z-dacfc1272d42.json,2
calfire.harvest.proposed,plan:ca:1-17-017-SON,2026-09-04T00:00:00Z,2026-09-04T09:57:17Z,silviculture,Group Selection,,calfire.harvest.proposed,raw/calfire.harvest.proposed/2026/09/20260904T095717Z-dacfc1272d42.json,2
calfire.harvest.proposed,plan:ca:1-17-017-SON,2026-09-04T00:00:00Z,2026-09-04T09:57:17Z,status,Denied,,calfire.harvest.proposed,raw/calfire.harvest.proposed/2026/09/20260904T095717Z-dacfc1272d42.json,2
calfire.harvest.proposed,plan:ca:1-17-029-MEN,2026-09-04T00:00:00Z,2026-09-04T09:57:17Z,acres,1441.19,acres,calfire.harvest.proposed,raw/calfire.harvest.proposed/2026/09/20260904T095717Z-dacfc1272d42.json,2
calfire.harvest.proposed,plan:ca:1-17-029-MEN,2026-09-04T00:00:00Z,2026-09-04T09:57:17Z,polygons,8,count,calfire.harvest.proposed,raw/calfire.harvest.proposed/2026/09/20260904T095717Z-dacfc1272d42.json,2
calfire.harvest.proposed,plan:ca:1-17-029-MEN,2026-09-04T00:00:00Z,2026-09-04T09:57:17Z,region,1,,calfire.harvest.proposed,raw/calfire.harvest.proposed/2026/09/20260904T095717Z-dacfc1272d42.json,2
calfire.harvest.proposed,plan:ca:1-17-029-MEN,2026-09-04T00:00:00Z,2026-09-04T09:57:17Z,silviculture,Alternative Prescription,,calfire.harvest.proposed,raw/calfire.harvest.proposed/2026/09/20260904T095717Z-dacfc1272d42.json,2
calfire.harvest.proposed,plan:ca:1-17-029-MEN,2026-09-04T00:00:00Z,2026-09-04T09:57:17Z,status,Withdrawn,,calfire.harvest.proposed,raw/calfire.harvest.proposed/2026/09/20260904T095717Z-dacfc1272d42.json,2
calfire.harvest.proposed,plan:ca:1-17-030-HUM,2026-09-04T00:00:00Z,2026-09-04T09:57:17Z,acres,30.94,acres,calfire.harvest.proposed,raw/calfire.harvest.proposed/2026/09/20260904T095717Z-dacfc1272d42.json,2
calfire.harvest.proposed,plan:ca:1-17-030-HUM,2026-09-04T00:00:00Z,2026-09-04T09:57:17Z,polygons,7,count,calfire.harvest.proposed,raw/calfire.harvest.proposed/2026/09/20260904T095717Z-dacfc1272d42.json,2
calfire.harvest.proposed,plan:ca:1-17-030-HUM,2026-09-04T00:00:00Z,2026-09-04T09:57:17Z,region,1,,calfire.harvest.proposed,raw/calfire.harvest.proposed/2026/09/20260904T095717Z-dacfc1272d42.json,2
calfire.harvest.proposed,plan:ca:1-17-030-HUM,2026-09-04T00:00:00Z,2026-09-04T09:57:17Z,silviculture,Clearcut,,calfire.harvest.proposed,raw/calfire.harvest.proposed/2026/09/20260904T095717Z-dacfc1272d42.json,2
calfire.harvest.proposed,plan:ca:1-17-030-HUM,2026-09-04T00:00:00Z,2026-09-04T09:57:17Z,status,Withdrawn,,calfire.harvest.proposed,raw/calfire.harvest.proposed/2026/09/20260904T095717Z-dacfc1272d42.json,2
calfire.harvest.proposed,plan:ca:1-17-055-HUM,2026-09-04T00:00:00Z,2026-09-04T09:57:17Z,acres,165.27,acres,calfire.harvest.proposed,raw/calfire.harvest.proposed/2026/09/20260904T095717Z-dacfc1272d42.json,2
calfire.harvest.proposed,plan:ca:1-17-055-HUM,2026-09-04T00:00:00Z,2026-09-04T09:57:17Z,polygons,4,count,calfire.harvest.proposed,raw/calfire.harvest.proposed/2026/09/20260904T095717Z-dacfc1272d42.json,2
calfire.harvest.proposed,plan:ca:1-17-055-HUM,2026-09-04T00:00:00Z,2026-09-04T09:57:17Z,region,1,,calfire.harvest.proposed,raw/calfire.harvest.proposed/2026/09/20260904T095717Z-dacfc1272d42.json,2
calfire.harvest.proposed,plan:ca:1-17-055-HUM,2026-09-04T00:00:00Z,2026-09-04T09:57:17Z,silviculture,Group Selection,,calfire.harvest.proposed,raw/calfire.harvest.proposed/2026/09/20260904T095717Z-dacfc1272d42.json,2
calfire.harvest.proposed,plan:ca:1-17-055-HUM,2026-09-04T00:00:00Z,2026-09-04T09:57:17Z,status,Withdrawn,,calfire.harvest.proposed,raw/calfire.harvest.proposed/2026/09/20260904T095717Z-dacfc1272d42.json,2
calfire.harvest.proposed,plan:ca:1-17-086-HUM,2026-09-04T00:00:00Z,2026-09-04T09:57:17Z,acres,85.29,acres,calfire.harvest.proposed,raw/calfire.harvest.proposed/2026/09/20260904T095717Z-dacfc1272d42.json,2
calfire.harvest.proposed,plan:ca:1-17-086-HUM,2026-09-04T00:00:00Z,2026-09-04T09:57:17Z,polygons,2,count,calfire.harvest.proposed,raw/calfire.harvest.proposed/2026/09/20260904T095717Z-dacfc1272d42.json,2
calfire.harvest.proposed,plan:ca:1-17-086-HUM,2026-09-04T00:00:00Z,2026-09-04T09:57:17Z,region,4,,calfire.harvest.proposed,raw/calfire.harvest.proposed/2026/09/20260904T095717Z-dacfc1272d42.json,2
calfire.harvest.proposed,plan:ca:1-17-086-HUM,2026-09-04T00:00:00Z,2026-09-04T09:57:17Z,silviculture,Selection,,calfire.harvest.proposed,raw/calfire.harvest.proposed/2026/09/20260904T095717Z-dacfc1272d42.json,2
calfire.harvest.proposed,plan:ca:1-17-086-HUM,2026-09-04T00:00:00Z,2026-09-04T09:57:17Z,status,Withdrawn,,calfire.harvest.proposed,raw/calfire.harvest.proposed/2026/09/20260904T095717Z-dacfc1272d42.json,2
calfire.harvest.proposed,plan:ca:1-17-126-LAK,2026-09-04T00:00:00Z,2026-09-04T09:57:17Z,acres,2058.57,acres,calfire.harvest.proposed,raw/calfire.harvest.proposed/2026/09/20260904T095717Z-dacfc1272d42.json,2
calfire.harvest.proposed,plan:ca:1-17-126-LAK,2026-09-04T00:00:00Z,2026-09-04T09:57:17Z,polygons,8,count,calfire.harvest.proposed,raw/calfire.harvest.proposed/2026/09/20260904T095717Z-dacfc1272d42.json,2
calfire.harvest.proposed,plan:ca:1-17-126-LAK,2026-09-04T00:00:00Z,2026-09-04T09:57:17Z,region,1,,calfire.harvest.proposed,raw/calfire.harvest.proposed/2026/09/20260904T095717Z-dacfc1272d42.json,2
calfire.harvest.proposed,plan:ca:1-17-126-LAK,2026-09-04T00:00:00Z,2026-09-04T09:57:17Z,silviculture,Sanitation Salvage,,calfire.harvest.proposed,raw/calfire.harvest.proposed/2026/09/20260904T095717Z-dacfc1272d42.json,2
calfire.harvest.proposed,plan:ca:1-17-126-LAK,2026-09-04T00:00:00Z,2026-09-04T09:57:17Z,status,Withdrawn,,calfire.harvest.proposed,raw/calfire.harvest.proposed/2026/09/20260904T095717Z-dacfc1272d42.json,2
calfire.harvest.proposed,plan:ca:1-17NTMP-002-HUM,2026-09-04T00:00:00Z,2026-09-04T09:57:17Z,acres,164.17,acres,calfire.harvest.proposed,raw/calfire.harvest.proposed/2026/09/20260904T095717Z-dacfc1272d42.json,2
calfire.harvest.proposed,plan:ca:1-17NTMP-002-HUM,2026-09-04T00:00:00Z,2026-09-04T09:57:17Z,polygons,7,count,calfire.harvest.proposed,raw/calfire.harvest.proposed/2026/09/20260904T095717Z-dacfc1272d42.json,2
calfire.harvest.proposed,plan:ca:1-17NTMP-002-HUM,2026-09-04T00:00:00Z,2026-09-04T09:57:17Z,region,1,,calfire.harvest.proposed,raw/calfire.harvest.proposed/2026/09/20260904T095717Z-dacfc1272d42.json,2
calfire.harvest.proposed,plan:ca:1-17NTMP-002-HUM,2026-09-04T00:00:00Z,2026-09-04T09:57:17Z,silviculture,Selection,,calfire.harvest.proposed,raw/calfire.harvest.proposed/2026/09/20260904T095717Z-dacfc1272d42.json,2
calfire.harvest.proposed,plan:ca:1-17NTMP-002-HUM,2026-09-04T00:00:00Z,2026-09-04T09:57:17Z,status,Withdrawn,,calfire.harvest.proposed,raw/calfire.harvest.proposed/2026/09/20260904T095717Z-dacfc1272d42.json,2
calfire.harvest.proposed,plan:ca:1-18-00172-SMO,2026-09-04T00:00:00Z,2026-09-04T09:57:17Z,acres,124.17,acres,calfire.harvest.proposed,raw/calfire.harvest.proposed/2026/09/20260904T095717Z-dacfc1272d42.json,2
calfire.harvest.proposed,plan:ca:1-18-00172-SMO,2026-09-04T00:00:00Z,2026-09-04T09:57:17Z,polygons,2,count,calfire.harvest.proposed,raw/calfire.harvest.proposed/2026/09/20260904T095717Z-dacfc1272d42.json,2
calfire.harvest.proposed,plan:ca:1-18-00172-SMO,2026-09-04T00:00:00Z,2026-09-04T09:57:17Z,region,1,,calfire.harvest.proposed,raw/calfire.harvest.proposed/2026/09/20260904T095717Z-dacfc1272d42.json,2
calfire.harvest.proposed,plan:ca:1-18-00172-SMO,2026-09-04T00:00:00Z,2026-09-04T09:57:17Z,silviculture,Conversion,,calfire.harvest.proposed,raw/calfire.harvest.proposed/2026/09/20260904T095717Z-dacfc1272d42.json,2
calfire.harvest.proposed,plan:ca:1-18-00172-SMO,2026-09-04T00:00:00Z,2026-09-04T09:57:17Z,status,Proposed,,calfire.harvest.proposed,raw/calfire.harvest.proposed/2026/09/20260904T095717Z-dacfc1272d42.json,2
calfire.harvest.proposed,plan:ca:1-18-018-MEN,2026-09-04T00:00:00Z,2026-09-04T09:57:17Z,acres,129.25,acres,calfire.harvest.proposed,raw/calfire.harvest.proposed/2026/09/20260904T095717Z-dacfc1272d42.json,2
calfire.harvest.proposed,plan:ca:1-18-018-MEN,2026-09-04T00:00:00Z,2026-09-04T09:57:17Z,polygons,7,count,calfire.harvest.proposed,raw/calfire.harvest.proposed/2026/09/20260904T095717Z-dacfc1272d42.json,2
calfire.harvest.proposed,plan:ca:1-18-018-MEN,2026-09-04T00:00:00Z,2026-09-04T09:57:17Z,region,1,,calfire.harvest.proposed,raw/calfire.harvest.proposed/2026/09/20260904T095717Z-dacfc1272d42.json,2
calfire.harvest.proposed,plan:ca:1-18-018-MEN,2026-09-04T00:00:00Z,2026-09-04T09:57:17Z,silviculture,Selection,,calfire.harvest.proposed,raw/calfire.harvest.proposed/2026/09/20260904T095717Z-dacfc1272d42.json,2
calfire.harvest.proposed,plan:ca:1-18-018-MEN,2026-09-04T00:00:00Z,2026-09-04T09:57:17Z,status,Withdrawn,,calfire.harvest.proposed,raw/calfire.harvest.proposed/2026/09/20260904T095717Z-dacfc1272d42.json,2
calfire.harvest.proposed,plan:ca:1-18-064-HUM,2026-09-04T00:00:00Z,2026-09-04T09:57:17Z,acres,166.43,acres,calfire.harvest.proposed,raw/calfire.harvest.proposed/2026/09/20260904T095717Z-dacfc1272d42.json,2
calfire.harvest.proposed,plan:ca:1-18-064-HUM,2026-09-04T00:00:00Z,2026-09-04T09:57:17Z,polygons,22,count,calfire.harvest.proposed,raw/calfire.harvest.proposed/2026/09/20260904T095717Z-dacfc1272d42.json,2
calfire.harvest.proposed,plan:ca:1-18-064-HUM,2026-09-04T00:00:00Z,2026-09-04T09:57:17Z,region,1,,calfire.harvest.proposed,raw/calfire.harvest.proposed/2026/09/20260904T095717Z-dacfc1272d42.json,2
calfire.harvest.proposed,plan:ca:1-18-064-HUM,2026-09-04T00:00:00Z,2026-09-04T09:57:17Z,silviculture,Group Selection,,calfire.harvest.proposed,raw/calfire.harvest.proposed/2026/09/20260904T095717Z-dacfc1272d42.json,2
calfire.harvest.proposed,plan:ca:1-18-064-HUM,2026-09-04T00:00:00Z,2026-09-04T09:57:17Z,status,Withdrawn,,calfire.harvest.proposed,raw/calfire.harvest.proposed/2026/09/20260904T095717Z-dacfc1272d42.json,2
calfire.harvest.proposed,plan:ca:1-18NTMP-00016-MEN,2026-09-04T00:00:00Z,2026-09-04T09:57:17Z,acres,75.12,acres,calfire.harvest.proposed,raw/calfire.harvest.proposed/2026/09/20260904T095717Z-dacfc1272d42.json,2
calfire.harvest.proposed,plan:ca:1-18NTMP-00016-MEN,2026-09-04T00:00:00Z,2026-09-04T09:57:17Z,polygons,2,count,calfire.harvest.proposed,raw/calfire.harvest.proposed/2026/09/20260904T095717Z-dacfc1272d42.json,2
calfire.harvest.proposed,plan:ca:1-18NTMP-00016-MEN,2026-09-04T00:00:00Z,2026-09-04T09:57:17Z,region,1,,calfire.harvest.proposed,raw/calfire.harvest.proposed/2026/09/20260904T095717Z-dacfc1272d42.json,2
calfire.harvest.proposed,plan:ca:1-18NTMP-00016-MEN,2026-09-04T00:00:00Z,2026-09-04T09:57:17Z,silviculture,Selection,,calfire.harvest.proposed,raw/calfire.harvest.proposed/2026/09/20260904T095717Z-dacfc1272d42.json,2
calfire.harvest.proposed,plan:ca:1-18NTMP-00016-MEN,2026-09-04T00:00:00Z,2026-09-04T09:57:17Z,status,Withdrawn,,calfire.harvest.proposed,raw/calfire.harvest.proposed/2026/09/20260904T095717Z-dacfc1272d42.json,2
calfire.harvest.proposed,plan:ca:1-18NTMP-004-HUM,2026-09-04T00:00:00Z,2026-09-04T09:57:17Z,acres,80.37,acres,calfire.harvest.proposed,raw/calfire.harvest.proposed/2026/09/20260904T095717Z-dacfc1272d42.json,2
calfire.harvest.proposed,plan:ca:1-18NTMP-004-HUM,2026-09-04T00:00:00Z,2026-09-04T09:57:17Z,polygons,9,count,calfire.harvest.proposed,raw/calfire.harvest.proposed/2026/09/20260904T095717Z-dacfc1272d42.json,2
calfire.harvest.proposed,plan:ca:1-18NTMP-004-HUM,2026-09-04T00:00:00Z,2026-09-04T09:57:17Z,region,4,,calfire.harvest.proposed,raw/calfire.harvest.proposed/2026/09/20260904T095717Z-dacfc1272d42.json,2
calfire.harvest.proposed,plan:ca:1-18NTMP-004-HUM,2026-09-04T00:00:00Z,2026-09-04T09:57:17Z,silviculture,Selection,,calfire.harvest.proposed,raw/calfire.harvest.proposed/2026/09/20260904T095717Z-dacfc1272d42.json,2
calfire.harvest.proposed,plan:ca:1-18NTMP-004-HUM,2026-09-04T00:00:00Z,2026-09-04T09:57:17Z,status,Withdrawn,,calfire.harvest.proposed,raw/calfire.harvest.proposed/2026/09/20260904T095717Z-dacfc1272d42.json,2
calfire.harvest.proposed,plan:ca:1-19-00098-MEN,2026-09-04T00:00:00Z,2026-09-04T09:57:17Z,acres,158.72,acres,calfire.harvest.proposed,raw/calfire.harvest.proposed/2026/09/20260904T095717Z-dacfc1272d42.json,2
calfire.harvest.proposed,plan:ca:1-19-00098-MEN,2026-09-04T00:00:00Z,2026-09-04T09:57:17Z,polygons,16,count,calfire.harvest.proposed,raw/calfire.harvest.proposed/2026/09/20260904T095717Z-dacfc1272d42.json,2
calfire.harvest.proposed,plan:ca:1-19-00098-MEN,2026-09-04T00:00:00Z,2026-09-04T09:57:17Z,region,1,,calfire.harvest.proposed,raw/calfire.harvest.proposed/2026/09/20260904T095717Z-dacfc1272d42.json,2
calfire.harvest.proposed,plan:ca:1-19-00098-MEN,2026-09-04T00:00:00Z,2026-09-04T09:57:17Z,silviculture,Selection,,calfire.harvest.proposed,raw/calfire.harvest.proposed/2026/09/20260904T095717Z-dacfc1272d42.json,2
calfire.harvest.proposed,plan:ca:1-19-00098-MEN,2026-09-04T00:00:00Z,2026-09-04T09:57:17Z,status,Withdrawn,,calfire.harvest.proposed,raw/calfire.harvest.proposed/2026/09/20260904T095717Z-dacfc1272d42.json,2
calfire.harvest.proposed,plan:ca:1-19-00132-DEL,2026-09-04T00:00:00Z,2026-09-04T09:57:17Z,acres,22.41,acres,calfire.harvest.proposed,raw/calfire.harvest.proposed/2026/09/20260904T095717Z-dacfc1272d42.json,2
calfire.harvest.proposed,plan:ca:1-19-00132-DEL,2026-09-04T00:00:00Z,2026-09-04T09:57:17Z,polygons,1,count,calfire.harvest.proposed,raw/calfire.harvest.proposed/2026/09/20260904T095717Z-dacfc1272d42.json,2
calfire.harvest.proposed,plan:ca:1-19-00132-DEL,2026-09-04T00:00:00Z,2026-09-04T09:57:17Z,region,1,,calfire.harvest.proposed,raw/calfire.harvest.proposed/2026/09/20260904T095717Z-dacfc1272d42.json,2
calfire.harvest.proposed,plan:ca:1-19-00132-DEL,2026-09-04T00:00:00Z,2026-09-04T09:57:17Z,silviculture,Group Selection,,calfire.harvest.proposed,raw/calfire.harvest.proposed/2026/09/20260904T095717Z-dacfc1272d42.json,2
calfire.harvest.proposed,plan:ca:1-19-00132-DEL,2026-09-04T00:00:00Z,2026-09-04T09:57:17Z,status,Withdrawn,,calfire.harvest.proposed,raw/calfire.harvest.proposed/2026/09/20260904T095717Z-dacfc1272d42.json,2
calfire.harvest.proposed,plan:ca:1-19-00202-MEN,2026-09-04T00:00:00Z,2026-09-04T09:57:17Z,acres,98.16,acres,calfire.harvest.proposed,raw/calfire.harvest.proposed/2026/09/20260904T095717Z-dacfc1272d42.json,2
calfire.harvest.proposed,plan:ca:1-19-00202-MEN,2026-09-04T00:00:00Z,2026-09-04T09:57:17Z,polygons,4,count,calfire.harvest.proposed,raw/calfire.harvest.proposed/2026/09/20260904T095717Z-dacfc1272d42.json,2
calfire.harvest.proposed,plan:ca:1-19-00202-MEN,2026-09-04T00:00:00Z,2026-09-04T09:57:17Z,region,1,,calfire.harvest.proposed,raw/calfire.harvest.proposed/2026/09/20260904T095717Z-dacfc1272d42.json,2
calfire.harvest.proposed,plan:ca:1-19-00202-MEN,2026-09-04T00:00:00Z,2026-09-04T09:57:17Z,silviculture,Transition,,calfire.harvest.proposed,raw/calfire.harvest.proposed/2026/09/20260904T095717Z-dacfc1272d42.json,2
calfire.harvest.proposed,plan:ca:1-19-00202-MEN,2026-09-04T00:00:00Z,2026-09-04T09:57:17Z,status,Withdrawn,,calfire.harvest.proposed,raw/calfire.harvest.proposed/2026/09/20260904T095717Z-dacfc1272d42.json,2
calfire.harvest.proposed,plan:ca:1-19-00203-SCR,2026-09-04T00:00:00Z,2026-09-04T09:57:17Z,acres,28.98,acres,calfire.harvest.proposed,raw/calfire.harvest.proposed/2026/09/20260904T095717Z-dacfc1272d42.json,2
calfire.harvest.proposed,plan:ca:1-19-00203-SCR,2026-09-04T00:00:00Z,2026-09-04T09:57:17Z,polygons,1,count,calfire.harvest.proposed,raw/calfire.harvest.proposed/2026/09/20260904T095717Z-dacfc1272d42.json,2
calfire.harvest.proposed,plan:ca:1-19-00203-SCR,2026-09-04T00:00:00Z,2026-09-04T09:57:17Z,region,1,,calfire.harvest.proposed,raw/calfire.harvest.proposed/2026/09/20260904T095717Z-dacfc1272d42.json,2
calfire.harvest.proposed,plan:ca:1-19-00203-SCR,2026-09-04T00:00:00Z,2026-09-04T09:57:17Z,silviculture,Selection,,calfire.harvest.proposed,raw/calfire.harvest.proposed/2026/09/20260904T095717Z-dacfc1272d42.json,2
calfire.harvest.proposed,plan:ca:1-19-00203-SCR,2026-09-04T00:00:00Z,2026-09-04T09:57:17Z,status,Withdrawn,,calfire.harvest.proposed,raw/calfire.harvest.proposed/2026/09/20260904T095717Z-dacfc1272d42.json,2
calfire.harvest.proposed,plan:ca:1-19NTMP-00007-SON,2026-09-04T00:00:00Z,2026-09-04T09:57:17Z,acres,297.03,acres,calfire.harvest.proposed,raw/calfire.harvest.proposed/2026/09/20260904T095717Z-dacfc1272d42.json,2
calfire.harvest.proposed,plan:ca:1-19NTMP-00007-SON,2026-09-04T00:00:00Z,2026-09-04T09:57:17Z,polygons,2,count,calfire.harvest.proposed,raw/calfire.harvest.proposed/2026/09/20260904T095717Z-dacfc1272d42.json,2
calfire.harvest.proposed,plan:ca:1-19NTMP-00007-SON,2026-09-04T00:00:00Z,2026-09-04T09:57:17Z,region,1,,calfire.harvest.proposed,raw/calfire.harvest.proposed/2026/09/20260904T095717Z-dacfc1272d42.json,2
calfire.harvest.proposed,plan:ca:1-19NTMP-00007-SON,2026-09-04T00:00:00Z,2026-09-04T09:57:17Z,silviculture,Selection,,calfire.harvest.proposed,raw/calfire.harvest.proposed/2026/09/20260904T095717Z-dacfc1272d42.json,2
calfire.harvest.proposed,plan:ca:1-19NTMP-00007-SON,2026-09-04T00:00:00Z,2026-09-04T09:57:17Z,status,Proposed,,calfire.harvest.proposed,raw/calfire.harvest.proposed/2026/09/20260904T095717Z-dacfc1272d42.json,2
calfire.harvest.proposed,plan:ca:1-20-00153-MEN,2026-09-04T00:00:00Z,2026-09-04T09:57:29Z,acres,592.27,acres,calfire.harvest.proposed,raw/calfire.harvest.proposed/2026/09/20260904T095729Z-14dc900d01da.json,2
calfire.harvest.proposed,plan:ca:1-20-00153-MEN,2026-09-04T00:00:00Z,2026-09-04T09:57:29Z,polygons,6,count,calfire.harvest.proposed,raw/calfire.harvest.proposed/2026/09/20260904T095729Z-14dc900d01da.json,2
calfire.harvest.proposed,plan:ca:1-20-00153-MEN,2026-09-04T00:00:00Z,2026-09-04T09:57:29Z,region,1,,calfire.harvest.proposed,raw/calfire.harvest.proposed/2026/09/20260904T095729Z-14dc900d01da.json,2
calfire.harvest.proposed,plan:ca:1-20-00153-MEN,2026-09-04T00:00:00Z,2026-09-04T09:57:29Z,silviculture,Variable Retention,,calfire.harvest.proposed,raw/calfire.harvest.proposed/2026/09/20260904T095729Z-14dc900d01da.json,2
calfire.harvest.proposed,plan:ca:1-20-00153-MEN,2026-09-04T00:00:00Z,2026-09-04T09:57:29Z,status,Withdrawn,,calfire.harvest.proposed,raw/calfire.harvest.proposed/2026/09/20260904T095729Z-14dc900d01da.json,2
calfire.harvest.proposed,plan:ca:1-20-00168-MEN,2026-09-04T00:00:00Z,2026-09-04T09:57:29Z,acres,555.58,acres,calfire.harvest.proposed,raw/calfire.harvest.proposed/2026/09/20260904T095729Z-14dc900d01da.json,2
calfire.harvest.proposed,plan:ca:1-20-00168-MEN,2026-09-04T00:00:00Z,2026-09-04T09:57:29Z,polygons,3,count,calfire.harvest.proposed,raw/calfire.harvest.proposed/2026/09/20260904T095729Z-14dc900d01da.json,2
calfire.harvest.proposed,plan:ca:1-20-00168-MEN,2026-09-04T00:00:00Z,2026-09-04T09:57:29Z,region,1,,calfire.harvest.proposed,raw/calfire.harvest.proposed/2026/09/20260904T095729Z-14dc900d01da.json,2
calfire.harvest.proposed,plan:ca:1-20-00168-MEN,2026-09-04T00:00:00Z,2026-09-04T09:57:29Z,silviculture,Selection,,calfire.harvest.proposed,raw/calfire.harvest.proposed/2026/09/20260904T095729Z-14dc900d01da.json,2
calfire.harvest.proposed,plan:ca:1-20-00168-MEN,2026-09-04T00:00:00Z,2026-09-04T09:57:29Z,status,Withdrawn,,calfire.harvest.proposed,raw/calfire.harvest.proposed/2026/09/20260904T095729Z-14dc900d01da.json,2
calfire.harvest.proposed,plan:ca:1-20-00173-MEN,2026-09-04T00:00:00Z,2026-09-04T09:57:29Z,acres,482.07,acres,calfire.harvest.proposed,raw/calfire.harvest.proposed/2026/09/20260904T095729Z-14dc900d01da.json,2
calfire.harvest.proposed,plan:ca:1-20-00173-MEN,2026-09-04T00:00:00Z,2026-09-04T09:57:29Z,polygons,1,count,calfire.harvest.proposed,raw/calfire.harvest.proposed/2026/09/20260904T095729Z-14dc900d01da.json,2
calfire.harvest.proposed,plan:ca:1-20-00173-MEN,2026-09-04T00:00:00Z,2026-09-04T09:57:29Z,region,1,,calfire.harvest.proposed,raw/calfire.harvest.proposed/2026/09/20260904T095729Z-14dc900d01da.json,2
calfire.harvest.proposed,plan:ca:1-20-00173-MEN,2026-09-04T00:00:00Z,2026-09-04T09:57:29Z,silviculture,Selection,,calfire.harvest.proposed,raw/calfire.harvest.proposed/2026/09/20260904T095729Z-14dc900d01da.json,2
calfire.harvest.proposed,plan:ca:1-20-00173-MEN,2026-09-04T00:00:00Z,2026-09-04T09:57:29Z,status,Withdrawn,,calfire.harvest.proposed,raw/calfire.harvest.proposed/2026/09/20260904T095729Z-14dc900d01da.json,2
calfire.harvest.proposed,plan:ca:1-20-00193-MEN,2026-09-04T00:00:00Z,2026-09-04T09:57:29Z,acres,566.74,acres,calfire.harvest.proposed,raw/calfire.harvest.proposed/2026/09/20260904T095729Z-14dc900d01da.json,2
calfire.harvest.proposed,plan:ca:1-20-00193-MEN,2026-09-04T00:00:00Z,2026-09-04T09:57:29Z,polygons,4,count,calfire.harvest.proposed,raw/calfire.harvest.proposed/2026/09/20260904T095729Z-14dc900d01da.json,2
calfire.harvest.proposed,plan:ca:1-20-00193-MEN,2026-09-04T00:00:00Z,2026-09-04T09:57:29Z,region,1,,calfire.harvest.proposed,raw/calfire.harvest.proposed/2026/09/20260904T095729Z-14dc900d01da.json,2
calfire.harvest.proposed,plan:ca:1-20-00193-MEN,2026-09-04T00:00:00Z,2026-09-04T09:57:29Z,silviculture,Selection,,calfire.harvest.proposed,raw/calfire.harvest.proposed/2026/09/20260904T095729Z-14dc900d01da.json,2
calfire.harvest.proposed,plan:ca:1-20-00193-MEN,2026-09-04T00:00:00Z,2026-09-04T09:57:29Z,status,Withdrawn,,calfire.harvest.proposed,raw/calfire.harvest.proposed/2026/09/20260904T095729Z-14dc900d01da.json,2
calfire.harvest.proposed,plan:ca:1-20-00203-SON,2026-09-04T00:00:00Z,2026-09-04T09:57:29Z,acres,267.39,acres,calfire.harvest.proposed,raw/calfire.harvest.proposed/2026/09/20260904T095729Z-14dc900d01da.json,2
calfire.harvest.proposed,plan:ca:1-20-00203-SON,2026-09-04T00:00:00Z,2026-09-04T09:57:29Z,polygons,1,count,calfire.harvest.proposed,raw/calfire.harvest.proposed/2026/09/20260904T095729Z-14dc900d01da.json,2
calfire.harvest.proposed,plan:ca:1-20-00203-SON,2026-09-04T00:00:00Z,2026-09-04T09:57:29Z,region,1,,calfire.harvest.proposed,raw/calfire.harvest.proposed/2026/09/20260904T095729Z-14dc900d01da.json,2
calfire.harvest.proposed,plan:ca:1-20-00203-SON,2026-09-04T00:00:00Z,2026-09-04T09:57:29Z,silviculture,Selection,,calfire.harvest.proposed,raw/calfire.harvest.proposed/2026/09/20260904T095729Z-14dc900d01da.json,2
calfire.harvest.proposed,plan:ca:1-20-00203-SON,2026-09-04T00:00:00Z,2026-09-04T09:57:29Z,status,Withdrawn,,calfire.harvest.proposed,raw/calfire.harvest.proposed/2026/09/20260904T095729Z-14dc900d01da.json,2
calfire.harvest.proposed,plan:ca:1-21-00130-MEN,2026-09-04T00:00:00Z,2026-09-04T09:57:29Z,acres,471.66,acres,calfire.harvest.proposed,raw/calfire.harvest.proposed/2026/09/20260904T095729Z-14dc900d01da.json,2
calfire.harvest.proposed,plan:ca:1-21-00130-MEN,2026-09-04T00:00:00Z,2026-09-04T09:57:29Z,polygons,7,count,calfire.harvest.proposed,raw/calfire.harvest.proposed/2026/09/20260904T095729Z-14dc900d01da.json,2
calfire.harvest.proposed,plan:ca:1-21-00130-MEN,2026-09-04T00:00:00Z,2026-09-04T09:57:29Z,region,1,,calfire.harvest.proposed,raw/calfire.harvest.proposed/2026/09/20260904T095729Z-14dc900d01da.json,2
calfire.harvest.proposed,plan:ca:1-21-00130-MEN,2026-09-04T00:00:00Z,2026-09-04T09:57:29Z,silviculture,No Harvest Area,,calfire.harvest.proposed,raw/calfire.harvest.proposed/2026/09/20260904T095729Z-14dc900d01da.json,2
calfire.harvest.proposed,plan:ca:1-21-00130-MEN,2026-09-04T00:00:00Z,2026-09-04T09:57:29Z,status,Withdrawn,,calfire.harvest.proposed,raw/calfire.harvest.proposed/2026/09/20260904T095729Z-14dc900d01da.json,2
calfire.harvest.proposed,plan:ca:1-21-00164-MEN,2026-09-04T00:00:00Z,2026-09-04T09:57:29Z,acres,668.4,acres,calfire.harvest.proposed,raw/calfire.harvest.proposed/2026/09/20260904T095729Z-14dc900d01da.json,2
calfire.harvest.proposed,plan:ca:1-21-00164-MEN,2026-09-04T00:00:00Z,2026-09-04T09:57:29Z,polygons,53,count,calfire.harvest.proposed,raw/calfire.harvest.proposed/2026/09/20260904T095729Z-14dc900d01da.json,2
calfire.harvest.proposed,plan:ca:1-21-00164-MEN,2026-09-04T00:00:00Z,2026-09-04T09:57:29Z,region,1,,calfire.harvest.proposed,raw/calfire.harvest.proposed/2026/09/20260904T095729Z-14dc900d01da.json,2
calfire.harvest.proposed,plan:ca:1-21-00164-MEN,2026-09-04T00:00:00Z,2026-09-04T09:57:29Z,silviculture,Clearcut,,calfire.harvest.proposed,raw/calfire.harvest.proposed/2026/09/20260904T095729Z-14dc900d01da.json,2
calfire.harvest.proposed,plan:ca:1-21-00164-MEN,2026-09-04T00:00:00Z,2026-09-04T09:57:29Z,status,Withdrawn,,calfire.harvest.proposed,raw/calfire.harvest.proposed/2026/09/20260904T095729Z-14dc900d01da.json,2
calfire.harvest.proposed,plan:ca:1-22-00058-SCR,2026-09-04T00:00:00Z,2026-09-04T09:57:29Z,acres,0.78,acres,calfire.harvest.proposed,raw/calfire.harvest.proposed/2026/09/20260904T095729Z-14dc900d01da.json,2
calfire.harvest.proposed,plan:ca:1-22-00058-SCR,2026-09-04T00:00:00Z,2026-09-04T09:57:29Z,polygons,1,count,calfire.harvest.proposed,raw/calfire.harvest.proposed/2026/09/20260904T095729Z-14dc900d01da.json,2
calfire.harvest.proposed,plan:ca:1-22-00058-SCR,2026-09-04T00:00:00Z,2026-09-04T09:57:29Z,region,1,,calfire.harvest.proposed,raw/calfire.harvest.proposed/2026/09/20260904T095729Z-14dc900d01da.json,2
calfire.harvest.proposed,plan:ca:1-22-00058-SCR,2026-09-04T00:00:00Z,2026-09-04T09:57:29Z,silviculture,Conversion,,calfire.harvest.proposed,raw/calfire.harvest.proposed/2026/09/20260904T095729Z-14dc900d01da.json,2
calfire.harvest.proposed,plan:ca:1-22-00058-SCR,2026-09-04T00:00:00Z,2026-09-04T09:57:29Z,status,Withdrawn,,calfire.harvest.proposed,raw/calfire.harvest.proposed/2026/09/20260904T095729Z-14dc900d01da.json,2
calfire.harvest.proposed,plan:ca:1-22-00061-DEL,2026-09-04T00:00:00Z,2026-09-04T09:57:29Z,acres,96.77,acres,calfire.harvest.proposed,raw/calfire.harvest.proposed/2026/09/20260904T095729Z-14dc900d01da.json,2
calfire.harvest.proposed,plan:ca:1-22-00061-DEL,2026-09-04T00:00:00Z,2026-09-04T09:57:29Z,polygons,10,count,calfire.harvest.proposed,raw/calfire.harvest.proposed/2026/09/20260904T095729Z-14dc900d01da.json,2
calfire.harvest.proposed,plan:ca:1-22-00061-DEL,2026-09-04T00:00:00Z,2026-09-04T09:57:29Z,region,1,,calfire.harvest.proposed,raw/calfire.harvest.proposed/2026/09/20260904T095729Z-14dc900d01da.json,2
calfire.harvest.proposed,plan:ca:1-22-00061-DEL,2026-09-04T00:00:00Z,2026-09-04T09:57:29Z,silviculture,Clearcut,,calfire.harvest.proposed,raw/calfire.harvest.proposed/2026/09/20260904T095729Z-14dc900d01da.json,2
calfire.harvest.proposed,plan:ca:1-22-00061-DEL,2026-09-04T00:00:00Z,2026-09-04T09:57:29Z,status,Withdrawn,,calfire.harvest.proposed,raw/calfire.harvest.proposed/2026/09/20260904T095729Z-14dc900d01da.json,2
calfire.harvest.proposed,plan:ca:1-22-00102-MEN,2026-09-04T00:00:00Z,2026-09-04T09:57:29Z,acres,329.9,acres,calfire.harvest.proposed,raw/calfire.harvest.proposed/2026/09/20260904T095729Z-14dc900d01da.json,2
calfire.harvest.proposed,plan:ca:1-22-00102-MEN,2026-09-04T00:00:00Z,2026-09-04T09:57:29Z,polygons,26,count,calfire.harvest.proposed,raw/calfire.harvest.proposed/2026/09/20260904T095729Z-14dc900d01da.json,2
calfire.harvest.proposed,plan:ca:1-22-00102-MEN,2026-09-04T00:00:00Z,2026-09-04T09:57:29Z,region,1,,calfire.harvest.proposed,raw/calfire.harvest.proposed/2026/09/20260904T095729Z-14dc900d01da.json,2
calfire.harvest.proposed,plan:ca:1-22-00102-MEN,2026-09-04T00:00:00Z,2026-09-04T09:57:29Z,silviculture,No Harvest Area,,calfire.harvest.proposed,raw/calfire.harvest.proposed/2026/09/20260904T095729Z-14dc900d01da.json,2
calfire.harvest.proposed,plan:ca:1-22-00102-MEN,2026-09-04T00:00:00Z,2026-09-04T09:57:29Z,status,Withdrawn,,calfire.harvest.proposed,raw/calfire.harvest.proposed/2026/09/20260904T095729Z-14dc900d01da.json,2
calfire.harvest.proposed,plan:ca:1-22-00111-TRI,2026-09-04T00:00:00Z,2026-09-04T09:57:29Z,acres,52.36,acres,calfire.harvest.proposed,raw/calfire.harvest.proposed/2026/09/20260904T095729Z-14dc900d01da.json,2
calfire.harvest.proposed,plan:ca:1-22-00111-TRI,2026-09-04T00:00:00Z,2026-09-04T09:57:29Z,polygons,6,count,calfire.harvest.proposed,raw/calfire.harvest.proposed/2026/09/20260904T095729Z-14dc900d01da.json,2
calfire.harvest.proposed,plan:ca:1-22-00111-TRI,2026-09-04T00:00:00Z,2026-09-04T09:57:29Z,region,1,,calfire.harvest.proposed,raw/calfire.harvest.proposed/2026/09/20260904T095729Z-14dc900d01da.json,2
calfire.harvest.proposed,plan:ca:1-22-00111-TRI,2026-09-04T00:00:00Z,2026-09-04T09:57:29Z,silviculture,No Harvest Area,,calfire.harvest.proposed,raw/calfire.harvest.proposed/2026/09/20260904T095729Z-14dc900d01da.json,2
calfire.harvest.proposed,plan:ca:1-22-00111-TRI,2026-09-04T00:00:00Z,2026-09-04T09:57:29Z,status,Withdrawn,,calfire.harvest.proposed,raw/calfire.harvest.proposed/2026/09/20260904T095729Z-14dc900d01da.json,2
calfire.harvest.proposed,plan:ca:1-22NTMP-00003-HUM,2026-09-04T00:00:00Z,2026-09-04T09:57:29Z,acres,1138.02,acres,calfire.harvest.proposed,raw/calfire.harvest.proposed/2026/09/20260904T095729Z-14dc900d01da.json,2
calfire.harvest.proposed,plan:ca:1-22NTMP-00003-HUM,2026-09-04T00:00:00Z,2026-09-04T09:57:29Z,polygons,53,count,calfire.harvest.proposed,raw/calfire.harvest.proposed/2026/09/20260904T095729Z-14dc900d01da.json,2
calfire.harvest.proposed,plan:ca:1-22NTMP-00003-HUM,2026-09-04T00:00:00Z,2026-09-04T09:57:29Z,region,1,,calfire.harvest.proposed,raw/calfire.harvest.proposed/2026/09/20260904T095729Z-14dc900d01da.json,2
calfire.harvest.proposed,plan:ca:1-22NTMP-00003-HUM,2026-09-04T00:00:00Z,2026-09-04T09:57:29Z,silviculture,Selection,,calfire.harvest.proposed,raw/calfire.harvest.proposed/2026/09/20260904T095729Z-14dc900d01da.json,2
calfire.harvest.proposed,plan:ca:1-22NTMP-00003-HUM,2026-09-04T00:00:00Z,2026-09-04T09:57:29Z,status,Withdrawn,,calfire.harvest.proposed,raw/calfire.harvest.proposed/2026/09/20260904T095729Z-14dc900d01da.json,2
calfire.harvest.proposed,plan:ca:1-23-00088-SCR,2026-09-04T00:00:00Z,2026-09-04T09:57:29Z,acres,175.77,acres,calfire.harvest.proposed,raw/calfire.harvest.proposed/2026/09/20260904T095729Z-14dc900d01da.json,2
calfire.harvest.proposed,plan:ca:1-23-00088-SCR,2026-09-04T00:00:00Z,2026-09-04T09:57:29Z,polygons,2,count,calfire.harvest.proposed,raw/calfire.harvest.proposed/2026/09/20260904T095729Z-14dc900d01da.json,2
calfire.harvest.proposed,plan:ca:1-23-00088-SCR,2026-09-04T00:00:00Z,2026-09-04T09:57:29Z,region,1,,calfire.harvest.proposed,raw/calfire.harvest.proposed/2026/09/20260904T095729Z-14dc900d01da.json,2
calfire.harvest.proposed,plan:ca:1-23-00088-SCR,2026-09-04T00:00:00Z,2026-09-04T09:57:29Z,silviculture,Selection,,calfire.harvest.proposed,raw/calfire.harvest.proposed/2026/09/20260904T095729Z-14dc900d01da.json,2
calfire.harvest.proposed,plan:ca:1-23-00088-SCR,2026-09-04T00:00:00Z,2026-09-04T09:57:29Z,status,Withdrawn,,calfire.harvest.proposed,raw/calfire.harvest.proposed/2026/09/20260904T095729Z-14dc900d01da.json,2
calfire.harvest.proposed,plan:ca:1-23-00171-SON,2026-09-04T00:00:00Z,2026-09-04T09:57:29Z,acres,563.44,acres,calfire.harvest.proposed,raw/calfire.harvest.proposed/2026/09/20260904T095729Z-14dc900d01da.json,2
calfire.harvest.proposed,plan:ca:1-23-00171-SON,2026-09-04T00:00:00Z,2026-09-04T09:57:29Z,polygons,19,count,calfire.harvest.proposed,raw/calfire.harvest.proposed/2026/09/20260904T095729Z-14dc900d01da.json,2
calfire.harvest.proposed,plan:ca:1-23-00171-SON,2026-09-04T00:00:00Z,2026-09-04T09:57:29Z,region,1,,calfire.harvest.proposed,raw/calfire.harvest.proposed/2026/09/20260904T095729Z-14dc900d01da.json,2
calfire.harvest.proposed,plan:ca:1-23-00171-SON,2026-09-04T00:00:00Z,2026-09-04T09:57:29Z,silviculture,Selection,,calfire.harvest.proposed,raw/calfire.harvest.proposed/2026/09/20260904T095729Z-14dc900d01da.json,2
calfire.harvest.proposed,plan:ca:1-23-00171-SON,2026-09-04T00:00:00Z,2026-09-04T09:57:29Z,status,Withdrawn,,calfire.harvest.proposed,raw/calfire.harvest.proposed/2026/09/20260904T095729Z-14dc900d01da.json,2
calfire.harvest.proposed,plan:ca:1-24-00112-SCR,2026-09-04T00:00:00Z,2026-09-04T09:57:29Z,acres,140.4,acres,calfire.harvest.proposed,raw/calfire.harvest.proposed/2026/09/20260904T095729Z-14dc900d01da.json,2
calfire.harvest.proposed,plan:ca:1-24-00112-SCR,2026-09-04T00:00:00Z,2026-09-04T09:57:29Z,polygons,2,count,calfire.harvest.proposed,raw/calfire.harvest.proposed/2026/09/20260904T095729Z-14dc900d01da.json,2
calfire.harvest.proposed,plan:ca:1-24-00112-SCR,2026-09-04T00:00:00Z,2026-09-04T09:57:29Z,region,1,,calfire.harvest.proposed,raw/calfire.harvest.proposed/2026/09/20260904T095729Z-14dc900d01da.json,2
calfire.harvest.proposed,plan:ca:1-24-00112-SCR,2026-09-04T00:00:00Z,2026-09-04T09:57:29Z,silviculture,Road Right-of-Way,,calfire.harvest.proposed,raw/calfire.harvest.proposed/2026/09/20260904T095729Z-14dc900d01da.json,2
calfire.harvest.proposed,plan:ca:1-24-00112-SCR,2026-09-04T00:00:00Z,2026-09-04T09:57:29Z,status,Proposed,,calfire.harvest.proposed,raw/calfire.harvest.proposed/2026/09/20260904T095729Z-14dc900d01da.json,2
calfire.harvest.proposed,plan:ca:1-24-00116-MEN,2026-09-04T00:00:00Z,2026-09-04T09:57:29Z,acres,165.38,acres,calfire.harvest.proposed,raw/calfire.harvest.proposed/2026/09/20260904T095729Z-14dc900d01da.json,2
calfire.harvest.proposed,plan:ca:1-24-00116-MEN,2026-09-04T00:00:00Z,2026-09-04T09:57:29Z,polygons,10,count,calfire.harvest.proposed,raw/calfire.harvest.proposed/2026/09/20260904T095729Z-14dc900d01da.json,2
calfire.harvest.proposed,plan:ca:1-24-00116-MEN,2026-09-04T00:00:00Z,2026-09-04T09:57:29Z,region,1,,calfire.harvest.proposed,raw/calfire.harvest.proposed/2026/09/20260904T095729Z-14dc900d01da.json,2
calfire.harvest.proposed,plan:ca:1-24-00116-MEN,2026-09-04T00:00:00Z,2026-09-04T09:57:29Z,silviculture,Selection,,calfire.harvest.proposed,raw/calfire.harvest.proposed/2026/09/20260904T095729Z-14dc900d01da.json,2
calfire.harvest.proposed,plan:ca:1-24-00116-MEN,2026-09-04T00:00:00Z,2026-09-04T09:57:29Z,status,Proposed,,calfire.harvest.proposed,raw/calfire.harvest.proposed/2026/09/20260904T095729Z-14dc900d01da.json,2
calfire.harvest.proposed,plan:ca:1-24-00129-HUM,2026-09-04T00:00:00Z,2026-09-04T09:57:29Z,acres,211.57,acres,calfire.harvest.proposed,raw/calfire.harvest.proposed/2026/09/20260904T095729Z-14dc900d01da.json,2
calfire.harvest.proposed,plan:ca:1-24-00129-HUM,2026-09-04T00:00:00Z,2026-09-04T09:57:29Z,polygons,2,count,calfire.harvest.proposed,raw/calfire.harvest.proposed/2026/09/20260904T095729Z-14dc900d01da.json,2
calfire.harvest.proposed,plan:ca:1-24-00129-HUM,2026-09-04T00:00:00Z,2026-09-04T09:57:29Z,region,1,,calfire.harvest.proposed,raw/calfire.harvest.proposed/2026/09/20260904T095729Z-14dc900d01da.json,2
calfire.harvest.proposed,plan:ca:1-24-00129-HUM,2026-09-04T00:00:00Z,2026-09-04T09:57:29Z,silviculture,Selection,,calfire.harvest.proposed,raw/calfire.harvest.proposed/2026/09/20260904T095729Z-14dc900d01da.json,2
calfire.harvest.proposed,plan:ca:1-24-00129-HUM,2026-09-04T00:00:00Z,2026-09-04T09:57:29Z,status,Withdrawn,,calfire.harvest.proposed,raw/calfire.harvest.proposed/2026/09/20260904T095729Z-14dc900d01da.json,2
calfire.harvest.proposed,plan:ca:1-25-00027-HUM,2026-09-04T00:00:00Z,2026-09-04T09:57:31Z,acres,146.44,acres,calfire.harvest.proposed,raw/calfire.harvest.proposed/2026/09/20260904T095731Z-28e3f9df48cd.json,2
calfire.harvest.proposed,plan:ca:1-25-00027-HUM,2026-09-04T00:00:00Z,2026-09-04T09:57:31Z,polygons,25,count,calfire.harvest.proposed,raw/calfire.harvest.proposed/2026/09/20260904T095731Z-28e3f9df48cd.json,2
calfire.harvest.proposed,plan:ca:1-25-00027-HUM,2026-09-04T00:00:00Z,2026-09-04T09:57:31Z,region,1,,calfire.harvest.proposed,raw/calfire.harvest.proposed/2026/09/20260904T095731Z-28e3f9df48cd.json,2
calfire.harvest.proposed,plan:ca:1-25-00027-HUM,2026-09-04T00:00:00Z,2026-09-04T09:57:31Z,silviculture,Selection,,calfire.harvest.proposed,raw/calfire.harvest.proposed/2026/09/20260904T095731Z-28e3f9df48cd.json,2
calfire.harvest.proposed,plan:ca:1-25-00027-HUM,2026-09-04T00:00:00Z,2026-09-04T09:57:31Z,status,Proposed,,calfire.harvest.proposed,raw/calfire.harvest.proposed/2026/09/20260904T095731Z-28e3f9df48cd.json,2
calfire.harvest.proposed,plan:ca:1-25-00049-MEN,2026-09-04T00:00:00Z,2026-09-04T09:57:31Z,acres,478.25,acres,calfire.harvest.proposed,raw/calfire.harvest.proposed/2026/09/20260904T095731Z-28e3f9df48cd.json,2
calfire.harvest.proposed,plan:ca:1-25-00049-MEN,2026-09-04T00:00:00Z,2026-09-04T09:57:31Z,polygons,20,count,calfire.harvest.proposed,raw/calfire.harvest.proposed/2026/09/20260904T095731Z-28e3f9df48cd.json,2
calfire.harvest.proposed,plan:ca:1-25-00049-MEN,2026-09-04T00:00:00Z,2026-09-04T09:57:31Z,region,1,,calfire.harvest.proposed,raw/calfire.harvest.proposed/2026/09/20260904T095731Z-28e3f9df48cd.json,2
calfire.harvest.proposed,plan:ca:1-25-00049-MEN,2026-09-04T00:00:00Z,2026-09-04T09:57:31Z,silviculture,Selection,,calfire.harvest.proposed,raw/calfire.harvest.proposed/2026/09/20260904T095731Z-28e3f9df48cd.json,2
calfire.harvest.proposed,plan:ca:1-25-00049-MEN,2026-09-04T00:00:00Z,2026-09-04T09:57:31Z,status,Proposed,,calfire.harvest.proposed,raw/calfire.harvest.proposed/2026/09/20260904T095731Z-28e3f9df48cd.json,2
calfire.harvest.proposed,plan:ca:1-25-00062-HUM,2026-09-04T00:00:00Z,2026-09-04T09:57:31Z,acres,240.73,acres,calfire.harvest.proposed,raw/calfire.harvest.proposed/2026/09/20260904T095731Z-28e3f9df48cd.json,2
calfire.harvest.proposed,plan:ca:1-25-00062-HUM,2026-09-04T00:00:00Z,2026-09-04T09:57:31Z,polygons,38,count,calfire.harvest.proposed,raw/calfire.harvest.proposed/2026/09/20260904T095731Z-28e3f9df48cd.json,2
calfire.harvest.proposed,plan:ca:1-25-00062-HUM,2026-09-04T00:00:00Z,2026-09-04T09:57:31Z,region,1,,calfire.harvest.proposed,raw/calfire.harvest.proposed/2026/09/20260904T095731Z-28e3f9df48cd.json,2
calfire.harvest.proposed,plan:ca:1-25-00062-HUM,2026-09-04T00:00:00Z,2026-09-04T09:57:31Z,silviculture,Selection,,calfire.harvest.proposed,raw/calfire.harvest.proposed/2026/09/20260904T095731Z-28e3f9df48cd.json,2
calfire.harvest.proposed,plan:ca:1-25-00062-HUM,2026-09-04T00:00:00Z,2026-09-04T09:57:31Z,status,Withdrawn,,calfire.harvest.proposed,raw/calfire.harvest.proposed/2026/09/20260904T095731Z-28e3f9df48cd.json,2
calfire.harvest.proposed,plan:ca:1-25-00063-MEN,2026-09-04T00:00:00Z,2026-09-04T09:57:31Z,acres,398.24,acres,calfire.harvest.proposed,raw/calfire.harvest.proposed/2026/09/20260904T095731Z-28e3f9df48cd.json,2
calfire.harvest.proposed,plan:ca:1-25-00063-MEN,2026-09-04T00:00:00Z,2026-09-04T09:57:31Z,polygons,2,count,calfire.harvest.proposed,raw/calfire.harvest.proposed/2026/09/20260904T095731Z-28e3f9df48cd.json,2
calfire.harvest.proposed,plan:ca:1-25-00063-MEN,2026-09-04T00:00:00Z,2026-09-04T09:57:31Z,region,1,,calfire.harvest.proposed,raw/calfire.harvest.proposed/2026/09/20260904T095731Z-28e3f9df48cd.json,2
calfire.harvest.proposed,plan:ca:1-25-00063-MEN,2026-09-04T00:00:00Z,2026-09-04T09:57:31Z,silviculture,Group Selection,,calfire.harvest.proposed,raw/calfire.harvest.proposed/2026/09/20260904T095731Z-28e3f9df48cd.json,2
calfire.harvest.proposed,plan:ca:1-25-00063-MEN,2026-09-04T00:00:00Z,2026-09-04T09:57:31Z,status,Proposed,,calfire.harvest.proposed,raw/calfire.harvest.proposed/2026/09/20260904T095731Z-28e3f9df48cd.json,2
calfire.harvest.proposed,plan:ca:1-25-00083-MEN,2026-09-04T00:00:00Z,2026-09-04T09:57:31Z,acres,589.21,acres,calfire.harvest.proposed,raw/calfire.harvest.proposed/2026/09/20260904T095731Z-28e3f9df48cd.json,2
calfire.harvest.proposed,plan:ca:1-25-00083-MEN,2026-09-04T00:00:00Z,2026-09-04T09:57:31Z,polygons,23,count,calfire.harvest.proposed,raw/calfire.harvest.proposed/2026/09/20260904T095731Z-28e3f9df48cd.json,2
calfire.harvest.proposed,plan:ca:1-25-00083-MEN,2026-09-04T00:00:00Z,2026-09-04T09:57:31Z,region,1,,calfire.harvest.proposed,raw/calfire.harvest.proposed/2026/09/20260904T095731Z-28e3f9df48cd.json,2
calfire.harvest.proposed,plan:ca:1-25-00083-MEN,2026-09-04T00:00:00Z,2026-09-04T09:57:31Z,silviculture,Group Selection,,calfire.harvest.proposed,raw/calfire.harvest.proposed/2026/09/20260904T095731Z-28e3f9df48cd.json,2
calfire.harvest.proposed,plan:ca:1-25-00083-MEN,2026-09-04T00:00:00Z,2026-09-04T09:57:31Z,status,Proposed,,calfire.harvest.proposed,raw/calfire.harvest.proposed/2026/09/20260904T095731Z-28e3f9df48cd.json,2
calfire.harvest.proposed,plan:ca:1-25-00092-HUM,2026-09-04T00:00:00Z,2026-09-04T09:57:31Z,acres,25.71,acres,calfire.harvest.proposed,raw/calfire.harvest.proposed/2026/09/20260904T095731Z-28e3f9df48cd.json,2
calfire.harvest.proposed,plan:ca:1-25-00092-HUM,2026-09-04T00:00:00Z,2026-09-04T09:57:31Z,polygons,3,count,calfire.harvest.proposed,raw/calfire.harvest.proposed/2026/09/20260904T095731Z-28e3f9df48cd.json,2
calfire.harvest.proposed,plan:ca:1-25-00092-HUM,2026-09-04T00:00:00Z,2026-09-04T09:57:31Z,region,1,,calfire.harvest.proposed,raw/calfire.harvest.proposed/2026/09/20260904T095731Z-28e3f9df48cd.json,2
calfire.harvest.proposed,plan:ca:1-25-00092-HUM,2026-09-04T00:00:00Z,2026-09-04T09:57:31Z,silviculture,Selection,,calfire.harvest.proposed,raw/calfire.harvest.proposed/2026/09/20260904T095731Z-28e3f9df48cd.json,2
calfire.harvest.proposed,plan:ca:1-25-00092-HUM,2026-09-04T00:00:00Z,2026-09-04T09:57:31Z,status,Proposed,,calfire.harvest.proposed,raw/calfire.harvest.proposed/2026/09/20260904T095731Z-28e3f9df48cd.json,2
calfire.harvest.proposed,plan:ca:1-25-00121-MEN,2026-09-04T00:00:00Z,2026-09-04T09:57:31Z,acres,334.78,acres,calfire.harvest.proposed,raw/calfire.harvest.proposed/2026/09/20260904T095731Z-28e3f9df48cd.json,2
calfire.harvest.proposed,plan:ca:1-25-00121-MEN,2026-09-04T00:00:00Z,2026-09-04T09:57:31Z,polygons,27,count,calfire.harvest.proposed,raw/calfire.harvest.proposed/2026/09/20260904T095731Z-28e3f9df48cd.json,2
calfire.harvest.proposed,plan:ca:1-25-00121-MEN,2026-09-04T00:00:00Z,2026-09-04T09:57:31Z,region,1,,calfire.harvest.proposed,raw/calfire.harvest.proposed/2026/09/20260904T095731Z-28e3f9df48cd.json,2
calfire.harvest.proposed,plan:ca:1-25-00121-MEN,2026-09-04T00:00:00Z,2026-09-04T09:57:31Z,silviculture,Group Selection,,calfire.harvest.proposed,raw/calfire.harvest.proposed/2026/09/20260904T095731Z-28e3f9df48cd.json,2
calfire.harvest.proposed,plan:ca:1-25-00121-MEN,2026-09-04T00:00:00Z,2026-09-04T09:57:31Z,status,Proposed,,calfire.harvest.proposed,raw/calfire.harvest.proposed/2026/09/20260904T095731Z-28e3f9df48cd.json,2
calfire.harvest.proposed,plan:ca:1-25-00148-HUM,2026-09-04T00:00:00Z,2026-09-04T09:57:31Z,acres,225.72,acres,calfire.harvest.proposed,raw/calfire.harvest.proposed/2026/09/20260904T095731Z-28e3f9df48cd.json,2
calfire.harvest.proposed,plan:ca:1-25-00148-HUM,2026-09-04T00:00:00Z,2026-09-04T09:57:31Z,polygons,48,count,calfire.harvest.proposed,raw/calfire.harvest.proposed/2026/09/20260904T095731Z-28e3f9df48cd.json,2
calfire.harvest.proposed,plan:ca:1-25-00148-HUM,2026-09-04T00:00:00Z,2026-09-04T09:57:31Z,region,1,,calfire.harvest.proposed,raw/calfire.harvest.proposed/2026/09/20260904T095731Z-28e3f9df48cd.json,2
calfire.harvest.proposed,plan:ca:1-25-00148-HUM,2026-09-04T00:00:00Z,2026-09-04T09:57:31Z,silviculture,Selection,,calfire.harvest.proposed,raw/calfire.harvest.proposed/2026/09/20260904T095731Z-28e3f9df48cd.json,2
calfire.harvest.proposed,plan:ca:1-25-00148-HUM,2026-09-04T00:00:00Z,2026-09-04T09:57:31Z,status,Proposed,,calfire.harvest.proposed,raw/calfire.harvest.proposed/2026/09/20260904T095731Z-28e3f9df48cd.json,2
calfire.harvest.proposed,plan:ca:1-25-00149-MEN,2026-09-04T00:00:00Z,2026-09-04T09:57:31Z,acres,191.74,acres,calfire.harvest.proposed,raw/calfire.harvest.proposed/2026/09/20260904T095731Z-28e3f9df48cd.json,2
calfire.harvest.proposed,plan:ca:1-25-00149-MEN,2026-09-04T00:00:00Z,2026-09-04T09:57:31Z,polygons,24,count,calfire.harvest.proposed,raw/calfire.harvest.proposed/2026/09/20260904T095731Z-28e3f9df48cd.json,2
calfire.harvest.proposed,plan:ca:1-25-00149-MEN,2026-09-04T00:00:00Z,2026-09-04T09:57:31Z,region,1,,calfire.harvest.proposed,raw/calfire.harvest.proposed/2026/09/20260904T095731Z-28e3f9df48cd.json,2
calfire.harvest.proposed,plan:ca:1-25-00149-MEN,2026-09-04T00:00:00Z,2026-09-04T09:57:31Z,silviculture,Selection,,calfire.harvest.proposed,raw/calfire.harvest.proposed/2026/09/20260904T095731Z-28e3f9df48cd.json,2
calfire.harvest.proposed,plan:ca:1-25-00149-MEN,2026-09-04T00:00:00Z,2026-09-04T09:57:31Z,status,Proposed,,calfire.harvest.proposed,raw/calfire.harvest.proposed/2026/09/20260904T095731Z-28e3f9df48cd.json,2
calfire.harvest.proposed,plan:ca:1-25-00176-HUM,2026-09-04T00:00:00Z,2026-09-04T09:57:31Z,acres,69.2,acres,calfire.harvest.proposed,raw/calfire.harvest.proposed/2026/09/20260904T095731Z-28e3f9df48cd.json,2
calfire.harvest.proposed,plan:ca:1-25-00176-HUM,2026-09-04T00:00:00Z,2026-09-04T09:57:31Z,polygons,18,count,calfire.harvest.proposed,raw/calfire.harvest.proposed/2026/09/20260904T095731Z-28e3f9df48cd.json,2
calfire.harvest.proposed,plan:ca:1-25-00176-HUM,2026-09-04T00:00:00Z,2026-09-04T09:57:31Z,region,1,,calfire.harvest.proposed,raw/calfire.harvest.proposed/2026/09/20260904T095731Z-28e3f9df48cd.json,2
calfire.harvest.proposed,plan:ca:1-25-00176-HUM,2026-09-04T00:00:00Z,2026-09-04T09:57:31Z,silviculture,No Harvest Area,,calfire.harvest.proposed,raw/calfire.harvest.proposed/2026/09/20260904T095731Z-28e3f9df48cd.json,2
calfire.harvest.proposed,plan:ca:1-25-00176-HUM,2026-09-04T00:00:00Z,2026-09-04T09:57:31Z,status,Proposed,,calfire.harvest.proposed,raw/calfire.harvest.proposed/2026/09/20260904T095731Z-28e3f9df48cd.json,2
calfire.harvest.proposed,plan:ca:1-25-00196-MEN,2026-09-04T00:00:00Z,2026-09-04T09:57:31Z,acres,332.31,acres,calfire.harvest.proposed,raw/calfire.harvest.proposed/2026/09/20260904T095731Z-28e3f9df48cd.json,2
calfire.harvest.proposed,plan:ca:1-25-00196-MEN,2026-09-04T00:00:00Z,2026-09-04T09:57:31Z,polygons,8,count,calfire.harvest.proposed,raw/calfire.harvest.proposed/2026/09/20260904T095731Z-28e3f9df48cd.json,2
calfire.harvest.proposed,plan:ca:1-25-00196-MEN,2026-09-04T00:00:00Z,2026-09-04T09:57:31Z,region,1,,calfire.harvest.proposed,raw/calfire.harvest.proposed/2026/09/20260904T095731Z-28e3f9df48cd.json,2
calfire.harvest.proposed,plan:ca:1-25-00196-MEN,2026-09-04T00:00:00Z,2026-09-04T09:57:31Z,silviculture,Selection,,calfire.harvest.proposed,raw/calfire.harvest.proposed/2026/09/20260904T095731Z-28e3f9df48cd.json,2
calfire.harvest.proposed,plan:ca:1-25-00196-MEN,2026-09-04T00:00:00Z,2026-09-04T09:57:31Z,status,Proposed,,calfire.harvest.proposed,raw/calfire.harvest.proposed/2026/09/20260904T095731Z-28e3f9df48cd.json,2
calfire.harvest.proposed,plan:ca:1-25-00198-MEN,2026-09-04T00:00:00Z,2026-09-04T09:57:31Z,acres,297.8,acres,calfire.harvest.proposed,raw/calfire.harvest.proposed/2026/09/20260904T095731Z-28e3f9df48cd.json,2
calfire.harvest.proposed,plan:ca:1-25-00198-MEN,2026-09-04T00:00:00Z,2026-09-04T09:57:31Z,polygons,4,count,calfire.harvest.proposed,raw/calfire.harvest.proposed/2026/09/20260904T095731Z-28e3f9df48cd.json,2
calfire.harvest.proposed,plan:ca:1-25-00198-MEN,2026-09-04T00:00:00Z,2026-09-04T09:57:31Z,region,1,,calfire.harvest.proposed,raw/calfire.harvest.proposed/2026/09/20260904T095731Z-28e3f9df48cd.json,2
calfire.harvest.proposed,plan:ca:1-25-00198-MEN,2026-09-04T00:00:00Z,2026-09-04T09:57:31Z,silviculture,Selection,,calfire.harvest.proposed,raw/calfire.harvest.proposed/2026/09/20260904T095731Z-28e3f9df48cd.json,2
calfire.harvest.proposed,plan:ca:1-25-00198-MEN,2026-09-04T00:00:00Z,2026-09-04T09:57:31Z,status,Proposed,,calfire.harvest.proposed,raw/calfire.harvest.proposed/2026/09/20260904T095731Z-28e3f9df48cd.json,2
calfire.harvest.proposed,plan:ca:1-25-00202-HUM,2026-09-04T00:00:00Z,2026-09-04T09:57:31Z,acres,208.51,acres,calfire.harvest.proposed,raw/calfire.harvest.proposed/2026/09/20260904T095731Z-28e3f9df48cd.json,2
calfire.harvest.proposed,plan:ca:1-25-00202-HUM,2026-09-04T00:00:00Z,2026-09-04T09:57:31Z,polygons,21,count,calfire.harvest.proposed,raw/calfire.harvest.proposed/2026/09/20260904T095731Z-28e3f9df48cd.json,2
calfire.harvest.proposed,plan:ca:1-25-00202-HUM,2026-09-04T00:00:00Z,2026-09-04T09:57:31Z,region,1,,calfire.harvest.proposed,raw/calfire.harvest.proposed/2026/09/20260904T095731Z-28e3f9df48cd.json,2
calfire.harvest.proposed,plan:ca:1-25-00202-HUM,2026-09-04T00:00:00Z,2026-09-04T09:57:31Z,silviculture,Selection,,calfire.harvest.proposed,raw/calfire.harvest.proposed/2026/09/20260904T095731Z-28e3f9df48cd.json,2
calfire.harvest.proposed,plan:ca:1-25-00202-HUM,2026-09-04T00:00:00Z,2026-09-04T09:57:31Z,status,Proposed,,calfire.harvest.proposed,raw/calfire.harvest.proposed/2026/09/20260904T095731Z-28e3f9df48cd.json,2
calfire.harvest.proposed,plan:ca:1-25-00204-HUM,2026-09-04T00:00:00Z,2026-09-04T09:57:31Z,acres,290.28,acres,calfire.harvest.proposed,raw/calfire.harvest.proposed/2026/09/20260904T095731Z-28e3f9df48cd.json,2
calfire.harvest.proposed,plan:ca:1-25-00204-HUM,2026-09-04T00:00:00Z,2026-09-04T09:57:31Z,polygons,21,count,calfire.harvest.proposed,raw/calfire.harvest.proposed/2026/09/20260904T095731Z-28e3f9df48cd.json,2
calfire.harvest.proposed,plan:ca:1-25-00204-HUM,2026-09-04T00:00:00Z,2026-09-04T09:57:31Z,region,1,,calfire.harvest.proposed,raw/calfire.harvest.proposed/2026/09/20260904T095731Z-28e3f9df48cd.json,2
calfire.harvest.proposed,plan:ca:1-25-00204-HUM,2026-09-04T00:00:00Z,2026-09-04T09:57:31Z,silviculture,Selection,,calfire.harvest.proposed,raw/calfire.harvest.proposed/2026/09/20260904T095731Z-28e3f9df48cd.json,2
calfire.harvest.proposed,plan:ca:1-25-00204-HUM,2026-09-04T00:00:00Z,2026-09-04T09:57:31Z,status,Proposed,,calfire.harvest.proposed,raw/calfire.harvest.proposed/2026/09/20260904T095731Z-28e3f9df48cd.json,2
calfire.harvest.proposed,plan:ca:1-25-00205-HUM,2026-09-04T00:00:00Z,2026-09-04T09:57:31Z,acres,147.36,acres,calfire.harvest.proposed,raw/calfire.harvest.proposed/2026/09/20260904T095731Z-28e3f9df48cd.json,2
calfire.harvest.proposed,plan:ca:1-25-00205-HUM,2026-09-04T00:00:00Z,2026-09-04T09:57:31Z,polygons,16,count,calfire.harvest.proposed,raw/calfire.harvest.proposed/2026/09/20260904T095731Z-28e3f9df48cd.json,2
calfire.harvest.proposed,plan:ca:1-25-00205-HUM,2026-09-04T00:00:00Z,2026-09-04T09:57:31Z,region,1,,calfire.harvest.proposed,raw/calfire.harvest.proposed/2026/09/20260904T095731Z-28e3f9df48cd.json,2
calfire.harvest.proposed,plan:ca:1-25-00205-HUM,2026-09-04T00:00:00Z,2026-09-04T09:57:31Z,silviculture,Selection,,calfire.harvest.proposed,raw/calfire.harvest.proposed/2026/09/20260904T095731Z-28e3f9df48cd.json,2
calfire.harvest.proposed,plan:ca:1-25-00205-HUM,2026-09-04T00:00:00Z,2026-09-04T09:57:31Z,status,Proposed,,calfire.harvest.proposed,raw/calfire.harvest.proposed/2026/09/20260904T095731Z-28e3f9df48cd.json,2
calfire.harvest.proposed,plan:ca:1-25-00210-MEN,2026-09-04T00:00:00Z,2026-09-04T09:57:31Z,acres,146.38,acres,calfire.harvest.proposed,raw/calfire.harvest.proposed/2026/09/20260904T095731Z-28e3f9df48cd.json,2
calfire.harvest.proposed,plan:ca:1-25-00210-MEN,2026-09-04T00:00:00Z,2026-09-04T09:57:31Z,polygons,6,count,calfire.harvest.proposed,raw/calfire.harvest.proposed/2026/09/20260904T095731Z-28e3f9df48cd.json,2
calfire.harvest.proposed,plan:ca:1-25-00210-MEN,2026-09-04T00:00:00Z,2026-09-04T09:57:31Z,region,1,,calfire.harvest.proposed,raw/calfire.harvest.proposed/2026/09/20260904T095731Z-28e3f9df48cd.json,2
calfire.harvest.proposed,plan:ca:1-25-00210-MEN,2026-09-04T00:00:00Z,2026-09-04T09:57:31Z,silviculture,No Harvest Area,,calfire.harvest.proposed,raw/calfire.harvest.proposed/2026/09/20260904T095731Z-28e3f9df48cd.json,2
calfire.harvest.proposed,plan:ca:1-25-00210-MEN,2026-09-04T00:00:00Z,2026-09-04T09:57:31Z,status,Proposed,,calfire.harvest.proposed,raw/calfire.harvest.proposed/2026/09/20260904T095731Z-28e3f9df48cd.json,2
calfire.harvest.proposed,plan:ca:1-25-00220-HUM,2026-09-04T00:00:00Z,2026-09-04T09:57:31Z,acres,83.31,acres,calfire.harvest.proposed,raw/calfire.harvest.proposed/2026/09/20260904T095731Z-28e3f9df48cd.json,2
calfire.harvest.proposed,plan:ca:1-25-00220-HUM,2026-09-04T00:00:00Z,2026-09-04T09:57:31Z,polygons,9,count,calfire.harvest.proposed,raw/calfire.harvest.proposed/2026/09/20260904T095731Z-28e3f9df48cd.json,2
calfire.harvest.proposed,plan:ca:1-25-00220-HUM,2026-09-04T00:00:00Z,2026-09-04T09:57:31Z,region,1,,calfire.harvest.proposed,raw/calfire.harvest.proposed/2026/09/20260904T095731Z-28e3f9df48cd.json,2
calfire.harvest.proposed,plan:ca:1-25-00220-HUM,2026-09-04T00:00:00Z,2026-09-04T09:57:31Z,silviculture,No Harvest Area,,calfire.harvest.proposed,raw/calfire.harvest.proposed/2026/09/20260904T095731Z-28e3f9df48cd.json,2
calfire.harvest.proposed,plan:ca:1-25-00220-HUM,2026-09-04T00:00:00Z,2026-09-04T09:57:31Z,status,Proposed,,calfire.harvest.proposed,raw/calfire.harvest.proposed/2026/09/20260904T095731Z-28e3f9df48cd.json,2
calfire.harvest.proposed,plan:ca:1-25-00225-HUM,2026-09-04T00:00:00Z,2026-09-04T09:57:31Z,acres,19.2,acres,calfire.harvest.proposed,raw/calfire.harvest.proposed/2026/09/20260904T095731Z-28e3f9df48cd.json,2
calfire.harvest.proposed,plan:ca:1-25-00225-HUM,2026-09-04T00:00:00Z,2026-09-04T09:57:31Z,polygons,4,count,calfire.harvest.proposed,raw/calfire.harvest.proposed/2026/09/20260904T095731Z-28e3f9df48cd.json,2
calfire.harvest.proposed,plan:ca:1-25-00225-HUM,2026-09-04T00:00:00Z,2026-09-04T09:57:31Z,region,1,,calfire.harvest.proposed,raw/calfire.harvest.proposed/2026/09/20260904T095731Z-28e3f9df48cd.json,2
calfire.harvest.proposed,plan:ca:1-25-00225-HUM,2026-09-04T00:00:00Z,2026-09-04T09:57:31Z,silviculture,No Harvest Area,,calfire.harvest.proposed,raw/calfire.harvest.proposed/2026/09/20260904T095731Z-28e3f9df48cd.json,2
calfire.harvest.proposed,plan:ca:1-25-00225-HUM,2026-09-04T00:00:00Z,2026-09-04T09:57:31Z,status,Proposed,,calfire.harvest.proposed,raw/calfire.harvest.proposed/2026/09/20260904T095731Z-28e3f9df48cd.json,2
calfire.harvest.proposed,plan:ca:1-25NTMP-00001-SON,2026-09-04T00:00:00Z,2026-09-04T09:57:31Z,acres,1098.73,acres,calfire.harvest.proposed,raw/calfire.harvest.proposed/2026/09/20260904T095731Z-28e3f9df48cd.json,2
calfire.harvest.proposed,plan:ca:1-25NTMP-00001-SON,2026-09-04T00:00:00Z,2026-09-04T09:57:31Z,polygons,23,count,calfire.harvest.proposed,raw/calfire.harvest.proposed/2026/09/20260904T095731Z-28e3f9df48cd.json,2
calfire.harvest.proposed,plan:ca:1-25NTMP-00001-SON,2026-09-04T00:00:00Z,2026-09-04T09:57:31Z,region,1,,calfire.harvest.proposed,raw/calfire.harvest.proposed/2026/09/20260904T095731Z-28e3f9df48cd.json,2
calfire.harvest.proposed,plan:ca:1-25NTMP-00001-SON,2026-09-04T00:00:00Z,2026-09-04T09:57:31Z,silviculture,No Harvest Area,,calfire.harvest.proposed,raw/calfire.harvest.proposed/2026/09/20260904T095731Z-28e3f9df48cd.json,2
calfire.harvest.proposed,plan:ca:1-25NTMP-00001-SON,2026-09-04T00:00:00Z,2026-09-04T09:57:31Z,status,Withdrawn,,calfire.harvest.proposed,raw/calfire.harvest.proposed/2026/09/20260904T095731Z-28e3f9df48cd.json,2
calfire.harvest.proposed,plan:ca:1-25NTMP-00008-HUM,2026-09-04T00:00:00Z,2026-09-04T09:57:31Z,acres,85.23,acres,calfire.harvest.proposed,raw/calfire.harvest.proposed/2026/09/20260904T095731Z-28e3f9df48cd.json,2
calfire.harvest.proposed,plan:ca:1-25NTMP-00008-HUM,2026-09-04T00:00:00Z,2026-09-04T09:57:31Z,polygons,3,count,calfire.harvest.proposed,raw/calfire.harvest.proposed/2026/09/20260904T095731Z-28e3f9df48cd.json,2
calfire.harvest.proposed,plan:ca:1-25NTMP-00008-HUM,2026-09-04T00:00:00Z,2026-09-04T09:57:31Z,region,1,,calfire.harvest.proposed,raw/calfire.harvest.proposed/2026/09/20260904T095731Z-28e3f9df48cd.json,2
calfire.harvest.proposed,plan:ca:1-25NTMP-00008-HUM,2026-09-04T00:00:00Z,2026-09-04T09:57:31Z,silviculture,No Harvest Area,,calfire.harvest.proposed,raw/calfire.harvest.proposed/2026/09/20260904T095731Z-28e3f9df48cd.json,2
calfire.harvest.proposed,plan:ca:1-25NTMP-00008-HUM,2026-09-04T00:00:00Z,2026-09-04T09:57:31Z,status,Proposed,,calfire.harvest.proposed,raw/calfire.harvest.proposed/2026/09/20260904T095731Z-28e3f9df48cd.json,2
calfire.harvest.proposed,plan:ca:1-25NTMP-00009-MEN,2026-09-04T00:00:00Z,2026-09-04T09:57:31Z,acres,845.22,acres,calfire.harvest.proposed,raw/calfire.harvest.proposed/2026/09/20260904T095731Z-28e3f9df48cd.json,2
calfire.harvest.proposed,plan:ca:1-25NTMP-00009-MEN,2026-09-04T00:00:00Z,2026-09-04T09:57:31Z,polygons,14,count,calfire.harvest.proposed,raw/calfire.harvest.proposed/2026/09/20260904T095731Z-28e3f9df48cd.json,2
calfire.harvest.proposed,plan:ca:1-25NTMP-00009-MEN,2026-09-04T00:00:00Z,2026-09-04T09:57:31Z,region,1,,calfire.harvest.proposed,raw/calfire.harvest.proposed/2026/09/20260904T095731Z-28e3f9df48cd.json,2
calfire.harvest.proposed,plan:ca:1-25NTMP-00009-MEN,2026-09-04T00:00:00Z,2026-09-04T09:57:31Z,silviculture,Group Selection,,calfire.harvest.proposed,raw/calfire.harvest.proposed/2026/09/20260904T095731Z-28e3f9df48cd.json,2
calfire.harvest.proposed,plan:ca:1-25NTMP-00009-MEN,2026-09-04T00:00:00Z,2026-09-04T09:57:31Z,status,Proposed,,calfire.harvest.proposed,raw/calfire.harvest.proposed/2026/09/20260904T095731Z-28e3f9df48cd.json,2
calfire.harvest.proposed,plan:ca:1-26-00002-SCR,2026-09-04T00:00:00Z,2026-09-04T09:57:33Z,acres,6.51,acres,calfire.harvest.proposed,raw/calfire.harvest.proposed/2026/09/20260904T095733Z-48ab3d8e5c31.json,2
calfire.harvest.proposed,plan:ca:1-26-00002-SCR,2026-09-04T00:00:00Z,2026-09-04T09:57:33Z,polygons,4,count,calfire.harvest.proposed,raw/calfire.harvest.proposed/2026/09/20260904T095733Z-48ab3d8e5c31.json,2
calfire.harvest.proposed,plan:ca:1-26-00002-SCR,2026-09-04T00:00:00Z,2026-09-04T09:57:33Z,region,1,,calfire.harvest.proposed,raw/calfire.harvest.proposed/2026/09/20260904T095733Z-48ab3d8e5c31.json,2
calfire.harvest.proposed,plan:ca:1-26-00002-SCR,2026-09-04T00:00:00Z,2026-09-04T09:57:33Z,silviculture,Selection,,calfire.harvest.proposed,raw/calfire.harvest.proposed/2026/09/20260904T095733Z-48ab3d8e5c31.json,2
calfire.harvest.proposed,plan:ca:1-26-00002-SCR,2026-09-04T00:00:00Z,2026-09-04T09:57:33Z,status,Proposed,,calfire.harvest.proposed,raw/calfire.harvest.proposed/2026/09/20260904T095733Z-48ab3d8e5c31.json,2
calfire.harvest.proposed,plan:ca:1-26-00007-HUM,2026-09-04T00:00:00Z,2026-09-04T09:57:33Z,acres,146.04,acres,calfire.harvest.proposed,raw/calfire.harvest.proposed/2026/09/20260904T095733Z-48ab3d8e5c31.json,2
calfire.harvest.proposed,plan:ca:1-26-00007-HUM,2026-09-04T00:00:00Z,2026-09-04T09:57:33Z,polygons,32,count,calfire.harvest.proposed,raw/calfire.harvest.proposed/2026/09/20260904T095733Z-48ab3d8e5c31.json,2
calfire.harvest.proposed,plan:ca:1-26-00007-HUM,2026-09-04T00:00:00Z,2026-09-04T09:57:33Z,region,1,,calfire.harvest.proposed,raw/calfire.harvest.proposed/2026/09/20260904T095733Z-48ab3d8e5c31.json,2
calfire.harvest.proposed,plan:ca:1-26-00007-HUM,2026-09-04T00:00:00Z,2026-09-04T09:57:33Z,silviculture,Road Right-of-Way,,calfire.harvest.proposed,raw/calfire.harvest.proposed/2026/09/20260904T095733Z-48ab3d8e5c31.json,2
calfire.harvest.proposed,plan:ca:1-26-00007-HUM,2026-09-04T00:00:00Z,2026-09-04T09:57:33Z,status,Proposed,,calfire.harvest.proposed,raw/calfire.harvest.proposed/2026/09/20260904T095733Z-48ab3d8e5c31.json,2
calfire.harvest.proposed,plan:ca:1-26-00008-NAP,2026-09-04T00:00:00Z,2026-09-04T09:57:33Z,acres,5.11,acres,calfire.harvest.proposed,raw/calfire.harvest.proposed/2026/09/20260904T095733Z-48ab3d8e5c31.json,2
calfire.harvest.proposed,plan:ca:1-26-00008-NAP,2026-09-04T00:00:00Z,2026-09-04T09:57:33Z,polygons,2,count,calfire.harvest.proposed,raw/calfire.harvest.proposed/2026/09/20260904T095733Z-48ab3d8e5c31.json,2
calfire.harvest.proposed,plan:ca:1-26-00008-NAP,2026-09-04T00:00:00Z,2026-09-04T09:57:33Z,region,1,,calfire.harvest.proposed,raw/calfire.harvest.proposed/2026/09/20260904T095733Z-48ab3d8e5c31.json,2
calfire.harvest.proposed,plan:ca:1-26-00008-NAP,2026-09-04T00:00:00Z,2026-09-04T09:57:33Z,silviculture,Conversion,,calfire.harvest.proposed,raw/calfire.harvest.proposed/2026/09/20260904T095733Z-48ab3d8e5c31.json,2
calfire.harvest.proposed,plan:ca:1-26-00008-NAP,2026-09-04T00:00:00Z,2026-09-04T09:57:33Z,status,Proposed,,calfire.harvest.proposed,raw/calfire.harvest.proposed/2026/09/20260904T095733Z-48ab3d8e5c31.json,2
calfire.harvest.proposed,plan:ca:1-26-00009-HUM,2026-09-04T00:00:00Z,2026-09-04T09:57:33Z,acres,519.61,acres,calfire.harvest.proposed,raw/calfire.harvest.proposed/2026/09/20260904T095733Z-48ab3d8e5c31.json,2
calfire.harvest.proposed,plan:ca:1-26-00009-HUM,2026-09-04T00:00:00Z,2026-09-04T09:57:33Z,polygons,59,count,calfire.harvest.proposed,raw/calfire.harvest.proposed/2026/09/20260904T095733Z-48ab3d8e5c31.json,2
calfire.harvest.proposed,plan:ca:1-26-00009-HUM,2026-09-04T00:00:00Z,2026-09-04T09:57:33Z,region,1,,calfire.harvest.proposed,raw/calfire.harvest.proposed/2026/09/20260904T095733Z-48ab3d8e5c31.json,2
calfire.harvest.proposed,plan:ca:1-26-00009-HUM,2026-09-04T00:00:00Z,2026-09-04T09:57:33Z,silviculture,Road Right-of-Way,,calfire.harvest.proposed,raw/calfire.harvest.proposed/2026/09/20260904T095733Z-48ab3d8e5c31.json,2
calfire.harvest.proposed,plan:ca:1-26-00009-HUM,2026-09-04T00:00:00Z,2026-09-04T09:57:33Z,status,Proposed,,calfire.harvest.proposed,raw/calfire.harvest.proposed/2026/09/20260904T095733Z-48ab3d8e5c31.json,2
calfire.harvest.proposed,plan:ca:1-26-00012-HUM,2026-09-04T00:00:00Z,2026-09-04T09:57:33Z,acres,206.13,acres,calfire.harvest.proposed,raw/calfire.harvest.proposed/2026/09/20260904T095733Z-48ab3d8e5c31.json,2
calfire.harvest.proposed,plan:ca:1-26-00012-HUM,2026-09-04T00:00:00Z,2026-09-04T09:57:33Z,polygons,40,count,calfire.harvest.proposed,raw/calfire.harvest.proposed/2026/09/20260904T095733Z-48ab3d8e5c31.json,2
calfire.harvest.proposed,plan:ca:1-26-00012-HUM,2026-09-04T00:00:00Z,2026-09-04T09:57:33Z,region,1,,calfire.harvest.proposed,raw/calfire.harvest.proposed/2026/09/20260904T095733Z-48ab3d8e5c31.json,2
calfire.harvest.proposed,plan:ca:1-26-00012-HUM,2026-09-04T00:00:00Z,2026-09-04T09:57:33Z,silviculture,Selection,,calfire.harvest.proposed,raw/calfire.harvest.proposed/2026/09/20260904T095733Z-48ab3d8e5c31.json,2
calfire.harvest.proposed,plan:ca:1-26-00012-HUM,2026-09-04T00:00:00Z,2026-09-04T09:57:33Z,status,Proposed,,calfire.harvest.proposed,raw/calfire.harvest.proposed/2026/09/20260904T095733Z-48ab3d8e5c31.json,2
calfire.harvest.proposed,plan:ca:1-26-00014-MEN,2026-09-04T00:00:00Z,2026-09-04T09:57:33Z,acres,185.74,acres,calfire.harvest.proposed,raw/calfire.harvest.proposed/2026/09/20260904T095733Z-48ab3d8e5c31.json,2
calfire.harvest.proposed,plan:ca:1-26-00014-MEN,2026-09-04T00:00:00Z,2026-09-04T09:57:33Z,polygons,24,count,calfire.harvest.proposed,raw/calfire.harvest.proposed/2026/09/20260904T095733Z-48ab3d8e5c31.json,2
calfire.harvest.proposed,plan:ca:1-26-00014-MEN,2026-09-04T00:00:00Z,2026-09-04T09:57:33Z,region,1,,calfire.harvest.proposed,raw/calfire.harvest.proposed/2026/09/20260904T095733Z-48ab3d8e5c31.json,2
calfire.harvest.proposed,plan:ca:1-26-00014-MEN,2026-09-04T00:00:00Z,2026-09-04T09:57:33Z,silviculture,Group Selection,,calfire.harvest.proposed,raw/calfire.harvest.proposed/2026/09/20260904T095733Z-48ab3d8e5c31.json,2
calfire.harvest.proposed,plan:ca:1-26-00014-MEN,2026-09-04T00:00:00Z,2026-09-04T09:57:33Z,status,Proposed,,calfire.harvest.proposed,raw/calfire.harvest.proposed/2026/09/20260904T095733Z-48ab3d8e5c31.json,2
calfire.harvest.proposed,plan:ca:1-26-00016-HUM,2026-09-04T00:00:00Z,2026-09-04T09:57:33Z,acres,153.01,acres,calfire.harvest.proposed,raw/calfire.harvest.proposed/2026/09/20260904T095733Z-48ab3d8e5c31.json,2
calfire.harvest.proposed,plan:ca:1-26-00016-HUM,2026-09-04T00:00:00Z,2026-09-04T09:57:33Z,polygons,18,count,calfire.harvest.proposed,raw/calfire.harvest.proposed/2026/09/20260904T095733Z-48ab3d8e5c31.json,2
calfire.harvest.proposed,plan:ca:1-26-00016-HUM,2026-09-04T00:00:00Z,2026-09-04T09:57:33Z,region,1,,calfire.harvest.proposed,raw/calfire.harvest.proposed/2026/09/20260904T095733Z-48ab3d8e5c31.json,2
calfire.harvest.proposed,plan:ca:1-26-00016-HUM,2026-09-04T00:00:00Z,2026-09-04T09:57:33Z,silviculture,Variable Retention,,calfire.harvest.proposed,raw/calfire.harvest.proposed/2026/09/20260904T095733Z-48ab3d8e5c31.json,2
calfire.harvest.proposed,plan:ca:1-26-00016-HUM,2026-09-04T00:00:00Z,2026-09-04T09:57:33Z,status,Proposed,,calfire.harvest.proposed,raw/calfire.harvest.proposed/2026/09/20260904T095733Z-48ab3d8e5c31.json,2
calfire.harvest.proposed,plan:ca:1-26-00017-HUM,2026-09-04T00:00:00Z,2026-09-04T09:57:33Z,acres,161.12,acres,calfire.harvest.proposed,raw/calfire.harvest.proposed/2026/09/20260904T095733Z-48ab3d8e5c31.json,2
calfire.harvest.proposed,plan:ca:1-26-00017-HUM,2026-09-04T00:00:00Z,2026-09-04T09:57:33Z,polygons,17,count,calfire.harvest.proposed,raw/calfire.harvest.proposed/2026/09/20260904T095733Z-48ab3d8e5c31.json,2
calfire.harvest.proposed,plan:ca:1-26-00017-HUM,2026-09-04T00:00:00Z,2026-09-04T09:57:33Z,region,1,,calfire.harvest.proposed,raw/calfire.harvest.proposed/2026/09/20260904T095733Z-48ab3d8e5c31.json,2
calfire.harvest.proposed,plan:ca:1-26-00017-HUM,2026-09-04T00:00:00Z,2026-09-04T09:57:33Z,silviculture,No Harvest Area,,calfire.harvest.proposed,raw/calfire.harvest.proposed/2026/09/20260904T095733Z-48ab3d8e5c31.json,2
calfire.harvest.proposed,plan:ca:1-26-00017-HUM,2026-09-04T00:00:00Z,2026-09-04T09:57:33Z,status,Proposed,,calfire.harvest.proposed,raw/calfire.harvest.proposed/2026/09/20260904T095733Z-48ab3d8e5c31.json,2
calfire.harvest.proposed,plan:ca:1-26-00019-HUM,2026-09-04T00:00:00Z,2026-09-04T09:57:33Z,acres,215.56,acres,calfire.harvest.proposed,raw/calfire.harvest.proposed/2026/09/20260904T095733Z-48ab3d8e5c31.json,2
calfire.harvest.proposed,plan:ca:1-26-00019-HUM,2026-09-04T00:00:00Z,2026-09-04T09:57:33Z,polygons,45,count,calfire.harvest.proposed,raw/calfire.harvest.proposed/2026/09/20260904T095733Z-48ab3d8e5c31.json,2
calfire.harvest.proposed,plan:ca:1-26-00019-HUM,2026-09-04T00:00:00Z,2026-09-04T09:57:33Z,region,1,,calfire.harvest.proposed,raw/calfire.harvest.proposed/2026/09/20260904T095733Z-48ab3d8e5c31.json,2
calfire.harvest.proposed,plan:ca:1-26-00019-HUM,2026-09-04T00:00:00Z,2026-09-04T09:57:33Z,silviculture,Clearcut,,calfire.harvest.proposed,raw/calfire.harvest.proposed/2026/09/20260904T095733Z-48ab3d8e5c31.json,2
calfire.harvest.proposed,plan:ca:1-26-00019-HUM,2026-09-04T00:00:00Z,2026-09-04T09:57:33Z,status,Proposed,,calfire.harvest.proposed,raw/calfire.harvest.proposed/2026/09/20260904T095733Z-48ab3d8e5c31.json,2
calfire.harvest.proposed,plan:ca:1-26-00020-HUM,2026-09-04T00:00:00Z,2026-09-04T09:57:33Z,acres,105.41,acres,calfire.harvest.proposed,raw/calfire.harvest.proposed/2026/09/20260904T095733Z-48ab3d8e5c31.json,2
calfire.harvest.proposed,plan:ca:1-26-00020-HUM,2026-09-04T00:00:00Z,2026-09-04T09:57:33Z,polygons,19,count,calfire.harvest.proposed,raw/calfire.harvest.proposed/2026/09/20260904T095733Z-48ab3d8e5c31.json,2
calfire.harvest.proposed,plan:ca:1-26-00020-HUM,2026-09-04T00:00:00Z,2026-09-04T09:57:33Z,region,1,,calfire.harvest.proposed,raw/calfire.harvest.proposed/2026/09/20260904T095733Z-48ab3d8e5c31.json,2
calfire.harvest.proposed,plan:ca:1-26-00020-HUM,2026-09-04T00:00:00Z,2026-09-04T09:57:33Z,silviculture,Selection,,calfire.harvest.proposed,raw/calfire.harvest.proposed/2026/09/20260904T095733Z-48ab3d8e5c31.json,2
calfire.harvest.proposed,plan:ca:1-26-00020-HUM,2026-09-04T00:00:00Z,2026-09-04T09:57:33Z,status,Proposed,,calfire.harvest.proposed,raw/calfire.harvest.proposed/2026/09/20260904T095733Z-48ab3d8e5c31.json,2
calfire.harvest.proposed,plan:ca:1-26-00021-SON,2026-09-04T00:00:00Z,2026-09-04T09:57:33Z,acres,169.07,acres,calfire.harvest.proposed,raw/calfire.harvest.proposed/2026/09/20260904T095733Z-48ab3d8e5c31.json,2
calfire.harvest.proposed,plan:ca:1-26-00021-SON,2026-09-04T00:00:00Z,2026-09-04T09:57:33Z,polygons,20,count,calfire.harvest.proposed,raw/calfire.harvest.proposed/2026/09/20260904T095733Z-48ab3d8e5c31.json,2
calfire.harvest.proposed,plan:ca:1-26-00021-SON,2026-09-04T00:00:00Z,2026-09-04T09:57:33Z,region,1,,calfire.harvest.proposed,raw/calfire.harvest.proposed/2026/09/20260904T095733Z-48ab3d8e5c31.json,2
calfire.harvest.proposed,plan:ca:1-26-00021-SON,2026-09-04T00:00:00Z,2026-09-04T09:57:33Z,silviculture,Selection,,calfire.harvest.proposed,raw/calfire.harvest.proposed/2026/09/20260904T095733Z-48ab3d8e5c31.json,2
calfire.harvest.proposed,plan:ca:1-26-00021-SON,2026-09-04T00:00:00Z,2026-09-04T09:57:33Z,status,Proposed,,calfire.harvest.proposed,raw/calfire.harvest.proposed/2026/09/20260904T095733Z-48ab3d8e5c31.json,2
calfire.harvest.proposed,plan:ca:1-26-00022-MEN,2026-09-04T00:00:00Z,2026-09-04T09:57:33Z,acres,445.01,acres,calfire.harvest.proposed,raw/calfire.harvest.proposed/2026/09/20260904T095733Z-48ab3d8e5c31.json,2
calfire.harvest.proposed,plan:ca:1-26-00022-MEN,2026-09-04T00:00:00Z,2026-09-04T09:57:33Z,polygons,26,count,calfire.harvest.proposed,raw/calfire.harvest.proposed/2026/09/20260904T095733Z-48ab3d8e5c31.json,2
calfire.harvest.proposed,plan:ca:1-26-00022-MEN,2026-09-04T00:00:00Z,2026-09-04T09:57:33Z,region,1,,calfire.harvest.proposed,raw/calfire.harvest.proposed/2026/09/20260904T095733Z-48ab3d8e5c31.json,2
calfire.harvest.proposed,plan:ca:1-26-00022-MEN,2026-09-04T00:00:00Z,2026-09-04T09:57:33Z,silviculture,Group Selection,,calfire.harvest.proposed,raw/calfire.harvest.proposed/2026/09/20260904T095733Z-48ab3d8e5c31.json,2
calfire.harvest.proposed,plan:ca:1-26-00022-MEN,2026-09-04T00:00:00Z,2026-09-04T09:57:33Z,status,Proposed,,calfire.harvest.proposed,raw/calfire.harvest.proposed/2026/09/20260904T095733Z-48ab3d8e5c31.json,2
calfire.harvest.proposed,plan:ca:1-26-00023-MEN,2026-09-04T00:00:00Z,2026-09-04T09:57:33Z,acres,335.41,acres,calfire.harvest.proposed,raw/calfire.harvest.proposed/2026/09/20260904T095733Z-48ab3d8e5c31.json,2
calfire.harvest.proposed,plan:ca:1-26-00023-MEN,2026-09-04T00:00:00Z,2026-09-04T09:57:33Z,polygons,5,count,calfire.harvest.proposed,raw/calfire.harvest.proposed/2026/09/20260904T095733Z-48ab3d8e5c31.json,2
calfire.harvest.proposed,plan:ca:1-26-00023-MEN,2026-09-04T00:00:00Z,2026-09-04T09:57:33Z,region,1,,calfire.harvest.proposed,raw/calfire.harvest.proposed/2026/09/20260904T095733Z-48ab3d8e5c31.json,2
calfire.harvest.proposed,plan:ca:1-26-00023-MEN,2026-09-04T00:00:00Z,2026-09-04T09:57:33Z,silviculture,Selection,,calfire.harvest.proposed,raw/calfire.harvest.proposed/2026/09/20260904T095733Z-48ab3d8e5c31.json,2
calfire.harvest.proposed,plan:ca:1-26-00023-MEN,2026-09-04T00:00:00Z,2026-09-04T09:57:33Z,status,Proposed,,calfire.harvest.proposed,raw/calfire.harvest.proposed/2026/09/20260904T095733Z-48ab3d8e5c31.json,2
calfire.harvest.proposed,plan:ca:1-26-00024-HUM,2026-09-04T00:00:00Z,2026-09-04T09:57:33Z,acres,209.82,acres,calfire.harvest.proposed,raw/calfire.harvest.proposed/2026/09/20260904T095733Z-48ab3d8e5c31.json,2
calfire.harvest.proposed,plan:ca:1-26-00024-HUM,2026-09-04T00:00:00Z,2026-09-04T09:57:33Z,polygons,26,count,calfire.harvest.proposed,raw/calfire.harvest.proposed/2026/09/20260904T095733Z-48ab3d8e5c31.json,2
calfire.harvest.proposed,plan:ca:1-26-00024-HUM,2026-09-04T00:00:00Z,2026-09-04T09:57:33Z,region,1,,calfire.harvest.proposed,raw/calfire.harvest.proposed/2026/09/20260904T095733Z-48ab3d8e5c31.json,2
calfire.harvest.proposed,plan:ca:1-26-00024-HUM,2026-09-04T00:00:00Z,2026-09-04T09:57:33Z,silviculture,Road Right-of-Way,,calfire.harvest.proposed,raw/calfire.harvest.proposed/2026/09/20260904T095733Z-48ab3d8e5c31.json,2
calfire.harvest.proposed,plan:ca:1-26-00024-HUM,2026-09-04T00:00:00Z,2026-09-04T09:57:33Z,status,Proposed,,calfire.harvest.proposed,raw/calfire.harvest.proposed/2026/09/20260904T095733Z-48ab3d8e5c31.json,2
calfire.harvest.proposed,plan:ca:1-26-00026-HUM,2026-09-04T00:00:00Z,2026-09-04T09:57:33Z,acres,61.6,acres,calfire.harvest.proposed,raw/calfire.harvest.proposed/2026/09/20260904T095733Z-48ab3d8e5c31.json,2
calfire.harvest.proposed,plan:ca:1-26-00026-HUM,2026-09-04T00:00:00Z,2026-09-04T09:57:33Z,polygons,12,count,calfire.harvest.proposed,raw/calfire.harvest.proposed/2026/09/20260904T095733Z-48ab3d8e5c31.json,2
calfire.harvest.proposed,plan:ca:1-26-00026-HUM,2026-09-04T00:00:00Z,2026-09-04T09:57:33Z,region,1,,calfire.harvest.proposed,raw/calfire.harvest.proposed/2026/09/20260904T095733Z-48ab3d8e5c31.json,2
calfire.harvest.proposed,plan:ca:1-26-00026-HUM,2026-09-04T00:00:00Z,2026-09-04T09:57:33Z,silviculture,Selection,,calfire.harvest.proposed,raw/calfire.harvest.proposed/2026/09/20260904T095733Z-48ab3d8e5c31.json,2
calfire.harvest.proposed,plan:ca:1-26-00026-HUM,2026-09-04T00:00:00Z,2026-09-04T09:57:33Z,status,Proposed,,calfire.harvest.proposed,raw/calfire.harvest.proposed/2026/09/20260904T095733Z-48ab3d8e5c31.json,2
calfire.harvest.proposed,plan:ca:1-26-00027-HUM,2026-09-04T00:00:00Z,2026-09-04T09:57:33Z,acres,261.26,acres,calfire.harvest.proposed,raw/calfire.harvest.proposed/2026/09/20260904T095733Z-48ab3d8e5c31.json,2
calfire.harvest.proposed,plan:ca:1-26-00027-HUM,2026-09-04T00:00:00Z,2026-09-04T09:57:33Z,polygons,6,count,calfire.harvest.proposed,raw/calfire.harvest.proposed/2026/09/20260904T095733Z-48ab3d8e5c31.json,2
calfire.harvest.proposed,plan:ca:1-26-00027-HUM,2026-09-04T00:00:00Z,2026-09-04T09:57:33Z,region,1,,calfire.harvest.proposed,raw/calfire.harvest.proposed/2026/09/20260904T095733Z-48ab3d8e5c31.json,2
calfire.harvest.proposed,plan:ca:1-26-00027-HUM,2026-09-04T00:00:00Z,2026-09-04T09:57:33Z,silviculture,Commercial Thin,,calfire.harvest.proposed,raw/calfire.harvest.proposed/2026/09/20260904T095733Z-48ab3d8e5c31.json,2
calfire.harvest.proposed,plan:ca:1-26-00027-HUM,2026-09-04T00:00:00Z,2026-09-04T09:57:33Z,status,Proposed,,calfire.harvest.proposed,raw/calfire.harvest.proposed/2026/09/20260904T095733Z-48ab3d8e5c31.json,2
calfire.harvest.proposed,plan:ca:1-26-00032-HUM,2026-09-04T00:00:00Z,2026-09-04T09:57:33Z,acres,129.87,acres,calfire.harvest.proposed,raw/calfire.harvest.proposed/2026/09/20260904T095733Z-48ab3d8e5c31.json,2
calfire.harvest.proposed,plan:ca:1-26-00032-HUM,2026-09-04T00:00:00Z,2026-09-04T09:57:33Z,polygons,12,count,calfire.harvest.proposed,raw/calfire.harvest.proposed/2026/09/20260904T095733Z-48ab3d8e5c31.json,2
calfire.harvest.proposed,plan:ca:1-26-00032-HUM,2026-09-04T00:00:00Z,2026-09-04T09:57:33Z,region,1,,calfire.harvest.proposed,raw/calfire.harvest.proposed/2026/09/20260904T095733Z-48ab3d8e5c31.json,2
calfire.harvest.proposed,plan:ca:1-26-00032-HUM,2026-09-04T00:00:00Z,2026-09-04T09:57:33Z,silviculture,Clearcut,,calfire.harvest.proposed,raw/calfire.harvest.proposed/2026/09/20260904T095733Z-48ab3d8e5c31.json,2
calfire.harvest.proposed,plan:ca:1-26-00032-HUM,2026-09-04T00:00:00Z,2026-09-04T09:57:33Z,status,Proposed,,calfire.harvest.proposed,raw/calfire.harvest.proposed/2026/09/20260904T095733Z-48ab3d8e5c31.json,2
calfire.harvest.proposed,plan:ca:1-26-00035-MEN,2026-09-04T00:00:00Z,2026-09-04T09:57:33Z,acres,449.27,acres,calfire.harvest.proposed,raw/calfire.harvest.proposed/2026/09/20260904T095733Z-48ab3d8e5c31.json,2
calfire.harvest.proposed,plan:ca:1-26-00035-MEN,2026-09-04T00:00:00Z,2026-09-04T09:57:33Z,polygons,38,count,calfire.harvest.proposed,raw/calfire.harvest.proposed/2026/09/20260904T095733Z-48ab3d8e5c31.json,2
calfire.harvest.proposed,plan:ca:1-26-00035-MEN,2026-09-04T00:00:00Z,2026-09-04T09:57:33Z,region,1,,calfire.harvest.proposed,raw/calfire.harvest.proposed/2026/09/20260904T095733Z-48ab3d8e5c31.json,2
calfire.harvest.proposed,plan:ca:1-26-00035-MEN,2026-09-04T00:00:00Z,2026-09-04T09:57:33Z,silviculture,Selection,,calfire.harvest.proposed,raw/calfire.harvest.proposed/2026/09/20260904T095733Z-48ab3d8e5c31.json,2
calfire.harvest.proposed,plan:ca:1-26-00035-MEN,2026-09-04T00:00:00Z,2026-09-04T09:57:33Z,status,Proposed,,calfire.harvest.proposed,raw/calfire.harvest.proposed/2026/09/20260904T095733Z-48ab3d8e5c31.json,2
calfire.harvest.proposed,plan:ca:1-26-00036-MEN,2026-09-04T00:00:00Z,2026-09-04T09:57:33Z,acres,676.28,acres,calfire.harvest.proposed,raw/calfire.harvest.proposed/2026/09/20260904T095733Z-48ab3d8e5c31.json,2
calfire.harvest.proposed,plan:ca:1-26-00036-MEN,2026-09-04T00:00:00Z,2026-09-04T09:57:33Z,polygons,9,count,calfire.harvest.proposed,raw/calfire.harvest.proposed/2026/09/20260904T095733Z-48ab3d8e5c31.json,2
calfire.harvest.proposed,plan:ca:1-26-00036-MEN,2026-09-04T00:00:00Z,2026-09-04T09:57:33Z,region,1,,calfire.harvest.proposed,raw/calfire.harvest.proposed/2026/09/20260904T095733Z-48ab3d8e5c31.json,2
calfire.harvest.proposed,plan:ca:1-26-00036-MEN,2026-09-04T00:00:00Z,2026-09-04T09:57:33Z,silviculture,Group Selection,,calfire.harvest.proposed,raw/calfire.harvest.proposed/2026/09/20260904T095733Z-48ab3d8e5c31.json,2
calfire.harvest.proposed,plan:ca:1-26-00036-MEN,2026-09-04T00:00:00Z,2026-09-04T09:57:33Z,status,Proposed,,calfire.harvest.proposed,raw/calfire.harvest.proposed/2026/09/20260904T095733Z-48ab3d8e5c31.json,2
calfire.harvest.proposed,plan:ca:1-26-00037-HUM,2026-09-04T00:00:00Z,2026-09-04T09:57:33Z,acres,388.53,acres,calfire.harvest.proposed,raw/calfire.harvest.proposed/2026/09/20260904T095733Z-48ab3d8e5c31.json,2
calfire.harvest.proposed,plan:ca:1-26-00037-HUM,2026-09-04T00:00:00Z,2026-09-04T09:57:33Z,polygons,13,count,calfire.harvest.proposed,raw/calfire.harvest.proposed/2026/09/20260904T095733Z-48ab3d8e5c31.json,2
calfire.harvest.proposed,plan:ca:1-26-00037-HUM,2026-09-04T00:00:00Z,2026-09-04T09:57:33Z,region,1,,calfire.harvest.proposed,raw/calfire.harvest.proposed/2026/09/20260904T095733Z-48ab3d8e5c31.json,2
calfire.harvest.proposed,plan:ca:1-26-00037-HUM,2026-09-04T00:00:00Z,2026-09-04T09:57:33Z,silviculture,Oak Woodland Management,,calfire.harvest.proposed,raw/calfire.harvest.proposed/2026/09/20260904T095733Z-48ab3d8e5c31.json,2
calfire.harvest.proposed,plan:ca:1-26-00037-HUM,2026-09-04T00:00:00Z,2026-09-04T09:57:33Z,status,Proposed,,calfire.harvest.proposed,raw/calfire.harvest.proposed/2026/09/20260904T095733Z-48ab3d8e5c31.json,2
calfire.harvest.proposed,plan:ca:1-26-00041-HUM,2026-09-04T00:00:00Z,2026-09-04T09:57:33Z,acres,170.59,acres,calfire.harvest.proposed,raw/calfire.harvest.proposed/2026/09/20260904T095733Z-48ab3d8e5c31.json,2
calfire.harvest.proposed,plan:ca:1-26-00041-HUM,2026-09-04T00:00:00Z,2026-09-04T09:57:33Z,polygons,23,count,calfire.harvest.proposed,raw/calfire.harvest.proposed/2026/09/20260904T095733Z-48ab3d8e5c31.json,2
calfire.harvest.proposed,plan:ca:1-26-00041-HUM,2026-09-04T00:00:00Z,2026-09-04T09:57:33Z,region,1,,calfire.harvest.proposed,raw/calfire.harvest.proposed/2026/09/20260904T095733Z-48ab3d8e5c31.json,2
calfire.harvest.proposed,plan:ca:1-26-00041-HUM,2026-09-04T00:00:00Z,2026-09-04T09:57:33Z,silviculture,No Harvest Area,,calfire.harvest.proposed,raw/calfire.harvest.proposed/2026/09/20260904T095733Z-48ab3d8e5c31.json,2
calfire.harvest.proposed,plan:ca:1-26-00041-HUM,2026-09-04T00:00:00Z,2026-09-04T09:57:33Z,status,Proposed,,calfire.harvest.proposed,raw/calfire.harvest.proposed/2026/09/20260904T095733Z-48ab3d8e5c31.json,2
calfire.harvest.proposed,plan:ca:1-26-00043-HUM,2026-09-04T00:00:00Z,2026-09-04T09:57:33Z,acres,315.57,acres,calfire.harvest.proposed,raw/calfire.harvest.proposed/2026/09/20260904T095733Z-48ab3d8e5c31.json,2
calfire.harvest.proposed,plan:ca:1-26-00043-HUM,2026-09-04T00:00:00Z,2026-09-04T09:57:33Z,polygons,40,count,calfire.harvest.proposed,raw/calfire.harvest.proposed/2026/09/20260904T095733Z-48ab3d8e5c31.json,2
calfire.harvest.proposed,plan:ca:1-26-00043-HUM,2026-09-04T00:00:00Z,2026-09-04T09:57:33Z,region,1,,calfire.harvest.proposed,raw/calfire.harvest.proposed/2026/09/20260904T095733Z-48ab3d8e5c31.json,2
calfire.harvest.proposed,plan:ca:1-26-00043-HUM,2026-09-04T00:00:00Z,2026-09-04T09:57:33Z,silviculture,Selection,,calfire.harvest.proposed,raw/calfire.harvest.proposed/2026/09/20260904T095733Z-48ab3d8e5c31.json,2
calfire.harvest.proposed,plan:ca:1-26-00043-HUM,2026-09-04T00:00:00Z,2026-09-04T09:57:33Z,status,Proposed,,calfire.harvest.proposed,raw/calfire.harvest.proposed/2026/09/20260904T095733Z-48ab3d8e5c31.json,2
calfire.harvest.proposed,plan:ca:1-26-00044-DEL,2026-09-04T00:00:00Z,2026-09-04T09:57:33Z,acres,145.43,acres,calfire.harvest.proposed,raw/calfire.harvest.proposed/2026/09/20260904T095733Z-48ab3d8e5c31.json,2
calfire.harvest.proposed,plan:ca:1-26-00044-DEL,2026-09-04T00:00:00Z,2026-09-04T09:57:33Z,polygons,28,count,calfire.harvest.proposed,raw/calfire.harvest.proposed/2026/09/20260904T095733Z-48ab3d8e5c31.json,2
calfire.harvest.proposed,plan:ca:1-26-00044-DEL,2026-09-04T00:00:00Z,2026-09-04T09:57:33Z,region,1,,calfire.harvest.proposed,raw/calfire.harvest.proposed/2026/09/20260904T095733Z-48ab3d8e5c31.json,2
calfire.harvest.proposed,plan:ca:1-26-00044-DEL,2026-09-04T00:00:00Z,2026-09-04T09:57:33Z,silviculture,Selection,,calfire.harvest.proposed,raw/calfire.harvest.proposed/2026/09/20260904T095733Z-48ab3d8e5c31.json,2
calfire.harvest.proposed,plan:ca:1-26-00044-DEL,2026-09-04T00:00:00Z,2026-09-04T09:57:33Z,status,Proposed,,calfire.harvest.proposed,raw/calfire.harvest.proposed/2026/09/20260904T095733Z-48ab3d8e5c31.json,2
calfire.harvest.proposed,plan:ca:1-26-00046-MEN,2026-09-04T00:00:00Z,2026-09-04T09:57:33Z,acres,475.31,acres,calfire.harvest.proposed,raw/calfire.harvest.proposed/2026/09/20260904T095733Z-48ab3d8e5c31.json,2
calfire.harvest.proposed,plan:ca:1-26-00046-MEN,2026-09-04T00:00:00Z,2026-09-04T09:57:33Z,polygons,9,count,calfire.harvest.proposed,raw/calfire.harvest.proposed/2026/09/20260904T095733Z-48ab3d8e5c31.json,2
calfire.harvest.proposed,plan:ca:1-26-00046-MEN,2026-09-04T00:00:00Z,2026-09-04T09:57:33Z,region,1,,calfire.harvest.proposed,raw/calfire.harvest.proposed/2026/09/20260904T095733Z-48ab3d8e5c31.json,2
calfire.harvest.proposed,plan:ca:1-26-00046-MEN,2026-09-04T00:00:00Z,2026-09-04T09:57:33Z,silviculture,Selection,,calfire.harvest.proposed,raw/calfire.harvest.proposed/2026/09/20260904T095733Z-48ab3d8e5c31.json,2
calfire.harvest.proposed,plan:ca:1-26-00046-MEN,2026-09-04T00:00:00Z,2026-09-04T09:57:33Z,status,Proposed,,calfire.harvest.proposed,raw/calfire.harvest.proposed/2026/09/20260904T095733Z-48ab3d8e5c31.json,2
calfire.harvest.proposed,plan:ca:1-26-00048-MEN,2026-09-04T00:00:00Z,2026-09-04T09:57:33Z,acres,374.2,acres,calfire.harvest.proposed,raw/calfire.harvest.proposed/2026/09/20260904T095733Z-48ab3d8e5c31.json,2
calfire.harvest.proposed,plan:ca:1-26-00048-MEN,2026-09-04T00:00:00Z,2026-09-04T09:57:33Z,polygons,14,count,calfire.harvest.proposed,raw/calfire.harvest.proposed/2026/09/20260904T095733Z-48ab3d8e5c31.json,2
calfire.harvest.proposed,plan:ca:1-26-00048-MEN,2026-09-04T00:00:00Z,2026-09-04T09:57:33Z,region,1,,calfire.harvest.proposed,raw/calfire.harvest.proposed/2026/09/20260904T095733Z-48ab3d8e5c31.json,2
calfire.harvest.proposed,plan:ca:1-26-00048-MEN,2026-09-04T00:00:00Z,2026-09-04T09:57:33Z,silviculture,Group Selection,,calfire.harvest.proposed,raw/calfire.harvest.proposed/2026/09/20260904T095733Z-48ab3d8e5c31.json,2
calfire.harvest.proposed,plan:ca:1-26-00048-MEN,2026-09-04T00:00:00Z,2026-09-04T09:57:33Z,status,Proposed,,calfire.harvest.proposed,raw/calfire.harvest.proposed/2026/09/20260904T095733Z-48ab3d8e5c31.json,2
calfire.harvest.proposed,plan:ca:1-26-00050-DEL,2026-09-04T00:00:00Z,2026-09-04T09:57:33Z,acres,101.46,acres,calfire.harvest.proposed,raw/calfire.harvest.proposed/2026/09/20260904T095733Z-48ab3d8e5c31.json,2
calfire.harvest.proposed,plan:ca:1-26-00050-DEL,2026-09-04T00:00:00Z,2026-09-04T09:57:33Z,polygons,30,count,calfire.harvest.proposed,raw/calfire.harvest.proposed/2026/09/20260904T095733Z-48ab3d8e5c31.json,2
calfire.harvest.proposed,plan:ca:1-26-00050-DEL,2026-09-04T00:00:00Z,2026-09-04T09:57:33Z,region,1,,calfire.harvest.proposed,raw/calfire.harvest.proposed/2026/09/20260904T095733Z-48ab3d8e5c31.json,2
calfire.harvest.proposed,plan:ca:1-26-00050-DEL,2026-09-04T00:00:00Z,2026-09-04T09:57:33Z,silviculture,No Harvest Area,,calfire.harvest.proposed,raw/calfire.harvest.proposed/2026/09/20260904T095733Z-48ab3d8e5c31.json,2
calfire.harvest.proposed,plan:ca:1-26-00050-DEL,2026-09-04T00:00:00Z,2026-09-04T09:57:33Z,status,Proposed,,calfire.harvest.proposed,raw/calfire.harvest.proposed/2026/09/20260904T095733Z-48ab3d8e5c31.json,2
calfire.harvest.proposed,plan:ca:1-26-00051-SCR,2026-09-04T00:00:00Z,2026-09-04T09:57:33Z,acres,151.3,acres,calfire.harvest.proposed,raw/calfire.harvest.proposed/2026/09/20260904T095733Z-48ab3d8e5c31.json,2
calfire.harvest.proposed,plan:ca:1-26-00051-SCR,2026-09-04T00:00:00Z,2026-09-04T09:57:33Z,polygons,1,count,calfire.harvest.proposed,raw/calfire.harvest.proposed/2026/09/20260904T095733Z-48ab3d8e5c31.json,2
calfire.harvest.proposed,plan:ca:1-26-00051-SCR,2026-09-04T00:00:00Z,2026-09-04T09:57:33Z,region,1,,calfire.harvest.proposed,raw/calfire.harvest.proposed/2026/09/20260904T095733Z-48ab3d8e5c31.json,2
calfire.harvest.proposed,plan:ca:1-26-00051-SCR,2026-09-04T00:00:00Z,2026-09-04T09:57:33Z,silviculture,Selection,,calfire.harvest.proposed,raw/calfire.harvest.proposed/2026/09/20260904T095733Z-48ab3d8e5c31.json,2
calfire.harvest.proposed,plan:ca:1-26-00051-SCR,2026-09-04T00:00:00Z,2026-09-04T09:57:33Z,status,Proposed,,calfire.harvest.proposed,raw/calfire.harvest.proposed/2026/09/20260904T095733Z-48ab3d8e5c31.json,2
calfire.harvest.proposed,plan:ca:1-26-00052-HUM,2026-09-04T00:00:00Z,2026-09-04T09:57:33Z,acres,82.28,acres,calfire.harvest.proposed,raw/calfire.harvest.proposed/2026/09/20260904T095733Z-48ab3d8e5c31.json,2
calfire.harvest.proposed,plan:ca:1-26-00052-HUM,2026-09-04T00:00:00Z,2026-09-04T09:57:33Z,polygons,16,count,calfire.harvest.proposed,raw/calfire.harvest.proposed/2026/09/20260904T095733Z-48ab3d8e5c31.json,2
calfire.harvest.proposed,plan:ca:1-26-00052-HUM,2026-09-04T00:00:00Z,2026-09-04T09:57:33Z,region,1,,calfire.harvest.proposed,raw/calfire.harvest.proposed/2026/09/20260904T095733Z-48ab3d8e5c31.json,2
calfire.harvest.proposed,plan:ca:1-26-00052-HUM,2026-09-04T00:00:00Z,2026-09-04T09:57:33Z,silviculture,No Harvest Area,,calfire.harvest.proposed,raw/calfire.harvest.proposed/2026/09/20260904T095733Z-48ab3d8e5c31.json,2
calfire.harvest.proposed,plan:ca:1-26-00052-HUM,2026-09-04T00:00:00Z,2026-09-04T09:57:33Z,status,Proposed,,calfire.harvest.proposed,raw/calfire.harvest.proposed/2026/09/20260904T095733Z-48ab3d8e5c31.json,2
calfire.harvest.proposed,plan:ca:1-26-00053-HUM,2026-09-04T00:00:00Z,2026-09-04T09:57:33Z,acres,209.11,acres,calfire.harvest.proposed,raw/calfire.harvest.proposed/2026/09/20260904T095733Z-48ab3d8e5c31.json,2
calfire.harvest.proposed,plan:ca:1-26-00053-HUM,2026-09-04T00:00:00Z,2026-09-04T09:57:33Z,polygons,7,count,calfire.harvest.proposed,raw/calfire.harvest.proposed/2026/09/20260904T095733Z-48ab3d8e5c31.json,2
calfire.harvest.proposed,plan:ca:1-26-00053-HUM,2026-09-04T00:00:00Z,2026-09-04T09:57:33Z,region,1,,calfire.harvest.proposed,raw/calfire.harvest.proposed/2026/09/20260904T095733Z-48ab3d8e5c31.json,2
calfire.harvest.proposed,plan:ca:1-26-00053-HUM,2026-09-04T00:00:00Z,2026-09-04T09:57:33Z,silviculture,Group Selection,,calfire.harvest.proposed,raw/calfire.harvest.proposed/2026/09/20260904T095733Z-48ab3d8e5c31.json,2
calfire.harvest.proposed,plan:ca:1-26-00053-HUM,2026-09-04T00:00:00Z,2026-09-04T09:57:33Z,status,Proposed,,calfire.harvest.proposed,raw/calfire.harvest.proposed/2026/09/20260904T095733Z-48ab3d8e5c31.json,2
calfire.harvest.proposed,plan:ca:1-26-00055-HUM,2026-09-04T00:00:00Z,2026-09-04T09:57:33Z,acres,101.84,acres,calfire.harvest.proposed,raw/calfire.harvest.proposed/2026/09/20260904T095733Z-48ab3d8e5c31.json,2
calfire.harvest.proposed,plan:ca:1-26-00055-HUM,2026-09-04T00:00:00Z,2026-09-04T09:57:33Z,polygons,28,count,calfire.harvest.proposed,raw/calfire.harvest.proposed/2026/09/20260904T095733Z-48ab3d8e5c31.json,2
calfire.harvest.proposed,plan:ca:1-26-00055-HUM,2026-09-04T00:00:00Z,2026-09-04T09:57:33Z,region,1,,calfire.harvest.proposed,raw/calfire.harvest.proposed/2026/09/20260904T095733Z-48ab3d8e5c31.json,2
calfire.harvest.proposed,plan:ca:1-26-00055-HUM,2026-09-04T00:00:00Z,2026-09-04T09:57:33Z,silviculture,Road Right-of-Way,,calfire.harvest.proposed,raw/calfire.harvest.proposed/2026/09/20260904T095733Z-48ab3d8e5c31.json,2
calfire.harvest.proposed,plan:ca:1-26-00055-HUM,2026-09-04T00:00:00Z,2026-09-04T09:57:33Z,status,Proposed,,calfire.harvest.proposed,raw/calfire.harvest.proposed/2026/09/20260904T095733Z-48ab3d8e5c31.json,2
calfire.harvest.proposed,plan:ca:1-26-00057-HUM,2026-09-04T00:00:00Z,2026-09-04T09:57:33Z,acres,241.84,acres,calfire.harvest.proposed,raw/calfire.harvest.proposed/2026/09/20260904T095733Z-48ab3d8e5c31.json,2
calfire.harvest.proposed,plan:ca:1-26-00057-HUM,2026-09-04T00:00:00Z,2026-09-04T09:57:33Z,polygons,38,count,calfire.harvest.proposed,raw/calfire.harvest.proposed/2026/09/20260904T095733Z-48ab3d8e5c31.json,2
calfire.harvest.proposed,plan:ca:1-26-00057-HUM,2026-09-04T00:00:00Z,2026-09-04T09:57:33Z,region,1,,calfire.harvest.proposed,raw/calfire.harvest.proposed/2026/09/20260904T095733Z-48ab3d8e5c31.json,2
calfire.harvest.proposed,plan:ca:1-26-00057-HUM,2026-09-04T00:00:00Z,2026-09-04T09:57:33Z,silviculture,No Harvest Area,,calfire.harvest.proposed,raw/calfire.harvest.proposed/2026/09/20260904T095733Z-48ab3d8e5c31.json,2
calfire.harvest.proposed,plan:ca:1-26-00057-HUM,2026-09-04T00:00:00Z,2026-09-04T09:57:33Z,status,Proposed,,calfire.harvest.proposed,raw/calfire.harvest.proposed/2026/09/20260904T095733Z-48ab3d8e5c31.json,2
calfire.harvest.proposed,plan:ca:1-26-00060-HUM,2026-09-04T00:00:00Z,2026-09-04T09:57:33Z,acres,164.02,acres,calfire.harvest.proposed,raw/calfire.harvest.proposed/2026/09/20260904T095733Z-48ab3d8e5c31.json,2
calfire.harvest.proposed,plan:ca:1-26-00060-HUM,2026-09-04T00:00:00Z,2026-09-04T09:57:33Z,polygons,17,count,calfire.harvest.proposed,raw/calfire.harvest.proposed/2026/09/20260904T095733Z-48ab3d8e5c31.json,2
calfire.harvest.proposed,plan:ca:1-26-00060-HUM,2026-09-04T00:00:00Z,2026-09-04T09:57:33Z,region,1,,calfire.harvest.proposed,raw/calfire.harvest.proposed/2026/09/20260904T095733Z-48ab3d8e5c31.json,2
calfire.harvest.proposed,plan:ca:1-26-00060-HUM,2026-09-04T00:00:00Z,2026-09-04T09:57:33Z,silviculture,Selection,,calfire.harvest.proposed,raw/calfire.harvest.proposed/2026/09/20260904T095733Z-48ab3d8e5c31.json,2
calfire.harvest.proposed,plan:ca:1-26-00060-HUM,2026-09-04T00:00:00Z,2026-09-04T09:57:33Z,status,Proposed,,calfire.harvest.proposed,raw/calfire.harvest.proposed/2026/09/20260904T095733Z-48ab3d8e5c31.json,2
calfire.harvest.proposed,plan:ca:1-26-00061-HUM,2026-09-04T00:00:00Z,2026-09-04T09:57:33Z,acres,161.17,acres,calfire.harvest.proposed,raw/calfire.harvest.proposed/2026/09/20260904T095733Z-48ab3d8e5c31.json,2
calfire.harvest.proposed,plan:ca:1-26-00061-HUM,2026-09-04T00:00:00Z,2026-09-04T09:57:33Z,polygons,21,count,calfire.harvest.proposed,raw/calfire.harvest.proposed/2026/09/20260904T095733Z-48ab3d8e5c31.json,2
calfire.harvest.proposed,plan:ca:1-26-00061-HUM,2026-09-04T00:00:00Z,2026-09-04T09:57:33Z,region,1,,calfire.harvest.proposed,raw/calfire.harvest.proposed/2026/09/20260904T095733Z-48ab3d8e5c31.json,2
calfire.harvest.proposed,plan:ca:1-26-00061-HUM,2026-09-04T00:00:00Z,2026-09-04T09:57:33Z,silviculture,Variable Retention,,calfire.harvest.proposed,raw/calfire.harvest.proposed/2026/09/20260904T095733Z-48ab3d8e5c31.json,2
calfire.harvest.proposed,plan:ca:1-26-00061-HUM,2026-09-04T00:00:00Z,2026-09-04T09:57:33Z,status,Proposed,,calfire.harvest.proposed,raw/calfire.harvest.proposed/2026/09/20260904T095733Z-48ab3d8e5c31.json,2
calfire.harvest.proposed,plan:ca:1-26-00063-HUM,2026-09-04T00:00:00Z,2026-09-04T09:57:33Z,acres,340.55,acres,calfire.harvest.proposed,raw/calfire.harvest.proposed/2026/09/20260904T095733Z-48ab3d8e5c31.json,2
calfire.harvest.proposed,plan:ca:1-26-00063-HUM,2026-09-04T00:00:00Z,2026-09-04T09:57:33Z,polygons,20,count,calfire.harvest.proposed,raw/calfire.harvest.proposed/2026/09/20260904T095733Z-48ab3d8e5c31.json,2
calfire.harvest.proposed,plan:ca:1-26-00063-HUM,2026-09-04T00:00:00Z,2026-09-04T09:57:33Z,region,1,,calfire.harvest.proposed,raw/calfire.harvest.proposed/2026/09/20260904T095733Z-48ab3d8e5c31.json,2
calfire.harvest.proposed,plan:ca:1-26-00063-HUM,2026-09-04T00:00:00Z,2026-09-04T09:57:33Z,silviculture,No Harvest Area,,calfire.harvest.proposed,raw/calfire.harvest.proposed/2026/09/20260904T095733Z-48ab3d8e5c31.json,2
calfire.harvest.proposed,plan:ca:1-26-00063-HUM,2026-09-04T00:00:00Z,2026-09-04T09:57:33Z,status,Proposed,,calfire.harvest.proposed,raw/calfire.harvest.proposed/2026/09/20260904T095733Z-48ab3d8e5c31.json,2
calfire.harvest.proposed,plan:ca:1-26-00064-HUM,2026-09-04T00:00:00Z,2026-09-04T09:57:33Z,acres,35.77,acres,calfire.harvest.proposed,raw/calfire.harvest.proposed/2026/09/20260904T095733Z-48ab3d8e5c31.json,2
calfire.harvest.proposed,plan:ca:1-26-00064-HUM,2026-09-04T00:00:00Z,2026-09-04T09:57:33Z,polygons,9,count,calfire.harvest.proposed,raw/calfire.harvest.proposed/2026/09/20260904T095733Z-48ab3d8e5c31.json,2
calfire.harvest.proposed,plan:ca:1-26-00064-HUM,2026-09-04T00:00:00Z,2026-09-04T09:57:33Z,region,1,,calfire.harvest.proposed,raw/calfire.harvest.proposed/2026/09/20260904T095733Z-48ab3d8e5c31.json,2
calfire.harvest.proposed,plan:ca:1-26-00064-HUM,2026-09-04T00:00:00Z,2026-09-04T09:57:33Z,silviculture,Selection,,calfire.harvest.proposed,raw/calfire.harvest.proposed/2026/09/20260904T095733Z-48ab3d8e5c31.json,2
calfire.harvest.proposed,plan:ca:1-26-00064-HUM,2026-09-04T00:00:00Z,2026-09-04T09:57:33Z,status,Proposed,,calfire.harvest.proposed,raw/calfire.harvest.proposed/2026/09/20260904T095733Z-48ab3d8e5c31.json,2
calfire.harvest.proposed,plan:ca:1-26-00065-MEN,2026-09-04T00:00:00Z,2026-09-04T09:57:33Z,acres,531.43,acres,calfire.harvest.proposed,raw/calfire.harvest.proposed/2026/09/20260904T095733Z-48ab3d8e5c31.json,2
calfire.harvest.proposed,plan:ca:1-26-00065-MEN,2026-09-04T00:00:00Z,2026-09-04T09:57:33Z,polygons,1,count,calfire.harvest.proposed,raw/calfire.harvest.proposed/2026/09/20260904T095733Z-48ab3d8e5c31.json,2
calfire.harvest.proposed,plan:ca:1-26-00065-MEN,2026-09-04T00:00:00Z,2026-09-04T09:57:33Z,region,1,,calfire.harvest.proposed,raw/calfire.harvest.proposed/2026/09/20260904T095733Z-48ab3d8e5c31.json,2
calfire.harvest.proposed,plan:ca:1-26-00065-MEN,2026-09-04T00:00:00Z,2026-09-04T09:57:33Z,silviculture,Selection,,calfire.harvest.proposed,raw/calfire.harvest.proposed/2026/09/20260904T095733Z-48ab3d8e5c31.json,2
calfire.harvest.proposed,plan:ca:1-26-00065-MEN,2026-09-04T00:00:00Z,2026-09-04T09:57:33Z,status,Proposed,,calfire.harvest.proposed,raw/calfire.harvest.proposed/2026/09/20260904T095733Z-48ab3d8e5c31.json,2
calfire.harvest.proposed,plan:ca:1-26-00066-DEL,2026-09-04T00:00:00Z,2026-09-04T09:57:33Z,acres,66.34,acres,calfire.harvest.proposed,raw/calfire.harvest.proposed/2026/09/20260904T095733Z-48ab3d8e5c31.json,2
calfire.harvest.proposed,plan:ca:1-26-00066-DEL,2026-09-04T00:00:00Z,2026-09-04T09:57:33Z,polygons,14,count,calfire.harvest.proposed,raw/calfire.harvest.proposed/2026/09/20260904T095733Z-48ab3d8e5c31.json,2
calfire.harvest.proposed,plan:ca:1-26-00066-DEL,2026-09-04T00:00:00Z,2026-09-04T09:57:33Z,region,1,,calfire.harvest.proposed,raw/calfire.harvest.proposed/2026/09/20260904T095733Z-48ab3d8e5c31.json,2
calfire.harvest.proposed,plan:ca:1-26-00066-DEL,2026-09-04T00:00:00Z,2026-09-04T09:57:33Z,silviculture,Selection,,calfire.harvest.proposed,raw/calfire.harvest.proposed/2026/09/20260904T095733Z-48ab3d8e5c31.json,2
calfire.harvest.proposed,plan:ca:1-26-00066-DEL,2026-09-04T00:00:00Z,2026-09-04T09:57:33Z,status,Proposed,,calfire.harvest.proposed,raw/calfire.harvest.proposed/2026/09/20260904T095733Z-48ab3d8e5c31.json,2
calfire.harvest.proposed,plan:ca:1-26-00067-HUM,2026-09-04T00:00:00Z,2026-09-04T09:57:33Z,acres,250.68,acres,calfire.harvest.proposed,raw/calfire.harvest.proposed/2026/09/20260904T095733Z-48ab3d8e5c31.json,2
calfire.harvest.proposed,plan:ca:1-26-00067-HUM,2026-09-04T00:00:00Z,2026-09-04T09:57:33Z,polygons,41,count,calfire.harvest.proposed,raw/calfire.harvest.proposed/2026/09/20260904T095733Z-48ab3d8e5c31.json,2
calfire.harvest.proposed,plan:ca:1-26-00067-HUM,2026-09-04T00:00:00Z,2026-09-04T09:57:33Z,region,1,,calfire.harvest.proposed,raw/calfire.harvest.proposed/2026/09/20260904T095733Z-48ab3d8e5c31.json,2
calfire.harvest.proposed,plan:ca:1-26-00067-HUM,2026-09-04T00:00:00Z,2026-09-04T09:57:33Z,silviculture,No Harvest Area,,calfire.harvest.proposed,raw/calfire.harvest.proposed/2026/09/20260904T095733Z-48ab3d8e5c31.json,2
calfire.harvest.proposed,plan:ca:1-26-00067-HUM,2026-09-04T00:00:00Z,2026-09-04T09:57:33Z,status,Proposed,,calfire.harvest.proposed,raw/calfire.harvest.proposed/2026/09/20260904T095733Z-48ab3d8e5c31.json,2
calfire.harvest.proposed,plan:ca:1-26-00069-HUM,2026-09-04T00:00:00Z,2026-09-04T09:57:33Z,acres,100.39,acres,calfire.harvest.proposed,raw/calfire.harvest.proposed/2026/09/20260904T095733Z-48ab3d8e5c31.json,2
calfire.harvest.proposed,plan:ca:1-26-00069-HUM,2026-09-04T00:00:00Z,2026-09-04T09:57:33Z,polygons,25,count,calfire.harvest.proposed,raw/calfire.harvest.proposed/2026/09/20260904T095733Z-48ab3d8e5c31.json,2
calfire.harvest.proposed,plan:ca:1-26-00069-HUM,2026-09-04T00:00:00Z,2026-09-04T09:57:33Z,region,1,,calfire.harvest.proposed,raw/calfire.harvest.proposed/2026/09/20260904T095733Z-48ab3d8e5c31.json,2
calfire.harvest.proposed,plan:ca:1-26-00069-HUM,2026-09-04T00:00:00Z,2026-09-04T09:57:33Z,silviculture,Road Right-of-Way,,calfire.harvest.proposed,raw/calfire.harvest.proposed/2026/09/20260904T095733Z-48ab3d8e5c31.json,2
calfire.harvest.proposed,plan:ca:1-26-00069-HUM,2026-09-04T00:00:00Z,2026-09-04T09:57:33Z,status,Proposed,,calfire.harvest.proposed,raw/calfire.harvest.proposed/2026/09/20260904T095733Z-48ab3d8e5c31.json,2
calfire.harvest.proposed,plan:ca:1-26-00070-HUM,2026-09-04T00:00:00Z,2026-09-04T09:57:33Z,acres,121.52,acres,calfire.harvest.proposed,raw/calfire.harvest.proposed/2026/09/20260904T095733Z-48ab3d8e5c31.json,2
calfire.harvest.proposed,plan:ca:1-26-00070-HUM,2026-09-04T00:00:00Z,2026-09-04T09:57:33Z,polygons,18,count,calfire.harvest.proposed,raw/calfire.harvest.proposed/2026/09/20260904T095733Z-48ab3d8e5c31.json,2
calfire.harvest.proposed,plan:ca:1-26-00070-HUM,2026-09-04T00:00:00Z,2026-09-04T09:57:33Z,region,1,,calfire.harvest.proposed,raw/calfire.harvest.proposed/2026/09/20260904T095733Z-48ab3d8e5c31.json,2
calfire.harvest.proposed,plan:ca:1-26-00070-HUM,2026-09-04T00:00:00Z,2026-09-04T09:57:33Z,silviculture,No Harvest Area,,calfire.harvest.proposed,raw/calfire.harvest.proposed/2026/09/20260904T095733Z-48ab3d8e5c31.json,2
calfire.harvest.proposed,plan:ca:1-26-00070-HUM,2026-09-04T00:00:00Z,2026-09-04T09:57:33Z,status,Proposed,,calfire.harvest.proposed,raw/calfire.harvest.proposed/2026/09/20260904T095733Z-48ab3d8e5c31.json,2
calfire.harvest.proposed,plan:ca:1-26-00072-HUM,2026-09-04T00:00:00Z,2026-09-04T09:57:33Z,acres,195.02,acres,calfire.harvest.proposed,raw/calfire.harvest.proposed/2026/09/20260904T095733Z-48ab3d8e5c31.json,2
calfire.harvest.proposed,plan:ca:1-26-00072-HUM,2026-09-04T00:00:00Z,2026-09-04T09:57:33Z,polygons,14,count,calfire.harvest.proposed,raw/calfire.harvest.proposed/2026/09/20260904T095733Z-48ab3d8e5c31.json,2
calfire.harvest.proposed,plan:ca:1-26-00072-HUM,2026-09-04T00:00:00Z,2026-09-04T09:57:33Z,region,1,,calfire.harvest.proposed,raw/calfire.harvest.proposed/2026/09/20260904T095733Z-48ab3d8e5c31.json,2
calfire.harvest.proposed,plan:ca:1-26-00072-HUM,2026-09-04T00:00:00Z,2026-09-04T09:57:33Z,silviculture,No Harvest Area,,calfire.harvest.proposed,raw/calfire.harvest.proposed/2026/09/20260904T095733Z-48ab3d8e5c31.json,2
calfire.harvest.proposed,plan:ca:1-26-00072-HUM,2026-09-04T00:00:00Z,2026-09-04T09:57:33Z,status,Proposed,,calfire.harvest.proposed,raw/calfire.harvest.proposed/2026/09/20260904T095733Z-48ab3d8e5c31.json,2
calfire.harvest.proposed,plan:ca:1-26-00074-MEN,2026-09-04T00:00:00Z,2026-09-04T09:57:33Z,acres,1343.52,acres,calfire.harvest.proposed,raw/calfire.harvest.proposed/2026/09/20260904T095733Z-48ab3d8e5c31.json,2
calfire.harvest.proposed,plan:ca:1-26-00074-MEN,2026-09-04T00:00:00Z,2026-09-04T09:57:33Z,polygons,94,count,calfire.harvest.proposed,raw/calfire.harvest.proposed/2026/09/20260904T095733Z-48ab3d8e5c31.json,2
calfire.harvest.proposed,plan:ca:1-26-00074-MEN,2026-09-04T00:00:00Z,2026-09-04T09:57:33Z,region,1,,calfire.harvest.proposed,raw/calfire.harvest.proposed/2026/09/20260904T095733Z-48ab3d8e5c31.json,2
calfire.harvest.proposed,plan:ca:1-26-00074-MEN,2026-09-04T00:00:00Z,2026-09-04T09:57:33Z,silviculture,Commercial Thin,,calfire.harvest.proposed,raw/calfire.harvest.proposed/2026/09/20260904T095733Z-48ab3d8e5c31.json,2
calfire.harvest.proposed,plan:ca:1-26-00074-MEN,2026-09-04T00:00:00Z,2026-09-04T09:57:33Z,status,Proposed,,calfire.harvest.proposed,raw/calfire.harvest.proposed/2026/09/20260904T095733Z-48ab3d8e5c31.json,2
calfire.harvest.proposed,plan:ca:1-26-00075-SON,2026-09-04T00:00:00Z,2026-09-04T09:57:33Z,acres,326.49,acres,calfire.harvest.proposed,raw/calfire.harvest.proposed/2026/09/20260904T095733Z-48ab3d8e5c31.json,2
calfire.harvest.proposed,plan:ca:1-26-00075-SON,2026-09-04T00:00:00Z,2026-09-04T09:57:33Z,polygons,3,count,calfire.harvest.proposed,raw/calfire.harvest.proposed/2026/09/20260904T095733Z-48ab3d8e5c31.json,2
calfire.harvest.proposed,plan:ca:1-26-00075-SON,2026-09-04T00:00:00Z,2026-09-04T09:57:33Z,region,1,,calfire.harvest.proposed,raw/calfire.harvest.proposed/2026/09/20260904T095733Z-48ab3d8e5c31.json,2
calfire.harvest.proposed,plan:ca:1-26-00075-SON,2026-09-04T00:00:00Z,2026-09-04T09:57:33Z,silviculture,No Harvest Area,,calfire.harvest.proposed,raw/calfire.harvest.proposed/2026/09/20260904T095733Z-48ab3d8e5c31.json,2
calfire.harvest.proposed,plan:ca:1-26-00075-SON,2026-09-04T00:00:00Z,2026-09-04T09:57:33Z,status,Proposed,,calfire.harvest.proposed,raw/calfire.harvest.proposed/2026/09/20260904T095733Z-48ab3d8e5c31.json,2
calfire.harvest.proposed,plan:ca:1-26-00076-SON,2026-09-04T00:00:00Z,2026-09-04T09:57:33Z,acres,271.5,acres,calfire.harvest.proposed,raw/calfire.harvest.proposed/2026/09/20260904T095733Z-48ab3d8e5c31.json,2
calfire.harvest.proposed,plan:ca:1-26-00076-SON,2026-09-04T00:00:00Z,2026-09-04T09:57:33Z,polygons,19,count,calfire.harvest.proposed,raw/calfire.harvest.proposed/2026/09/20260904T095733Z-48ab3d8e5c31.json,2
calfire.harvest.proposed,plan:ca:1-26-00076-SON,2026-09-04T00:00:00Z,2026-09-04T09:57:33Z,region,1,,calfire.harvest.proposed,raw/calfire.harvest.proposed/2026/09/20260904T095733Z-48ab3d8e5c31.json,2
calfire.harvest.proposed,plan:ca:1-26-00076-SON,2026-09-04T00:00:00Z,2026-09-04T09:57:33Z,silviculture,Commercial Thin,,calfire.harvest.proposed,raw/calfire.harvest.proposed/2026/09/20260904T095733Z-48ab3d8e5c31.json,2
calfire.harvest.proposed,plan:ca:1-26-00076-SON,2026-09-04T00:00:00Z,2026-09-04T09:57:33Z,status,Proposed,,calfire.harvest.proposed,raw/calfire.harvest.proposed/2026/09/20260904T095733Z-48ab3d8e5c31.json,2
calfire.harvest.proposed,plan:ca:1-26-00077-HUM,2026-09-04T00:00:00Z,2026-09-04T09:57:33Z,acres,39.37,acres,calfire.harvest.proposed,raw/calfire.harvest.proposed/2026/09/20260904T095733Z-48ab3d8e5c31.json,2
calfire.harvest.proposed,plan:ca:1-26-00077-HUM,2026-09-04T00:00:00Z,2026-09-04T09:57:33Z,polygons,2,count,calfire.harvest.proposed,raw/calfire.harvest.proposed/2026/09/20260904T095733Z-48ab3d8e5c31.json,2
calfire.harvest.proposed,plan:ca:1-26-00077-HUM,2026-09-04T00:00:00Z,2026-09-04T09:57:33Z,region,1,,calfire.harvest.proposed,raw/calfire.harvest.proposed/2026/09/20260904T095733Z-48ab3d8e5c31.json,2
calfire.harvest.proposed,plan:ca:1-26-00077-HUM,2026-09-04T00:00:00Z,2026-09-04T09:57:33Z,silviculture,Clearcut,,calfire.harvest.proposed,raw/calfire.harvest.proposed/2026/09/20260904T095733Z-48ab3d8e5c31.json,2
calfire.harvest.proposed,plan:ca:1-26-00077-HUM,2026-09-04T00:00:00Z,2026-09-04T09:57:33Z,status,Proposed,,calfire.harvest.proposed,raw/calfire.harvest.proposed/2026/09/20260904T095733Z-48ab3d8e5c31.json,2
calfire.harvest.proposed,plan:ca:1-26-00079-HUM,2026-09-04T00:00:00Z,2026-09-04T09:57:33Z,acres,143.33,acres,calfire.harvest.proposed,raw/calfire.harvest.proposed/2026/09/20260904T095733Z-48ab3d8e5c31.json,2
calfire.harvest.proposed,plan:ca:1-26-00079-HUM,2026-09-04T00:00:00Z,2026-09-04T09:57:33Z,polygons,17,count,calfire.harvest.proposed,raw/calfire.harvest.proposed/2026/09/20260904T095733Z-48ab3d8e5c31.json,2
calfire.harvest.proposed,plan:ca:1-26-00079-HUM,2026-09-04T00:00:00Z,2026-09-04T09:57:33Z,region,1,,calfire.harvest.proposed,raw/calfire.harvest.proposed/2026/09/20260904T095733Z-48ab3d8e5c31.json,2
calfire.harvest.proposed,plan:ca:1-26-00079-HUM,2026-09-04T00:00:00Z,2026-09-04T09:57:33Z,silviculture,No Harvest Area,,calfire.harvest.proposed,raw/calfire.harvest.proposed/2026/09/20260904T095733Z-48ab3d8e5c31.json,2
calfire.harvest.proposed,plan:ca:1-26-00079-HUM,2026-09-04T00:00:00Z,2026-09-04T09:57:33Z,status,Proposed,,calfire.harvest.proposed,raw/calfire.harvest.proposed/2026/09/20260904T095733Z-48ab3d8e5c31.json,2
calfire.harvest.proposed,plan:ca:1-26-00080-MEN,2026-09-04T00:00:00Z,2026-09-04T09:57:33Z,acres,401.23,acres,calfire.harvest.proposed,raw/calfire.harvest.proposed/2026/09/20260904T095733Z-48ab3d8e5c31.json,2
calfire.harvest.proposed,plan:ca:1-26-00080-MEN,2026-09-04T00:00:00Z,2026-09-04T09:57:33Z,polygons,3,count,calfire.harvest.proposed,raw/calfire.harvest.proposed/2026/09/20260904T095733Z-48ab3d8e5c31.json,2
calfire.harvest.proposed,plan:ca:1-26-00080-MEN,2026-09-04T00:00:00Z,2026-09-04T09:57:33Z,region,1,,calfire.harvest.proposed,raw/calfire.harvest.proposed/2026/09/20260904T095733Z-48ab3d8e5c31.json,2
calfire.harvest.proposed,plan:ca:1-26-00080-MEN,2026-09-04T00:00:00Z,2026-09-04T09:57:33Z,silviculture,Selection,,calfire.harvest.proposed,raw/calfire.harvest.proposed/2026/09/20260904T095733Z-48ab3d8e5c31.json,2
calfire.harvest.proposed,plan:ca:1-26-00080-MEN,2026-09-04T00:00:00Z,2026-09-04T09:57:33Z,status,Proposed,,calfire.harvest.proposed,raw/calfire.harvest.proposed/2026/09/20260904T095733Z-48ab3d8e5c31.json,2
calfire.harvest.proposed,plan:ca:1-26-00082-HUM,2026-09-04T00:00:00Z,2026-09-04T09:57:33Z,acres,178.92,acres,calfire.harvest.proposed,raw/calfire.harvest.proposed/2026/09/20260904T095733Z-48ab3d8e5c31.json,2
calfire.harvest.proposed,plan:ca:1-26-00082-HUM,2026-09-04T00:00:00Z,2026-09-04T09:57:33Z,polygons,5,count,calfire.harvest.proposed,raw/calfire.harvest.proposed/2026/09/20260904T095733Z-48ab3d8e5c31.json,2
calfire.harvest.proposed,plan:ca:1-26-00082-HUM,2026-09-04T00:00:00Z,2026-09-04T09:57:33Z,region,1,,calfire.harvest.proposed,raw/calfire.harvest.proposed/2026/09/20260904T095733Z-48ab3d8e5c31.json,2
calfire.harvest.proposed,plan:ca:1-26-00082-HUM,2026-09-04T00:00:00Z,2026-09-04T09:57:33Z,silviculture,Clearcut,,calfire.harvest.proposed,raw/calfire.harvest.proposed/2026/09/20260904T095733Z-48ab3d8e5c31.json,2
calfire.harvest.proposed,plan:ca:1-26-00082-HUM,2026-09-04T00:00:00Z,2026-09-04T09:57:33Z,status,Proposed,,calfire.harvest.proposed,raw/calfire.harvest.proposed/2026/09/20260904T095733Z-48ab3d8e5c31.json,2
calfire.harvest.proposed,plan:ca:1-26-00084-HUM,2026-09-04T00:00:00Z,2026-09-04T09:57:33Z,acres,114.8,acres,calfire.harvest.proposed,raw/calfire.harvest.proposed/2026/09/20260904T095733Z-48ab3d8e5c31.json,2
calfire.harvest.proposed,plan:ca:1-26-00084-HUM,2026-09-04T00:00:00Z,2026-09-04T09:57:33Z,polygons,21,count,calfire.harvest.proposed,raw/calfire.harvest.proposed/2026/09/20260904T095733Z-48ab3d8e5c31.json,2
calfire.harvest.proposed,plan:ca:1-26-00084-HUM,2026-09-04T00:00:00Z,2026-09-04T09:57:33Z,region,1,,calfire.harvest.proposed,raw/calfire.harvest.proposed/2026/09/20260904T095733Z-48ab3d8e5c31.json,2
calfire.harvest.proposed,plan:ca:1-26-00084-HUM,2026-09-04T00:00:00Z,2026-09-04T09:57:33Z,silviculture,Selection,,calfire.harvest.proposed,raw/calfire.harvest.proposed/2026/09/20260904T095733Z-48ab3d8e5c31.json,2
calfire.harvest.proposed,plan:ca:1-26-00084-HUM,2026-09-04T00:00:00Z,2026-09-04T09:57:33Z,status,Proposed,,calfire.harvest.proposed,raw/calfire.harvest.proposed/2026/09/20260904T095733Z-48ab3d8e5c31.json,2
calfire.harvest.proposed,plan:ca:1-26-00090-HUM,2026-09-04T00:00:00Z,2026-09-04T09:57:33Z,acres,197.33,acres,calfire.harvest.proposed,raw/calfire.harvest.proposed/2026/09/20260904T095733Z-48ab3d8e5c31.json,2
calfire.harvest.proposed,plan:ca:1-26-00090-HUM,2026-09-04T00:00:00Z,2026-09-04T09:57:33Z,polygons,31,count,calfire.harvest.proposed,raw/calfire.harvest.proposed/2026/09/20260904T095733Z-48ab3d8e5c31.json,2
calfire.harvest.proposed,plan:ca:1-26-00090-HUM,2026-09-04T00:00:00Z,2026-09-04T09:57:33Z,region,1,,calfire.harvest.proposed,raw/calfire.harvest.proposed/2026/09/20260904T095733Z-48ab3d8e5c31.json,2
calfire.harvest.proposed,plan:ca:1-26-00090-HUM,2026-09-04T00:00:00Z,2026-09-04T09:57:33Z,silviculture,Clearcut,,calfire.harvest.proposed,raw/calfire.harvest.proposed/2026/09/20260904T095733Z-48ab3d8e5c31.json,2
calfire.harvest.proposed,plan:ca:1-26-00090-HUM,2026-09-04T00:00:00Z,2026-09-04T09:57:33Z,status,Proposed,,calfire.harvest.proposed,raw/calfire.harvest.proposed/2026/09/20260904T095733Z-48ab3d8e5c31.json,2
calfire.harvest.proposed,plan:ca:1-26-00091-DEL,2026-09-04T00:00:00Z,2026-09-04T09:57:33Z,acres,127.77,acres,calfire.harvest.proposed,raw/calfire.harvest.proposed/2026/09/20260904T095733Z-48ab3d8e5c31.json,2
calfire.harvest.proposed,plan:ca:1-26-00091-DEL,2026-09-04T00:00:00Z,2026-09-04T09:57:33Z,polygons,35,count,calfire.harvest.proposed,raw/calfire.harvest.proposed/2026/09/20260904T095733Z-48ab3d8e5c31.json,2
calfire.harvest.proposed,plan:ca:1-26-00091-DEL,2026-09-04T00:00:00Z,2026-09-04T09:57:33Z,region,1,,calfire.harvest.proposed,raw/calfire.harvest.proposed/2026/09/20260904T095733Z-48ab3d8e5c31.json,2
calfire.harvest.proposed,plan:ca:1-26-00091-DEL,2026-09-04T00:00:00Z,2026-09-04T09:57:33Z,silviculture,Road Right-of-Way,,calfire.harvest.proposed,raw/calfire.harvest.proposed/2026/09/20260904T095733Z-48ab3d8e5c31.json,2
calfire.harvest.proposed,plan:ca:1-26-00091-DEL,2026-09-04T00:00:00Z,2026-09-04T09:57:33Z,status,Proposed,,calfire.harvest.proposed,raw/calfire.harvest.proposed/2026/09/20260904T095733Z-48ab3d8e5c31.json,2
calfire.harvest.proposed,plan:ca:1-26-00099-SON,2026-09-04T00:00:00Z,2026-09-04T09:57:33Z,acres,129.14,acres,calfire.harvest.proposed,raw/calfire.harvest.proposed/2026/09/20260904T095733Z-48ab3d8e5c31.json,2
calfire.harvest.proposed,plan:ca:1-26-00099-SON,2026-09-04T00:00:00Z,2026-09-04T09:57:33Z,polygons,17,count,calfire.harvest.proposed,raw/calfire.harvest.proposed/2026/09/20260904T095733Z-48ab3d8e5c31.json,2
calfire.harvest.proposed,plan:ca:1-26-00099-SON,2026-09-04T00:00:00Z,2026-09-04T09:57:33Z,region,1,,calfire.harvest.proposed,raw/calfire.harvest.proposed/2026/09/20260904T095733Z-48ab3d8e5c31.json,2
calfire.harvest.proposed,plan:ca:1-26-00099-SON,2026-09-04T00:00:00Z,2026-09-04T09:57:33Z,silviculture,Selection,,calfire.harvest.proposed,raw/calfire.harvest.proposed/2026/09/20260904T095733Z-48ab3d8e5c31.json,2
calfire.harvest.proposed,plan:ca:1-26-00099-SON,2026-09-04T00:00:00Z,2026-09-04T09:57:33Z,status,Proposed,,calfire.harvest.proposed,raw/calfire.harvest.proposed/2026/09/20260904T095733Z-48ab3d8e5c31.json,2
calfire.harvest.proposed,plan:ca:1-26-00100-MEN,2026-09-04T00:00:00Z,2026-09-04T09:57:36Z,acres,142.87,acres,calfire.harvest.proposed,raw/calfire.harvest.proposed/2026/09/20260904T095736Z-36eb33bf8131.json,2
calfire.harvest.proposed,plan:ca:1-26-00100-MEN,2026-09-04T00:00:00Z,2026-09-04T09:57:36Z,polygons,23,count,calfire.harvest.proposed,raw/calfire.harvest.proposed/2026/09/20260904T095736Z-36eb33bf8131.json,2
calfire.harvest.proposed,plan:ca:1-26-00100-MEN,2026-09-04T00:00:00Z,2026-09-04T09:57:36Z,region,1,,calfire.harvest.proposed,raw/calfire.harvest.proposed/2026/09/20260904T095736Z-36eb33bf8131.json,2
calfire.harvest.proposed,plan:ca:1-26-00100-MEN,2026-09-04T00:00:00Z,2026-09-04T09:57:36Z,silviculture,Clearcut,,calfire.harvest.proposed,raw/calfire.harvest.proposed/2026/09/20260904T095736Z-36eb33bf8131.json,2
calfire.harvest.proposed,plan:ca:1-26-00100-MEN,2026-09-04T00:00:00Z,2026-09-04T09:57:36Z,status,Proposed,,calfire.harvest.proposed,raw/calfire.harvest.proposed/2026/09/20260904T095736Z-36eb33bf8131.json,2
calfire.harvest.proposed,plan:ca:1-26-00101-MEN,2026-09-04T00:00:00Z,2026-09-04T09:57:36Z,acres,128.7,acres,calfire.harvest.proposed,raw/calfire.harvest.proposed/2026/09/20260904T095736Z-36eb33bf8131.json,2
calfire.harvest.proposed,plan:ca:1-26-00101-MEN,2026-09-04T00:00:00Z,2026-09-04T09:57:36Z,polygons,9,count,calfire.harvest.proposed,raw/calfire.harvest.proposed/2026/09/20260904T095736Z-36eb33bf8131.json,2
calfire.harvest.proposed,plan:ca:1-26-00101-MEN,2026-09-04T00:00:00Z,2026-09-04T09:57:36Z,region,1,,calfire.harvest.proposed,raw/calfire.harvest.proposed/2026/09/20260904T095736Z-36eb33bf8131.json,2
calfire.harvest.proposed,plan:ca:1-26-00101-MEN,2026-09-04T00:00:00Z,2026-09-04T09:57:36Z,silviculture,Variable Retention,,calfire.harvest.proposed,raw/calfire.harvest.proposed/2026/09/20260904T095736Z-36eb33bf8131.json,2
calfire.harvest.proposed,plan:ca:1-26-00101-MEN,2026-09-04T00:00:00Z,2026-09-04T09:57:36Z,status,Proposed,,calfire.harvest.proposed,raw/calfire.harvest.proposed/2026/09/20260904T095736Z-36eb33bf8131.json,2
calfire.harvest.proposed,plan:ca:1-26-00102-HUM,2026-09-04T00:00:00Z,2026-09-04T09:57:36Z,acres,320.92,acres,calfire.harvest.proposed,raw/calfire.harvest.proposed/2026/09/20260904T095736Z-36eb33bf8131.json,2
calfire.harvest.proposed,plan:ca:1-26-00102-HUM,2026-09-04T00:00:00Z,2026-09-04T09:57:36Z,polygons,49,count,calfire.harvest.proposed,raw/calfire.harvest.proposed/2026/09/20260904T095736Z-36eb33bf8131.json,2
calfire.harvest.proposed,plan:ca:1-26-00102-HUM,2026-09-04T00:00:00Z,2026-09-04T09:57:36Z,region,1,,calfire.harvest.proposed,raw/calfire.harvest.proposed/2026/09/20260904T095736Z-36eb33bf8131.json,2
calfire.harvest.proposed,plan:ca:1-26-00102-HUM,2026-09-04T00:00:00Z,2026-09-04T09:57:36Z,silviculture,Selection,,calfire.harvest.proposed,raw/calfire.harvest.proposed/2026/09/20260904T095736Z-36eb33bf8131.json,2
calfire.harvest.proposed,plan:ca:1-26-00102-HUM,2026-09-04T00:00:00Z,2026-09-04T09:57:36Z,status,Proposed,,calfire.harvest.proposed,raw/calfire.harvest.proposed/2026/09/20260904T095736Z-36eb33bf8131.json,2
calfire.harvest.proposed,plan:ca:1-26-00104-HUM,2026-09-04T00:00:00Z,2026-09-04T09:57:36Z,acres,207.1,acres,calfire.harvest.proposed,raw/calfire.harvest.proposed/2026/09/20260904T095736Z-36eb33bf8131.json,2
calfire.harvest.proposed,plan:ca:1-26-00104-HUM,2026-09-04T00:00:00Z,2026-09-04T09:57:36Z,polygons,5,count,calfire.harvest.proposed,raw/calfire.harvest.proposed/2026/09/20260904T095736Z-36eb33bf8131.json,2
calfire.harvest.proposed,plan:ca:1-26-00104-HUM,2026-09-04T00:00:00Z,2026-09-04T09:57:36Z,region,1,,calfire.harvest.proposed,raw/calfire.harvest.proposed/2026/09/20260904T095736Z-36eb33bf8131.json,2
calfire.harvest.proposed,plan:ca:1-26-00104-HUM,2026-09-04T00:00:00Z,2026-09-04T09:57:36Z,silviculture,Group Selection,,calfire.harvest.proposed,raw/calfire.harvest.proposed/2026/09/20260904T095736Z-36eb33bf8131.json,2
calfire.harvest.proposed,plan:ca:1-26-00104-HUM,2026-09-04T00:00:00Z,2026-09-04T09:57:36Z,status,Proposed,,calfire.harvest.proposed,raw/calfire.harvest.proposed/2026/09/20260904T095736Z-36eb33bf8131.json,2
calfire.harvest.proposed,plan:ca:1-26-00105-HUM,2026-09-04T00:00:00Z,2026-09-04T09:57:36Z,acres,280.51,acres,calfire.harvest.proposed,raw/calfire.harvest.proposed/2026/09/20260904T095736Z-36eb33bf8131.json,2
calfire.harvest.proposed,plan:ca:1-26-00105-HUM,2026-09-04T00:00:00Z,2026-09-04T09:57:36Z,polygons,8,count,calfire.harvest.proposed,raw/calfire.harvest.proposed/2026/09/20260904T095736Z-36eb33bf8131.json,2
calfire.harvest.proposed,plan:ca:1-26-00105-HUM,2026-09-04T00:00:00Z,2026-09-04T09:57:36Z,region,1,,calfire.harvest.proposed,raw/calfire.harvest.proposed/2026/09/20260904T095736Z-36eb33bf8131.json,2
calfire.harvest.proposed,plan:ca:1-26-00105-HUM,2026-09-04T00:00:00Z,2026-09-04T09:57:36Z,silviculture,Variable Retention,,calfire.harvest.proposed,raw/calfire.harvest.proposed/2026/09/20260904T095736Z-36eb33bf8131.json,2
calfire.harvest.proposed,plan:ca:1-26-00105-HUM,2026-09-04T00:00:00Z,2026-09-04T09:57:36Z,status,Proposed,,calfire.harvest.proposed,raw/calfire.harvest.proposed/2026/09/20260904T095736Z-36eb33bf8131.json,2
calfire.harvest.proposed,plan:ca:1-26-00106-HUM,2026-09-04T00:00:00Z,2026-09-04T09:57:36Z,acres,360.74,acres,calfire.harvest.proposed,raw/calfire.harvest.proposed/2026/09/20260904T095736Z-36eb33bf8131.json,2
calfire.harvest.proposed,plan:ca:1-26-00106-HUM,2026-09-04T00:00:00Z,2026-09-04T09:57:36Z,polygons,29,count,calfire.harvest.proposed,raw/calfire.harvest.proposed/2026/09/20260904T095736Z-36eb33bf8131.json,2
calfire.harvest.proposed,plan:ca:1-26-00106-HUM,2026-09-04T00:00:00Z,2026-09-04T09:57:36Z,region,1,,calfire.harvest.proposed,raw/calfire.harvest.proposed/2026/09/20260904T095736Z-36eb33bf8131.json,2
calfire.harvest.proposed,plan:ca:1-26-00106-HUM,2026-09-04T00:00:00Z,2026-09-04T09:57:36Z,silviculture,Group Selection,,calfire.harvest.proposed,raw/calfire.harvest.proposed/2026/09/20260904T095736Z-36eb33bf8131.json,2
calfire.harvest.proposed,plan:ca:1-26-00106-HUM,2026-09-04T00:00:00Z,2026-09-04T09:57:36Z,status,Proposed,,calfire.harvest.proposed,raw/calfire.harvest.proposed/2026/09/20260904T095736Z-36eb33bf8131.json,2
calfire.harvest.proposed,plan:ca:1-26-00107-MEN,2026-09-04T00:00:00Z,2026-09-04T09:57:36Z,acres,297.49,acres,calfire.harvest.proposed,raw/calfire.harvest.proposed/2026/09/20260904T095736Z-36eb33bf8131.json,2
calfire.harvest.proposed,plan:ca:1-26-00107-MEN,2026-09-04T00:00:00Z,2026-09-04T09:57:36Z,polygons,8,count,calfire.harvest.proposed,raw/calfire.harvest.proposed/2026/09/20260904T095736Z-36eb33bf8131.json,2
calfire.harvest.proposed,plan:ca:1-26-00107-MEN,2026-09-04T00:00:00Z,2026-09-04T09:57:36Z,region,1,,calfire.harvest.proposed,raw/calfire.harvest.proposed/2026/09/20260904T095736Z-36eb33bf8131.json,2
calfire.harvest.proposed,plan:ca:1-26-00107-MEN,2026-09-04T00:00:00Z,2026-09-04T09:57:36Z,silviculture,Selection,,calfire.harvest.proposed,raw/calfire.harvest.proposed/2026/09/20260904T095736Z-36eb33bf8131.json,2
calfire.harvest.proposed,plan:ca:1-26-00107-MEN,2026-09-04T00:00:00Z,2026-09-04T09:57:36Z,status,Proposed,,calfire.harvest.proposed,raw/calfire.harvest.proposed/2026/09/20260904T095736Z-36eb33bf8131.json,2
calfire.harvest.proposed,plan:ca:1-26-00108-DEL,2026-09-04T00:00:00Z,2026-09-04T09:57:36Z,acres,151.86,acres,calfire.harvest.proposed,raw/calfire.harvest.proposed/2026/09/20260904T095736Z-36eb33bf8131.json,2
calfire.harvest.proposed,plan:ca:1-26-00108-DEL,2026-09-04T00:00:00Z,2026-09-04T09:57:36Z,polygons,22,count,calfire.harvest.proposed,raw/calfire.harvest.proposed/2026/09/20260904T095736Z-36eb33bf8131.json,2
calfire.harvest.proposed,plan:ca:1-26-00108-DEL,2026-09-04T00:00:00Z,2026-09-04T09:57:36Z,region,1,,calfire.harvest.proposed,raw/calfire.harvest.proposed/2026/09/20260904T095736Z-36eb33bf8131.json,2
calfire.harvest.proposed,plan:ca:1-26-00108-DEL,2026-09-04T00:00:00Z,2026-09-04T09:57:36Z,silviculture,Clearcut,,calfire.harvest.proposed,raw/calfire.harvest.proposed/2026/09/20260904T095736Z-36eb33bf8131.json,2
calfire.harvest.proposed,plan:ca:1-26-00108-DEL,2026-09-04T00:00:00Z,2026-09-04T09:57:36Z,status,Proposed,,calfire.harvest.proposed,raw/calfire.harvest.proposed/2026/09/20260904T095736Z-36eb33bf8131.json,2
calfire.harvest.proposed,plan:ca:1-26-00110-HUM,2026-09-04T00:00:00Z,2026-09-04T09:57:36Z,acres,145.64,acres,calfire.harvest.proposed,raw/calfire.harvest.proposed/2026/09/20260904T095736Z-36eb33bf8131.json,2
calfire.harvest.proposed,plan:ca:1-26-00110-HUM,2026-09-04T00:00:00Z,2026-09-04T09:57:36Z,polygons,34,count,calfire.harvest.proposed,raw/calfire.harvest.proposed/2026/09/20260904T095736Z-36eb33bf8131.json,2
calfire.harvest.proposed,plan:ca:1-26-00110-HUM,2026-09-04T00:00:00Z,2026-09-04T09:57:36Z,region,1,,calfire.harvest.proposed,raw/calfire.harvest.proposed/2026/09/20260904T095736Z-36eb33bf8131.json,2
calfire.harvest.proposed,plan:ca:1-26-00110-HUM,2026-09-04T00:00:00Z,2026-09-04T09:57:36Z,silviculture,Clearcut,,calfire.harvest.proposed,raw/calfire.harvest.proposed/2026/09/20260904T095736Z-36eb33bf8131.json,2
calfire.harvest.proposed,plan:ca:1-26-00110-HUM,2026-09-04T00:00:00Z,2026-09-04T09:57:36Z,status,Proposed,,calfire.harvest.proposed,raw/calfire.harvest.proposed/2026/09/20260904T095736Z-36eb33bf8131.json,2
calfire.harvest.proposed,plan:ca:1-26-00113-HUM,2026-09-04T00:00:00Z,2026-09-04T09:57:36Z,acres,268.08,acres,calfire.harvest.proposed,raw/calfire.harvest.proposed/2026/09/20260904T095736Z-36eb33bf8131.json,2
calfire.harvest.proposed,plan:ca:1-26-00113-HUM,2026-09-04T00:00:00Z,2026-09-04T09:57:36Z,polygons,33,count,calfire.harvest.proposed,raw/calfire.harvest.proposed/2026/09/20260904T095736Z-36eb33bf8131.json,2
calfire.harvest.proposed,plan:ca:1-26-00113-HUM,2026-09-04T00:00:00Z,2026-09-04T09:57:36Z,region,1,,calfire.harvest.proposed,raw/calfire.harvest.proposed/2026/09/20260904T095736Z-36eb33bf8131.json,2
calfire.harvest.proposed,plan:ca:1-26-00113-HUM,2026-09-04T00:00:00Z,2026-09-04T09:57:36Z,silviculture,Clearcut,,calfire.harvest.proposed,raw/calfire.harvest.proposed/2026/09/20260904T095736Z-36eb33bf8131.json,2
calfire.harvest.proposed,plan:ca:1-26-00113-HUM,2026-09-04T00:00:00Z,2026-09-04T09:57:36Z,status,Proposed,,calfire.harvest.proposed,raw/calfire.harvest.proposed/2026/09/20260904T095736Z-36eb33bf8131.json,2
calfire.harvest.proposed,plan:ca:1-26-00114-HUM,2026-09-04T00:00:00Z,2026-09-04T09:57:36Z,acres,191.04,acres,calfire.harvest.proposed,raw/calfire.harvest.proposed/2026/09/20260904T095736Z-36eb33bf8131.json,2
calfire.harvest.proposed,plan:ca:1-26-00114-HUM,2026-09-04T00:00:00Z,2026-09-04T09:57:36Z,polygons,20,count,calfire.harvest.proposed,raw/calfire.harvest.proposed/2026/09/20260904T095736Z-36eb33bf8131.json,2
calfire.harvest.proposed,plan:ca:1-26-00114-HUM,2026-09-04T00:00:00Z,2026-09-04T09:57:36Z,region,1,,calfire.harvest.proposed,raw/calfire.harvest.proposed/2026/09/20260904T095736Z-36eb33bf8131.json,2
calfire.harvest.proposed,plan:ca:1-26-00114-HUM,2026-09-04T00:00:00Z,2026-09-04T09:57:36Z,silviculture,Variable Retention,,calfire.harvest.proposed,raw/calfire.harvest.proposed/2026/09/20260904T095736Z-36eb33bf8131.json,2
calfire.harvest.proposed,plan:ca:1-26-00114-HUM,2026-09-04T00:00:00Z,2026-09-04T09:57:36Z,status,Proposed,,calfire.harvest.proposed,raw/calfire.harvest.proposed/2026/09/20260904T095736Z-36eb33bf8131.json,2
calfire.harvest.proposed,plan:ca:1-26-00115-HUM,2026-09-04T00:00:00Z,2026-09-04T09:57:36Z,acres,9.1,acres,calfire.harvest.proposed,raw/calfire.harvest.proposed/2026/09/20260904T095736Z-36eb33bf8131.json,2
calfire.harvest.proposed,plan:ca:1-26-00115-HUM,2026-09-04T00:00:00Z,2026-09-04T09:57:36Z,polygons,1,count,calfire.harvest.proposed,raw/calfire.harvest.proposed/2026/09/20260904T095736Z-36eb33bf8131.json,2
calfire.harvest.proposed,plan:ca:1-26-00115-HUM,2026-09-04T00:00:00Z,2026-09-04T09:57:36Z,silviculture,Conversion,,calfire.harvest.proposed,raw/calfire.harvest.proposed/2026/09/20260904T095736Z-36eb33bf8131.json,2
calfire.harvest.proposed,plan:ca:1-26-00115-HUM,2026-09-04T00:00:00Z,2026-09-04T09:57:36Z,status,Proposed,,calfire.harvest.proposed,raw/calfire.harvest.proposed/2026/09/20260904T095736Z-36eb33bf8131.json,2
calfire.harvest.proposed,plan:ca:1-26-00116-DEL,2026-09-04T00:00:00Z,2026-09-04T09:57:36Z,acres,124.85,acres,calfire.harvest.proposed,raw/calfire.harvest.proposed/2026/09/20260904T095736Z-36eb33bf8131.json,2
calfire.harvest.proposed,plan:ca:1-26-00116-DEL,2026-09-04T00:00:00Z,2026-09-04T09:57:36Z,polygons,16,count,calfire.harvest.proposed,raw/calfire.harvest.proposed/2026/09/20260904T095736Z-36eb33bf8131.json,2
calfire.harvest.proposed,plan:ca:1-26-00116-DEL,2026-09-04T00:00:00Z,2026-09-04T09:57:36Z,region,1,,calfire.harvest.proposed,raw/calfire.harvest.proposed/2026/09/20260904T095736Z-36eb33bf8131.json,2
calfire.harvest.proposed,plan:ca:1-26-00116-DEL,2026-09-04T00:00:00Z,2026-09-04T09:57:36Z,silviculture,Clearcut,,calfire.harvest.proposed,raw/calfire.harvest.proposed/2026/09/20260904T095736Z-36eb33bf8131.json,2
calfire.harvest.proposed,plan:ca:1-26-00116-DEL,2026-09-04T00:00:00Z,2026-09-04T09:57:36Z,status,Proposed,,calfire.harvest.proposed,raw/calfire.harvest.proposed/2026/09/20260904T095736Z-36eb33bf8131.json,2
calfire.harvest.proposed,plan:ca:1-26-00118-HUM,2026-09-04T00:00:00Z,2026-09-04T09:57:36Z,acres,137.51,acres,calfire.harvest.proposed,raw/calfire.harvest.proposed/2026/09/20260904T095736Z-36eb33bf8131.json,2
calfire.harvest.proposed,plan:ca:1-26-00118-HUM,2026-09-04T00:00:00Z,2026-09-04T09:57:36Z,polygons,18,count,calfire.harvest.proposed,raw/calfire.harvest.proposed/2026/09/20260904T095736Z-36eb33bf8131.json,2
calfire.harvest.proposed,plan:ca:1-26-00118-HUM,2026-09-04T00:00:00Z,2026-09-04T09:57:36Z,region,1,,calfire.harvest.proposed,raw/calfire.harvest.proposed/2026/09/20260904T095736Z-36eb33bf8131.json,2
calfire.harvest.proposed,plan:ca:1-26-00118-HUM,2026-09-04T00:00:00Z,2026-09-04T09:57:36Z,silviculture,Group Selection,,calfire.harvest.proposed,raw/calfire.harvest.proposed/2026/09/20260904T095736Z-36eb33bf8131.json,2
calfire.harvest.proposed,plan:ca:1-26-00118-HUM,2026-09-04T00:00:00Z,2026-09-04T09:57:36Z,status,Proposed,,calfire.harvest.proposed,raw/calfire.harvest.proposed/2026/09/20260904T095736Z-36eb33bf8131.json,2
calfire.harvest.proposed,plan:ca:1-26-00120-DEL,2026-09-04T00:00:00Z,2026-09-04T09:57:36Z,acres,18.8,acres,calfire.harvest.proposed,raw/calfire.harvest.proposed/2026/09/20260904T095736Z-36eb33bf8131.json,2
calfire.harvest.proposed,plan:ca:1-26-00120-DEL,2026-09-04T00:00:00Z,2026-09-04T09:57:36Z,polygons,1,count,calfire.harvest.proposed,raw/calfire.harvest.proposed/2026/09/20260904T095736Z-36eb33bf8131.json,2
calfire.harvest.proposed,plan:ca:1-26-00120-DEL,2026-09-04T00:00:00Z,2026-09-04T09:57:36Z,region,1,,calfire.harvest.proposed,raw/calfire.harvest.proposed/2026/09/20260904T095736Z-36eb33bf8131.json,2
calfire.harvest.proposed,plan:ca:1-26-00120-DEL,2026-09-04T00:00:00Z,2026-09-04T09:57:36Z,silviculture,Group Selection,,calfire.harvest.proposed,raw/calfire.harvest.proposed/2026/09/20260904T095736Z-36eb33bf8131.json,2
calfire.harvest.proposed,plan:ca:1-26-00120-DEL,2026-09-04T00:00:00Z,2026-09-04T09:57:36Z,status,Proposed,,calfire.harvest.proposed,raw/calfire.harvest.proposed/2026/09/20260904T095736Z-36eb33bf8131.json,2
calfire.harvest.proposed,plan:ca:1-26NTMP-00001-SCR,2026-09-04T00:00:00Z,2026-09-04T09:57:38Z,acres,250.0,acres,calfire.harvest.proposed,raw/calfire.harvest.proposed/2026/09/20260904T095738Z-244b94f6848e.json,2
calfire.harvest.proposed,plan:ca:1-26NTMP-00001-SCR,2026-09-04T00:00:00Z,2026-09-04T09:57:38Z,polygons,16,count,calfire.harvest.proposed,raw/calfire.harvest.proposed/2026/09/20260904T095738Z-244b94f6848e.json,2
calfire.harvest.proposed,plan:ca:1-26NTMP-00001-SCR,2026-09-04T00:00:00Z,2026-09-04T09:57:38Z,region,1,,calfire.harvest.proposed,raw/calfire.harvest.proposed/2026/09/20260904T095738Z-244b94f6848e.json,2
calfire.harvest.proposed,plan:ca:1-26NTMP-00001-SCR,2026-09-04T00:00:00Z,2026-09-04T09:57:38Z,silviculture,Selection,,calfire.harvest.proposed,raw/calfire.harvest.proposed/2026/09/20260904T095738Z-244b94f6848e.json,2
calfire.harvest.proposed,plan:ca:1-26NTMP-00001-SCR,2026-09-04T00:00:00Z,2026-09-04T09:57:38Z,status,Proposed,,calfire.harvest.proposed,raw/calfire.harvest.proposed/2026/09/20260904T095738Z-244b94f6848e.json,2
calfire.harvest.proposed,plan:ca:1-26NTMP-00002-MEN,2026-09-04T00:00:00Z,2026-09-04T09:57:38Z,acres,234.85,acres,calfire.harvest.proposed,raw/calfire.harvest.proposed/2026/09/20260904T095738Z-244b94f6848e.json,2
calfire.harvest.proposed,plan:ca:1-26NTMP-00002-MEN,2026-09-04T00:00:00Z,2026-09-04T09:57:38Z,polygons,12,count,calfire.harvest.proposed,raw/calfire.harvest.proposed/2026/09/20260904T095738Z-244b94f6848e.json,2
calfire.harvest.proposed,plan:ca:1-26NTMP-00002-MEN,2026-09-04T00:00:00Z,2026-09-04T09:57:38Z,region,1,,calfire.harvest.proposed,raw/calfire.harvest.proposed/2026/09/20260904T095738Z-244b94f6848e.json,2
calfire.harvest.proposed,plan:ca:1-26NTMP-00002-MEN,2026-09-04T00:00:00Z,2026-09-04T09:57:38Z,silviculture,Group Selection,,calfire.harvest.proposed,raw/calfire.harvest.proposed/2026/09/20260904T095738Z-244b94f6848e.json,2
calfire.harvest.proposed,plan:ca:1-26NTMP-00002-MEN,2026-09-04T00:00:00Z,2026-09-04T09:57:38Z,status,Proposed,,calfire.harvest.proposed,raw/calfire.harvest.proposed/2026/09/20260904T095738Z-244b94f6848e.json,2
calfire.harvest.proposed,plan:ca:1-26NTMP-00003-SON,2026-09-04T00:00:00Z,2026-09-04T09:57:38Z,acres,1098.73,acres,calfire.harvest.proposed,raw/calfire.harvest.proposed/2026/09/20260904T095738Z-244b94f6848e.json,2
calfire.harvest.proposed,plan:ca:1-26NTMP-00003-SON,2026-09-04T00:00:00Z,2026-09-04T09:57:38Z,polygons,13,count,calfire.harvest.proposed,raw/calfire.harvest.proposed/2026/09/20260904T095738Z-244b94f6848e.json,2
calfire.harvest.proposed,plan:ca:1-26NTMP-00003-SON,2026-09-04T00:00:00Z,2026-09-04T09:57:38Z,region,1,,calfire.harvest.proposed,raw/calfire.harvest.proposed/2026/09/20260904T095738Z-244b94f6848e.json,2
calfire.harvest.proposed,plan:ca:1-26NTMP-00003-SON,2026-09-04T00:00:00Z,2026-09-04T09:57:38Z,silviculture,Selection,,calfire.harvest.proposed,raw/calfire.harvest.proposed/2026/09/20260904T095738Z-244b94f6848e.json,2
calfire.harvest.proposed,plan:ca:1-26NTMP-00003-SON,2026-09-04T00:00:00Z,2026-09-04T09:57:38Z,status,Proposed,,calfire.harvest.proposed,raw/calfire.harvest.proposed/2026/09/20260904T095738Z-244b94f6848e.json,2
calfire.harvest.proposed,plan:ca:1-94NTMP-007-MEN-DEV24,2026-09-04T00:00:00Z,2026-09-04T09:57:38Z,acres,184.37,acres,calfire.harvest.proposed,raw/calfire.harvest.proposed/2026/09/20260904T095738Z-244b94f6848e.json,2
calfire.harvest.proposed,plan:ca:1-94NTMP-007-MEN-DEV24,2026-09-04T00:00:00Z,2026-09-04T09:57:38Z,polygons,2,count,calfire.harvest.proposed,raw/calfire.harvest.proposed/2026/09/20260904T095738Z-244b94f6848e.json,2
calfire.harvest.proposed,plan:ca:1-94NTMP-007-MEN-DEV24,2026-09-04T00:00:00Z,2026-09-04T09:57:38Z,region,1,,calfire.harvest.proposed,raw/calfire.harvest.proposed/2026/09/20260904T095738Z-244b94f6848e.json,2
calfire.harvest.proposed,plan:ca:1-94NTMP-007-MEN-DEV24,2026-09-04T00:00:00Z,2026-09-04T09:57:38Z,silviculture,Selection,,calfire.harvest.proposed,raw/calfire.harvest.proposed/2026/09/20260904T095738Z-244b94f6848e.json,2
calfire.harvest.proposed,plan:ca:1-94NTMP-007-MEN-DEV24,2026-09-04T00:00:00Z,2026-09-04T09:57:38Z,status,Proposed,,calfire.harvest.proposed,raw/calfire.harvest.proposed/2026/09/20260904T095738Z-244b94f6848e.json,2
calfire.harvest.proposed,plan:ca:2-16-021-SIS,2026-09-04T00:00:00Z,2026-09-04T09:57:40Z,acres,894.1,acres,calfire.harvest.proposed,raw/calfire.harvest.proposed/2026/09/20260904T095740Z-1f534d41b273.json,2
calfire.harvest.proposed,plan:ca:2-16-021-SIS,2026-09-04T00:00:00Z,2026-09-04T09:57:40Z,polygons,1,count,calfire.harvest.proposed,raw/calfire.harvest.proposed/2026/09/20260904T095740Z-1f534d41b273.json,2
calfire.harvest.proposed,plan:ca:2-16-021-SIS,2026-09-04T00:00:00Z,2026-09-04T09:57:40Z,region,2,,calfire.harvest.proposed,raw/calfire.harvest.proposed/2026/09/20260904T095740Z-1f534d41b273.json,2
calfire.harvest.proposed,plan:ca:2-16-021-SIS,2026-09-04T00:00:00Z,2026-09-04T09:57:40Z,silviculture,Alternative Prescription,,calfire.harvest.proposed,raw/calfire.harvest.proposed/2026/09/20260904T095740Z-1f534d41b273.json,2
calfire.harvest.proposed,plan:ca:2-16-021-SIS,2026-09-04T00:00:00Z,2026-09-04T09:57:40Z,status,Withdrawn,,calfire.harvest.proposed,raw/calfire.harvest.proposed/2026/09/20260904T095740Z-1f534d41b273.json,2
calfire.harvest.proposed,plan:ca:2-16-044-BUT,2026-09-04T00:00:00Z,2026-09-04T09:57:40Z,acres,127.3,acres,calfire.harvest.proposed,raw/calfire.harvest.proposed/2026/09/20260904T095740Z-1f534d41b273.json,2
calfire.harvest.proposed,plan:ca:2-16-044-BUT,2026-09-04T00:00:00Z,2026-09-04T09:57:40Z,polygons,4,count,calfire.harvest.proposed,raw/calfire.harvest.proposed/2026/09/20260904T095740Z-1f534d41b273.json,2
calfire.harvest.proposed,plan:ca:2-16-044-BUT,2026-09-04T00:00:00Z,2026-09-04T09:57:40Z,region,2,,calfire.harvest.proposed,raw/calfire.harvest.proposed/2026/09/20260904T095740Z-1f534d41b273.json,2
calfire.harvest.proposed,plan:ca:2-16-044-BUT,2026-09-04T00:00:00Z,2026-09-04T09:57:40Z,silviculture,Shelterwood Removal Step,,calfire.harvest.proposed,raw/calfire.harvest.proposed/2026/09/20260904T095740Z-1f534d41b273.json,2
calfire.harvest.proposed,plan:ca:2-16-044-BUT,2026-09-04T00:00:00Z,2026-09-04T09:57:40Z,status,Withdrawn,,calfire.harvest.proposed,raw/calfire.harvest.proposed/2026/09/20260904T095740Z-1f534d41b273.json,2
calfire.harvest.proposed,plan:ca:2-16-089-PLU,2026-09-04T00:00:00Z,2026-09-04T09:57:40Z,acres,300.7,acres,calfire.harvest.proposed,raw/calfire.harvest.proposed/2026/09/20260904T095740Z-1f534d41b273.json,2
calfire.harvest.proposed,plan:ca:2-16-089-PLU,2026-09-04T00:00:00Z,2026-09-04T09:57:40Z,polygons,15,count,calfire.harvest.proposed,raw/calfire.harvest.proposed/2026/09/20260904T095740Z-1f534d41b273.json,2
calfire.harvest.proposed,plan:ca:2-16-089-PLU,2026-09-04T00:00:00Z,2026-09-04T09:57:40Z,region,2,,calfire.harvest.proposed,raw/calfire.harvest.proposed/2026/09/20260904T095740Z-1f534d41b273.json,2
calfire.harvest.proposed,plan:ca:2-16-089-PLU,2026-09-04T00:00:00Z,2026-09-04T09:57:40Z,silviculture,Selection,,calfire.harvest.proposed,raw/calfire.harvest.proposed/2026/09/20260904T095740Z-1f534d41b273.json,2
calfire.harvest.proposed,plan:ca:2-16-089-PLU,2026-09-04T00:00:00Z,2026-09-04T09:57:40Z,status,Withdrawn,,calfire.harvest.proposed,raw/calfire.harvest.proposed/2026/09/20260904T095740Z-1f534d41b273.json,2
calfire.harvest.proposed,plan:ca:2-17-052-PLA,2026-09-04T00:00:00Z,2026-09-04T09:57:40Z,acres,322.82,acres,calfire.harvest.proposed,raw/calfire.harvest.proposed/2026/09/20260904T095740Z-1f534d41b273.json,2
calfire.harvest.proposed,plan:ca:2-17-052-PLA,2026-09-04T00:00:00Z,2026-09-04T09:57:40Z,polygons,4,count,calfire.harvest.proposed,raw/calfire.harvest.proposed/2026/09/20260904T095740Z-1f534d41b273.json,2
calfire.harvest.proposed,plan:ca:2-17-052-PLA,2026-09-04T00:00:00Z,2026-09-04T09:57:40Z,region,2,,calfire.harvest.proposed,raw/calfire.harvest.proposed/2026/09/20260904T095740Z-1f534d41b273.json,2
calfire.harvest.proposed,plan:ca:2-17-052-PLA,2026-09-04T00:00:00Z,2026-09-04T09:57:40Z,silviculture,Alternative Prescription,,calfire.harvest.proposed,raw/calfire.harvest.proposed/2026/09/20260904T095740Z-1f534d41b273.json,2
calfire.harvest.proposed,plan:ca:2-17-052-PLA,2026-09-04T00:00:00Z,2026-09-04T09:57:40Z,status,Withdrawn,,calfire.harvest.proposed,raw/calfire.harvest.proposed/2026/09/20260904T095740Z-1f534d41b273.json,2
calfire.harvest.proposed,plan:ca:2-17-057-SIS,2026-09-04T00:00:00Z,2026-09-04T09:57:40Z,acres,1547.72,acres,calfire.harvest.proposed,raw/calfire.harvest.proposed/2026/09/20260904T095740Z-1f534d41b273.json,2
calfire.harvest.proposed,plan:ca:2-17-057-SIS,2026-09-04T00:00:00Z,2026-09-04T09:57:40Z,polygons,39,count,calfire.harvest.proposed,raw/calfire.harvest.proposed/2026/09/20260904T095740Z-1f534d41b273.json,2
calfire.harvest.proposed,plan:ca:2-17-057-SIS,2026-09-04T00:00:00Z,2026-09-04T09:57:40Z,region,2,,calfire.harvest.proposed,raw/calfire.harvest.proposed/2026/09/20260904T095740Z-1f534d41b273.json,2
calfire.harvest.proposed,plan:ca:2-17-057-SIS,2026-09-04T00:00:00Z,2026-09-04T09:57:40Z,silviculture,Sanitation Salvage,,calfire.harvest.proposed,raw/calfire.harvest.proposed/2026/09/20260904T095740Z-1f534d41b273.json,2
calfire.harvest.proposed,plan:ca:2-17-057-SIS,2026-09-04T00:00:00Z,2026-09-04T09:57:40Z,status,Withdrawn,,calfire.harvest.proposed,raw/calfire.harvest.proposed/2026/09/20260904T095740Z-1f534d41b273.json,2
calfire.harvest.proposed,plan:ca:2-17-070-SHA,2026-09-04T00:00:00Z,2026-09-04T09:57:40Z,acres,963.68,acres,calfire.harvest.proposed,raw/calfire.harvest.proposed/2026/09/20260904T095740Z-1f534d41b273.json,2
calfire.harvest.proposed,plan:ca:2-17-070-SHA,2026-09-04T00:00:00Z,2026-09-04T09:57:40Z,polygons,51,count,calfire.harvest.proposed,raw/calfire.harvest.proposed/2026/09/20260904T095740Z-1f534d41b273.json,2
calfire.harvest.proposed,plan:ca:2-17-070-SHA,2026-09-04T00:00:00Z,2026-09-04T09:57:40Z,region,2,,calfire.harvest.proposed,raw/calfire.harvest.proposed/2026/09/20260904T095740Z-1f534d41b273.json,2
calfire.harvest.proposed,plan:ca:2-17-070-SHA,2026-09-04T00:00:00Z,2026-09-04T09:57:40Z,silviculture,Clearcut,,calfire.harvest.proposed,raw/calfire.harvest.proposed/2026/09/20260904T095740Z-1f534d41b273.json,2
calfire.harvest.proposed,plan:ca:2-17-070-SHA,2026-09-04T00:00:00Z,2026-09-04T09:57:40Z,status,Withdrawn,,calfire.harvest.proposed,raw/calfire.harvest.proposed/2026/09/20260904T095740Z-1f534d41b273.json,2
calfire.harvest.proposed,plan:ca:2-17-075-PLU,2026-09-04T00:00:00Z,2026-09-04T09:57:40Z,acres,458.13,acres,calfire.harvest.proposed,raw/calfire.harvest.proposed/2026/09/20260904T095740Z-1f534d41b273.json,2
calfire.harvest.proposed,plan:ca:2-17-075-PLU,2026-09-04T00:00:00Z,2026-09-04T09:57:40Z,polygons,25,count,calfire.harvest.proposed,raw/calfire.harvest.proposed/2026/09/20260904T095740Z-1f534d41b273.json,2
calfire.harvest.proposed,plan:ca:2-17-075-PLU,2026-09-04T00:00:00Z,2026-09-04T09:57:40Z,region,2,,calfire.harvest.proposed,raw/calfire.harvest.proposed/2026/09/20260904T095740Z-1f534d41b273.json,2
calfire.harvest.proposed,plan:ca:2-17-075-PLU,2026-09-04T00:00:00Z,2026-09-04T09:57:40Z,silviculture,Clearcut,,calfire.harvest.proposed,raw/calfire.harvest.proposed/2026/09/20260904T095740Z-1f534d41b273.json,2
calfire.harvest.proposed,plan:ca:2-17-075-PLU,2026-09-04T00:00:00Z,2026-09-04T09:57:40Z,status,Withdrawn,,calfire.harvest.proposed,raw/calfire.harvest.proposed/2026/09/20260904T095740Z-1f534d41b273.json,2
calfire.harvest.proposed,plan:ca:2-17-078-SHA,2026-09-04T00:00:00Z,2026-09-04T09:57:40Z,acres,1204.6,acres,calfire.harvest.proposed,raw/calfire.harvest.proposed/2026/09/20260904T095740Z-1f534d41b273.json,2
calfire.harvest.proposed,plan:ca:2-17-078-SHA,2026-09-04T00:00:00Z,2026-09-04T09:57:40Z,polygons,7,count,calfire.harvest.proposed,raw/calfire.harvest.proposed/2026/09/20260904T095740Z-1f534d41b273.json,2
calfire.harvest.proposed,plan:ca:2-17-078-SHA,2026-09-04T00:00:00Z,2026-09-04T09:57:40Z,region,2,,calfire.harvest.proposed,raw/calfire.harvest.proposed/2026/09/20260904T095740Z-1f534d41b273.json,2
calfire.harvest.proposed,plan:ca:2-17-078-SHA,2026-09-04T00:00:00Z,2026-09-04T09:57:40Z,silviculture,Selection,,calfire.harvest.proposed,raw/calfire.harvest.proposed/2026/09/20260904T095740Z-1f534d41b273.json,2
calfire.harvest.proposed,plan:ca:2-17-078-SHA,2026-09-04T00:00:00Z,2026-09-04T09:57:40Z,status,Withdrawn,,calfire.harvest.proposed,raw/calfire.harvest.proposed/2026/09/20260904T095740Z-1f534d41b273.json,2
calfire.harvest.proposed,plan:ca:2-19-00067-TEH,2026-09-04T00:00:00Z,2026-09-04T09:57:40Z,acres,399.25,acres,calfire.harvest.proposed,raw/calfire.harvest.proposed/2026/09/20260904T095740Z-1f534d41b273.json,2
calfire.harvest.proposed,plan:ca:2-19-00067-TEH,2026-09-04T00:00:00Z,2026-09-04T09:57:40Z,polygons,20,count,calfire.harvest.proposed,raw/calfire.harvest.proposed/2026/09/20260904T095740Z-1f534d41b273.json,2
calfire.harvest.proposed,plan:ca:2-19-00067-TEH,2026-09-04T00:00:00Z,2026-09-04T09:57:40Z,region,2,,calfire.harvest.proposed,raw/calfire.harvest.proposed/2026/09/20260904T095740Z-1f534d41b273.json,2
calfire.harvest.proposed,plan:ca:2-19-00067-TEH,2026-09-04T00:00:00Z,2026-09-04T09:57:40Z,silviculture,Clearcut,,calfire.harvest.proposed,raw/calfire.harvest.proposed/2026/09/20260904T095740Z-1f534d41b273.json,2
calfire.harvest.proposed,plan:ca:2-19-00067-TEH,2026-09-04T00:00:00Z,2026-09-04T09:57:40Z,status,Withdrawn,,calfire.harvest.proposed,raw/calfire.harvest.proposed/2026/09/20260904T095740Z-1f534d41b273.json,2
calfire.harvest.proposed,plan:ca:2-19-00172-PLU,2026-09-04T00:00:00Z,2026-09-04T09:57:40Z,acres,190.31,acres,calfire.harvest.proposed,raw/calfire.harvest.proposed/2026/09/20260904T095740Z-1f534d41b273.json,2
calfire.harvest.proposed,plan:ca:2-19-00172-PLU,2026-09-04T00:00:00Z,2026-09-04T09:57:40Z,polygons,14,count,calfire.harvest.proposed,raw/calfire.harvest.proposed/2026/09/20260904T095740Z-1f534d41b273.json,2
calfire.harvest.proposed,plan:ca:2-19-00172-PLU,2026-09-04T00:00:00Z,2026-09-04T09:57:40Z,region,2,,calfire.harvest.proposed,raw/calfire.harvest.proposed/2026/09/20260904T095740Z-1f534d41b273.json,2
calfire.harvest.proposed,plan:ca:2-19-00172-PLU,2026-09-04T00:00:00Z,2026-09-04T09:57:40Z,silviculture,Road Right of Way,,calfire.harvest.proposed,raw/calfire.harvest.proposed/2026/09/20260904T095740Z-1f534d41b273.json,2
calfire.harvest.proposed,plan:ca:2-19-00172-PLU,2026-09-04T00:00:00Z,2026-09-04T09:57:40Z,status,Withdrawn,,calfire.harvest.proposed,raw/calfire.harvest.proposed/2026/09/20260904T095740Z-1f534d41b273.json,2
calfire.harvest.proposed,plan:ca:2-19-00213-SHA,2026-09-04T00:00:00Z,2026-09-04T09:57:40Z,acres,24.65,acres,calfire.harvest.proposed,raw/calfire.harvest.proposed/2026/09/20260904T095740Z-1f534d41b273.json,2
calfire.harvest.proposed,plan:ca:2-19-00213-SHA,2026-09-04T00:00:00Z,2026-09-04T09:57:40Z,polygons,1,count,calfire.harvest.proposed,raw/calfire.harvest.proposed/2026/09/20260904T095740Z-1f534d41b273.json,2
calfire.harvest.proposed,plan:ca:2-19-00213-SHA,2026-09-04T00:00:00Z,2026-09-04T09:57:40Z,region,2,,calfire.harvest.proposed,raw/calfire.harvest.proposed/2026/09/20260904T095740Z-1f534d41b273.json,2
calfire.harvest.proposed,plan:ca:2-19-00213-SHA,2026-09-04T00:00:00Z,2026-09-04T09:57:40Z,silviculture,Group Selection,,calfire.harvest.proposed,raw/calfire.harvest.proposed/2026/09/20260904T095740Z-1f534d41b273.json,2
calfire.harvest.proposed,plan:ca:2-19-00213-SHA,2026-09-04T00:00:00Z,2026-09-04T09:57:40Z,status,Withdrawn,,calfire.harvest.proposed,raw/calfire.harvest.proposed/2026/09/20260904T095740Z-1f534d41b273.json,2
calfire.harvest.proposed,plan:ca:2-19-00223-LAS,2026-09-04T00:00:00Z,2026-09-04T09:57:40Z,acres,667.12,acres,calfire.harvest.proposed,raw/calfire.harvest.proposed/2026/09/20260904T095740Z-1f534d41b273.json,2
calfire.harvest.proposed,plan:ca:2-19-00223-LAS,2026-09-04T00:00:00Z,2026-09-04T09:57:40Z,polygons,34,count,calfire.harvest.proposed,raw/calfire.harvest.proposed/2026/09/20260904T095740Z-1f534d41b273.json,2
calfire.harvest.proposed,plan:ca:2-19-00223-LAS,2026-09-04T00:00:00Z,2026-09-04T09:57:40Z,region,2,,calfire.harvest.proposed,raw/calfire.harvest.proposed/2026/09/20260904T095740Z-1f534d41b273.json,2
calfire.harvest.proposed,plan:ca:2-19-00223-LAS,2026-09-04T00:00:00Z,2026-09-04T09:57:40Z,silviculture,Clearcut,,calfire.harvest.proposed,raw/calfire.harvest.proposed/2026/09/20260904T095740Z-1f534d41b273.json,2
calfire.harvest.proposed,plan:ca:2-19-00223-LAS,2026-09-04T00:00:00Z,2026-09-04T09:57:40Z,status,Withdrawn,,calfire.harvest.proposed,raw/calfire.harvest.proposed/2026/09/20260904T095740Z-1f534d41b273.json,2
calfire.harvest.proposed,plan:ca:2-19NTMP-00001-PLA,2026-09-04T00:00:00Z,2026-09-04T09:57:40Z,acres,516.69,acres,calfire.harvest.proposed,raw/calfire.harvest.proposed/2026/09/20260904T095740Z-1f534d41b273.json,2
calfire.harvest.proposed,plan:ca:2-19NTMP-00001-PLA,2026-09-04T00:00:00Z,2026-09-04T09:57:40Z,polygons,7,count,calfire.harvest.proposed,raw/calfire.harvest.proposed/2026/09/20260904T095740Z-1f534d41b273.json,2
calfire.harvest.proposed,plan:ca:2-19NTMP-00001-PLA,2026-09-04T00:00:00Z,2026-09-04T09:57:40Z,region,2,,calfire.harvest.proposed,raw/calfire.harvest.proposed/2026/09/20260904T095740Z-1f534d41b273.json,2
calfire.harvest.proposed,plan:ca:2-19NTMP-00001-PLA,2026-09-04T00:00:00Z,2026-09-04T09:57:40Z,silviculture,Commercial Thin,,calfire.harvest.proposed,raw/calfire.harvest.proposed/2026/09/20260904T095740Z-1f534d41b273.json,2
calfire.harvest.proposed,plan:ca:2-19NTMP-00001-PLA,2026-09-04T00:00:00Z,2026-09-04T09:57:40Z,status,Withdrawn,,calfire.harvest.proposed,raw/calfire.harvest.proposed/2026/09/20260904T095740Z-1f534d41b273.json,2
calfire.harvest.proposed,plan:ca:2-20-00032-YUB,2026-09-04T00:00:00Z,2026-09-04T09:57:42Z,acres,25.01,acres,calfire.harvest.proposed,raw/calfire.harvest.proposed/2026/09/20260904T095742Z-49044e565021.json,2
calfire.harvest.proposed,plan:ca:2-20-00032-YUB,2026-09-04T00:00:00Z,2026-09-04T09:57:42Z,polygons,4,count,calfire.harvest.proposed,raw/calfire.harvest.proposed/2026/09/20260904T095742Z-49044e565021.json,2
calfire.harvest.proposed,plan:ca:2-20-00032-YUB,2026-09-04T00:00:00Z,2026-09-04T09:57:42Z,region,2,,calfire.harvest.proposed,raw/calfire.harvest.proposed/2026/09/20260904T095742Z-49044e565021.json,2
calfire.harvest.proposed,plan:ca:2-20-00032-YUB,2026-09-04T00:00:00Z,2026-09-04T09:57:42Z,silviculture,Shelterwood Removal Step,,calfire.harvest.proposed,raw/calfire.harvest.proposed/2026/09/20260904T095742Z-49044e565021.json,2
calfire.harvest.proposed,plan:ca:2-20-00032-YUB,2026-09-04T00:00:00Z,2026-09-04T09:57:42Z,status,Withdrawn,,calfire.harvest.proposed,raw/calfire.harvest.proposed/2026/09/20260904T095742Z-49044e565021.json,2
calfire.harvest.proposed,plan:ca:2-20-00145-SIS,2026-09-04T00:00:00Z,2026-09-04T09:57:42Z,acres,531.01,acres,calfire.harvest.proposed,raw/calfire.harvest.proposed/2026/09/20260904T095742Z-49044e565021.json,2
calfire.harvest.proposed,plan:ca:2-20-00145-SIS,2026-09-04T00:00:00Z,2026-09-04T09:57:42Z,polygons,27,count,calfire.harvest.proposed,raw/calfire.harvest.proposed/2026/09/20260904T095742Z-49044e565021.json,2
calfire.harvest.proposed,plan:ca:2-20-00145-SIS,2026-09-04T00:00:00Z,2026-09-04T09:57:42Z,region,2,,calfire.harvest.proposed,raw/calfire.harvest.proposed/2026/09/20260904T095742Z-49044e565021.json,2
calfire.harvest.proposed,plan:ca:2-20-00145-SIS,2026-09-04T00:00:00Z,2026-09-04T09:57:42Z,silviculture,Commercial Thin,,calfire.harvest.proposed,raw/calfire.harvest.proposed/2026/09/20260904T095742Z-49044e565021.json,2
calfire.harvest.proposed,plan:ca:2-20-00145-SIS,2026-09-04T00:00:00Z,2026-09-04T09:57:42Z,status,Withdrawn,,calfire.harvest.proposed,raw/calfire.harvest.proposed/2026/09/20260904T095742Z-49044e565021.json,2
calfire.harvest.proposed,plan:ca:2-20-00161-PLU,2026-09-04T00:00:00Z,2026-09-04T09:57:42Z,acres,1303.25,acres,calfire.harvest.proposed,raw/calfire.harvest.proposed/2026/09/20260904T095742Z-49044e565021.json,2
calfire.harvest.proposed,plan:ca:2-20-00161-PLU,2026-09-04T00:00:00Z,2026-09-04T09:57:42Z,polygons,32,count,calfire.harvest.proposed,raw/calfire.harvest.proposed/2026/09/20260904T095742Z-49044e565021.json,2
calfire.harvest.proposed,plan:ca:2-20-00161-PLU,2026-09-04T00:00:00Z,2026-09-04T09:57:42Z,region,2,,calfire.harvest.proposed,raw/calfire.harvest.proposed/2026/09/20260904T095742Z-49044e565021.json,2
calfire.harvest.proposed,plan:ca:2-20-00161-PLU,2026-09-04T00:00:00Z,2026-09-04T09:57:42Z,silviculture,Group Selection,,calfire.harvest.proposed,raw/calfire.harvest.proposed/2026/09/20260904T095742Z-49044e565021.json,2
calfire.harvest.proposed,plan:ca:2-20-00161-PLU,2026-09-04T00:00:00Z,2026-09-04T09:57:42Z,status,Withdrawn,,calfire.harvest.proposed,raw/calfire.harvest.proposed/2026/09/20260904T095742Z-49044e565021.json,2
calfire.harvest.proposed,plan:ca:2-20-00211-PLU,2026-09-04T00:00:00Z,2026-09-04T09:57:42Z,acres,1214.9,acres,calfire.harvest.proposed,raw/calfire.harvest.proposed/2026/09/20260904T095742Z-49044e565021.json,2
calfire.harvest.proposed,plan:ca:2-20-00211-PLU,2026-09-04T00:00:00Z,2026-09-04T09:57:42Z,polygons,74,count,calfire.harvest.proposed,raw/calfire.harvest.proposed/2026/09/20260904T095742Z-49044e565021.json,2
calfire.harvest.proposed,plan:ca:2-20-00211-PLU,2026-09-04T00:00:00Z,2026-09-04T09:57:42Z,region,2,,calfire.harvest.proposed,raw/calfire.harvest.proposed/2026/09/20260904T095742Z-49044e565021.json,2
calfire.harvest.proposed,plan:ca:2-20-00211-PLU,2026-09-04T00:00:00Z,2026-09-04T09:57:42Z,silviculture,Alternative Prescription,,calfire.harvest.proposed,raw/calfire.harvest.proposed/2026/09/20260904T095742Z-49044e565021.json,2
calfire.harvest.proposed,plan:ca:2-20-00211-PLU,2026-09-04T00:00:00Z,2026-09-04T09:57:42Z,status,Withdrawn,,calfire.harvest.proposed,raw/calfire.harvest.proposed/2026/09/20260904T095742Z-49044e565021.json,2
calfire.harvest.proposed,plan:ca:2-20-00215-PLU,2026-09-04T00:00:00Z,2026-09-04T09:57:42Z,acres,703.89,acres,calfire.harvest.proposed,raw/calfire.harvest.proposed/2026/09/20260904T095742Z-49044e565021.json,2
calfire.harvest.proposed,plan:ca:2-20-00215-PLU,2026-09-04T00:00:00Z,2026-09-04T09:57:42Z,polygons,47,count,calfire.harvest.proposed,raw/calfire.harvest.proposed/2026/09/20260904T095742Z-49044e565021.json,2
calfire.harvest.proposed,plan:ca:2-20-00215-PLU,2026-09-04T00:00:00Z,2026-09-04T09:57:42Z,region,2,,calfire.harvest.proposed,raw/calfire.harvest.proposed/2026/09/20260904T095742Z-49044e565021.json,2
calfire.harvest.proposed,plan:ca:2-20-00215-PLU,2026-09-04T00:00:00Z,2026-09-04T09:57:42Z,silviculture,Alternative Prescription,,calfire.harvest.proposed,raw/calfire.harvest.proposed/2026/09/20260904T095742Z-49044e565021.json,2
calfire.harvest.proposed,plan:ca:2-20-00215-PLU,2026-09-04T00:00:00Z,2026-09-04T09:57:42Z,status,Withdrawn,,calfire.harvest.proposed,raw/calfire.harvest.proposed/2026/09/20260904T095742Z-49044e565021.json,2
calfire.harvest.proposed,plan:ca:2-21-00093-PLU,2026-09-04T00:00:00Z,2026-09-04T09:57:42Z,acres,216.62,acres,calfire.harvest.proposed,raw/calfire.harvest.proposed/2026/09/20260904T095742Z-49044e565021.json,2
calfire.harvest.proposed,plan:ca:2-21-00093-PLU,2026-09-04T00:00:00Z,2026-09-04T09:57:42Z,polygons,10,count,calfire.harvest.proposed,raw/calfire.harvest.proposed/2026/09/20260904T095742Z-49044e565021.json,2
calfire.harvest.proposed,plan:ca:2-21-00093-PLU,2026-09-04T00:00:00Z,2026-09-04T09:57:42Z,region,2,,calfire.harvest.proposed,raw/calfire.harvest.proposed/2026/09/20260904T095742Z-49044e565021.json,2
calfire.harvest.proposed,plan:ca:2-21-00093-PLU,2026-09-04T00:00:00Z,2026-09-04T09:57:42Z,silviculture,Group Selection,,calfire.harvest.proposed,raw/calfire.harvest.proposed/2026/09/20260904T095742Z-49044e565021.json,2
calfire.harvest.proposed,plan:ca:2-21-00093-PLU,2026-09-04T00:00:00Z,2026-09-04T09:57:42Z,status,Proposed,,calfire.harvest.proposed,raw/calfire.harvest.proposed/2026/09/20260904T095742Z-49044e565021.json,2
calfire.harvest.proposed,plan:ca:2-21-00131-TRI,2026-09-04T00:00:00Z,2026-09-04T09:57:42Z,acres,6.14,acres,calfire.harvest.proposed,raw/calfire.harvest.proposed/2026/09/20260904T095742Z-49044e565021.json,2
calfire.harvest.proposed,plan:ca:2-21-00131-TRI,2026-09-04T00:00:00Z,2026-09-04T09:57:42Z,polygons,1,count,calfire.harvest.proposed,raw/calfire.harvest.proposed/2026/09/20260904T095742Z-49044e565021.json,2
calfire.harvest.proposed,plan:ca:2-21-00131-TRI,2026-09-04T00:00:00Z,2026-09-04T09:57:42Z,region,2,,calfire.harvest.proposed,raw/calfire.harvest.proposed/2026/09/20260904T095742Z-49044e565021.json,2
calfire.harvest.proposed,plan:ca:2-21-00131-TRI,2026-09-04T00:00:00Z,2026-09-04T09:57:42Z,silviculture,Road Right-of-Way,,calfire.harvest.proposed,raw/calfire.harvest.proposed/2026/09/20260904T095742Z-49044e565021.json,2
calfire.harvest.proposed,plan:ca:2-21-00131-TRI,2026-09-04T00:00:00Z,2026-09-04T09:57:42Z,status,Proposed,,calfire.harvest.proposed,raw/calfire.harvest.proposed/2026/09/20260904T095742Z-49044e565021.json,2
calfire.harvest.proposed,plan:ca:2-23-00031-PLA,2026-09-04T00:00:00Z,2026-09-04T09:57:42Z,acres,980.47,acres,calfire.harvest.proposed,raw/calfire.harvest.proposed/2026/09/20260904T095742Z-49044e565021.json,2
calfire.harvest.proposed,plan:ca:2-23-00031-PLA,2026-09-04T00:00:00Z,2026-09-04T09:57:42Z,polygons,33,count,calfire.harvest.proposed,raw/calfire.harvest.proposed/2026/09/20260904T095742Z-49044e565021.json,2
calfire.harvest.proposed,plan:ca:2-23-00031-PLA,2026-09-04T00:00:00Z,2026-09-04T09:57:42Z,region,2,,calfire.harvest.proposed,raw/calfire.harvest.proposed/2026/09/20260904T095742Z-49044e565021.json,2
calfire.harvest.proposed,plan:ca:2-23-00031-PLA,2026-09-04T00:00:00Z,2026-09-04T09:57:42Z,silviculture,No Harvest Area,,calfire.harvest.proposed,raw/calfire.harvest.proposed/2026/09/20260904T095742Z-49044e565021.json,2
calfire.harvest.proposed,plan:ca:2-23-00031-PLA,2026-09-04T00:00:00Z,2026-09-04T09:57:42Z,status,Withdrawn,,calfire.harvest.proposed,raw/calfire.harvest.proposed/2026/09/20260904T095742Z-49044e565021.json,2
calfire.harvest.proposed,plan:ca:2-23-00161-SIS,2026-09-04T00:00:00Z,2026-09-04T09:57:42Z,acres,242.48,acres,calfire.harvest.proposed,raw/calfire.harvest.proposed/2026/09/20260904T095742Z-49044e565021.json,2
calfire.harvest.proposed,plan:ca:2-23-00161-SIS,2026-09-04T00:00:00Z,2026-09-04T09:57:42Z,polygons,13,count,calfire.harvest.proposed,raw/calfire.harvest.proposed/2026/09/20260904T095742Z-49044e565021.json,2
calfire.harvest.proposed,plan:ca:2-23-00161-SIS,2026-09-04T00:00:00Z,2026-09-04T09:57:42Z,region,2,,calfire.harvest.proposed,raw/calfire.harvest.proposed/2026/09/20260904T095742Z-49044e565021.json,2
calfire.harvest.proposed,plan:ca:2-23-00161-SIS,2026-09-04T00:00:00Z,2026-09-04T09:57:42Z,silviculture,Alternative Prescription,,calfire.harvest.proposed,raw/calfire.harvest.proposed/2026/09/20260904T095742Z-49044e565021.json,2
calfire.harvest.proposed,plan:ca:2-23-00161-SIS,2026-09-04T00:00:00Z,2026-09-04T09:57:42Z,status,Withdrawn,,calfire.harvest.proposed,raw/calfire.harvest.proposed/2026/09/20260904T095742Z-49044e565021.json,2
calfire.harvest.proposed,plan:ca:2-24-00096-TEH,2026-09-04T00:00:00Z,2026-09-04T09:57:42Z,acres,495.13,acres,calfire.harvest.proposed,raw/calfire.harvest.proposed/2026/09/20260904T095742Z-49044e565021.json,2
calfire.harvest.proposed,plan:ca:2-24-00096-TEH,2026-09-04T00:00:00Z,2026-09-04T09:57:42Z,polygons,26,count,calfire.harvest.proposed,raw/calfire.harvest.proposed/2026/09/20260904T095742Z-49044e565021.json,2
calfire.harvest.proposed,plan:ca:2-24-00096-TEH,2026-09-04T00:00:00Z,2026-09-04T09:57:42Z,region,2,,calfire.harvest.proposed,raw/calfire.harvest.proposed/2026/09/20260904T095742Z-49044e565021.json,2
calfire.harvest.proposed,plan:ca:2-24-00096-TEH,2026-09-04T00:00:00Z,2026-09-04T09:57:42Z,silviculture,Alternative Prescription,,calfire.harvest.proposed,raw/calfire.harvest.proposed/2026/09/20260904T095742Z-49044e565021.json,2
calfire.harvest.proposed,plan:ca:2-24-00096-TEH,2026-09-04T00:00:00Z,2026-09-04T09:57:42Z,status,Withdrawn,,calfire.harvest.proposed,raw/calfire.harvest.proposed/2026/09/20260904T095742Z-49044e565021.json,2
calfire.harvest.proposed,plan:ca:2-25-00045-SHA,2026-09-04T00:00:00Z,2026-09-04T09:57:44Z,acres,0.63,acres,calfire.harvest.proposed,raw/calfire.harvest.proposed/2026/09/20260904T095744Z-a841c5021370.json,2
calfire.harvest.proposed,plan:ca:2-25-00045-SHA,2026-09-04T00:00:00Z,2026-09-04T09:57:44Z,polygons,1,count,calfire.harvest.proposed,raw/calfire.harvest.proposed/2026/09/20260904T095744Z-a841c5021370.json,2
calfire.harvest.proposed,plan:ca:2-25-00045-SHA,2026-09-04T00:00:00Z,2026-09-04T09:57:44Z,region,2,,calfire.harvest.proposed,raw/calfire.harvest.proposed/2026/09/20260904T095744Z-a841c5021370.json,2
calfire.harvest.proposed,plan:ca:2-25-00045-SHA,2026-09-04T00:00:00Z,2026-09-04T09:57:44Z,silviculture,Conversion,,calfire.harvest.proposed,raw/calfire.harvest.proposed/2026/09/20260904T095744Z-a841c5021370.json,2
calfire.harvest.proposed,plan:ca:2-25-00045-SHA,2026-09-04T00:00:00Z,2026-09-04T09:57:44Z,status,Withdrawn,,calfire.harvest.proposed,raw/calfire.harvest.proposed/2026/09/20260904T095744Z-a841c5021370.json,2
calfire.harvest.proposed,plan:ca:2-25-00050-PLA,2026-09-04T00:00:00Z,2026-09-04T09:57:44Z,acres,44.03,acres,calfire.harvest.proposed,raw/calfire.harvest.proposed/2026/09/20260904T095744Z-a841c5021370.json,2
calfire.harvest.proposed,plan:ca:2-25-00050-PLA,2026-09-04T00:00:00Z,2026-09-04T09:57:44Z,polygons,35,count,calfire.harvest.proposed,raw/calfire.harvest.proposed/2026/09/20260904T095744Z-a841c5021370.json,2
calfire.harvest.proposed,plan:ca:2-25-00050-PLA,2026-09-04T00:00:00Z,2026-09-04T09:57:44Z,region,2,,calfire.harvest.proposed,raw/calfire.harvest.proposed/2026/09/20260904T095744Z-a841c5021370.json,2
calfire.harvest.proposed,plan:ca:2-25-00050-PLA,2026-09-04T00:00:00Z,2026-09-04T09:57:44Z,silviculture,Selection,,calfire.harvest.proposed,raw/calfire.harvest.proposed/2026/09/20260904T095744Z-a841c5021370.json,2
calfire.harvest.proposed,plan:ca:2-25-00050-PLA,2026-09-04T00:00:00Z,2026-09-04T09:57:44Z,status,Proposed,,calfire.harvest.proposed,raw/calfire.harvest.proposed/2026/09/20260904T095744Z-a841c5021370.json,2
calfire.harvest.proposed,plan:ca:2-25-00053-SHA,2026-09-04T00:00:00Z,2026-09-04T09:57:44Z,acres,656.3,acres,calfire.harvest.proposed,raw/calfire.harvest.proposed/2026/09/20260904T095744Z-a841c5021370.json,2
calfire.harvest.proposed,plan:ca:2-25-00053-SHA,2026-09-04T00:00:00Z,2026-09-04T09:57:44Z,polygons,5,count,calfire.harvest.proposed,raw/calfire.harvest.proposed/2026/09/20260904T095744Z-a841c5021370.json,2
calfire.harvest.proposed,plan:ca:2-25-00053-SHA,2026-09-04T00:00:00Z,2026-09-04T09:57:44Z,region,2,,calfire.harvest.proposed,raw/calfire.harvest.proposed/2026/09/20260904T095744Z-a841c5021370.json,2
calfire.harvest.proposed,plan:ca:2-25-00053-SHA,2026-09-04T00:00:00Z,2026-09-04T09:57:44Z,silviculture,Group Selection,,calfire.harvest.proposed,raw/calfire.harvest.proposed/2026/09/20260904T095744Z-a841c5021370.json,2
calfire.harvest.proposed,plan:ca:2-25-00053-SHA,2026-09-04T00:00:00Z,2026-09-04T09:57:44Z,status,Proposed,,calfire.harvest.proposed,raw/calfire.harvest.proposed/2026/09/20260904T095744Z-a841c5021370.json,2
calfire.harvest.proposed,plan:ca:2-25-00163-SHA,2026-09-04T00:00:00Z,2026-09-04T09:57:44Z,acres,207.9,acres,calfire.harvest.proposed,raw/calfire.harvest.proposed/2026/09/20260904T095744Z-a841c5021370.json,2
calfire.harvest.proposed,plan:ca:2-25-00163-SHA,2026-09-04T00:00:00Z,2026-09-04T09:57:44Z,polygons,12,count,calfire.harvest.proposed,raw/calfire.harvest.proposed/2026/09/20260904T095744Z-a841c5021370.json,2
calfire.harvest.proposed,plan:ca:2-25-00163-SHA,2026-09-04T00:00:00Z,2026-09-04T09:57:44Z,region,2,,calfire.harvest.proposed,raw/calfire.harvest.proposed/2026/09/20260904T095744Z-a841c5021370.json,2
calfire.harvest.proposed,plan:ca:2-25-00163-SHA,2026-09-04T00:00:00Z,2026-09-04T09:57:44Z,silviculture,Alternative Prescription,,calfire.harvest.proposed,raw/calfire.harvest.proposed/2026/09/20260904T095744Z-a841c5021370.json,2
calfire.harvest.proposed,plan:ca:2-25-00163-SHA,2026-09-04T00:00:00Z,2026-09-04T09:57:44Z,status,Proposed,,calfire.harvest.proposed,raw/calfire.harvest.proposed/2026/09/20260904T095744Z-a841c5021370.json,2
calfire.harvest.proposed,plan:ca:2-25-00184-SHA,2026-09-04T00:00:00Z,2026-09-04T09:57:44Z,acres,86.54,acres,calfire.harvest.proposed,raw/calfire.harvest.proposed/2026/09/20260904T095744Z-a841c5021370.json,2
calfire.harvest.proposed,plan:ca:2-25-00184-SHA,2026-09-04T00:00:00Z,2026-09-04T09:57:44Z,polygons,7,count,calfire.harvest.proposed,raw/calfire.harvest.proposed/2026/09/20260904T095744Z-a841c5021370.json,2
calfire.harvest.proposed,plan:ca:2-25-00184-SHA,2026-09-04T00:00:00Z,2026-09-04T09:57:44Z,region,2,,calfire.harvest.proposed,raw/calfire.harvest.proposed/2026/09/20260904T095744Z-a841c5021370.json,2
calfire.harvest.proposed,plan:ca:2-25-00184-SHA,2026-09-04T00:00:00Z,2026-09-04T09:57:44Z,silviculture,Alternative Prescription,,calfire.harvest.proposed,raw/calfire.harvest.proposed/2026/09/20260904T095744Z-a841c5021370.json,2
calfire.harvest.proposed,plan:ca:2-25-00184-SHA,2026-09-04T00:00:00Z,2026-09-04T09:57:44Z,status,Proposed,,calfire.harvest.proposed,raw/calfire.harvest.proposed/2026/09/20260904T095744Z-a841c5021370.json,2
calfire.harvest.proposed,plan:ca:2-25-00201-TEH,2026-09-04T00:00:00Z,2026-09-04T09:57:44Z,acres,753.43,acres,calfire.harvest.proposed,raw/calfire.harvest.proposed/2026/09/20260904T095744Z-a841c5021370.json,2
calfire.harvest.proposed,plan:ca:2-25-00201-TEH,2026-09-04T00:00:00Z,2026-09-04T09:57:44Z,polygons,26,count,calfire.harvest.proposed,raw/calfire.harvest.proposed/2026/09/20260904T095744Z-a841c5021370.json,2
calfire.harvest.proposed,plan:ca:2-25-00201-TEH,2026-09-04T00:00:00Z,2026-09-04T09:57:44Z,region,2,,calfire.harvest.proposed,raw/calfire.harvest.proposed/2026/09/20260904T095744Z-a841c5021370.json,2
calfire.harvest.proposed,plan:ca:2-25-00201-TEH,2026-09-04T00:00:00Z,2026-09-04T09:57:44Z,silviculture,Selection,,calfire.harvest.proposed,raw/calfire.harvest.proposed/2026/09/20260904T095744Z-a841c5021370.json,2
calfire.harvest.proposed,plan:ca:2-25-00201-TEH,2026-09-04T00:00:00Z,2026-09-04T09:57:44Z,status,Proposed,,calfire.harvest.proposed,raw/calfire.harvest.proposed/2026/09/20260904T095744Z-a841c5021370.json,2
calfire.harvest.proposed,plan:ca:2-25-00208-PLU,2026-09-04T00:00:00Z,2026-09-04T09:57:44Z,acres,689.39,acres,calfire.harvest.proposed,raw/calfire.harvest.proposed/2026/09/20260904T095744Z-a841c5021370.json,2
calfire.harvest.proposed,plan:ca:2-25-00208-PLU,2026-09-04T00:00:00Z,2026-09-04T09:57:44Z,polygons,50,count,calfire.harvest.proposed,raw/calfire.harvest.proposed/2026/09/20260904T095744Z-a841c5021370.json,2
calfire.harvest.proposed,plan:ca:2-25-00208-PLU,2026-09-04T00:00:00Z,2026-09-04T09:57:44Z,region,2,,calfire.harvest.proposed,raw/calfire.harvest.proposed/2026/09/20260904T095744Z-a841c5021370.json,2
calfire.harvest.proposed,plan:ca:2-25-00208-PLU,2026-09-04T00:00:00Z,2026-09-04T09:57:44Z,silviculture,Fuelbreak/Defensible Space,,calfire.harvest.proposed,raw/calfire.harvest.proposed/2026/09/20260904T095744Z-a841c5021370.json,2
calfire.harvest.proposed,plan:ca:2-25-00208-PLU,2026-09-04T00:00:00Z,2026-09-04T09:57:44Z,status,Proposed,,calfire.harvest.proposed,raw/calfire.harvest.proposed/2026/09/20260904T095744Z-a841c5021370.json,2
calfire.harvest.proposed,plan:ca:2-25-00211-SHA,2026-09-04T00:00:00Z,2026-09-04T09:57:44Z,acres,668.72,acres,calfire.harvest.proposed,raw/calfire.harvest.proposed/2026/09/20260904T095744Z-a841c5021370.json,2
calfire.harvest.proposed,plan:ca:2-25-00211-SHA,2026-09-04T00:00:00Z,2026-09-04T09:57:44Z,polygons,13,count,calfire.harvest.proposed,raw/calfire.harvest.proposed/2026/09/20260904T095744Z-a841c5021370.json,2
calfire.harvest.proposed,plan:ca:2-25-00211-SHA,2026-09-04T00:00:00Z,2026-09-04T09:57:44Z,region,2,,calfire.harvest.proposed,raw/calfire.harvest.proposed/2026/09/20260904T095744Z-a841c5021370.json,2
calfire.harvest.proposed,plan:ca:2-25-00211-SHA,2026-09-04T00:00:00Z,2026-09-04T09:57:44Z,silviculture,Group Selection,,calfire.harvest.proposed,raw/calfire.harvest.proposed/2026/09/20260904T095744Z-a841c5021370.json,2
calfire.harvest.proposed,plan:ca:2-25-00211-SHA,2026-09-04T00:00:00Z,2026-09-04T09:57:44Z,status,Proposed,,calfire.harvest.proposed,raw/calfire.harvest.proposed/2026/09/20260904T095744Z-a841c5021370.json,2
calfire.harvest.proposed,plan:ca:2-25-00219-LAS,2026-09-04T00:00:00Z,2026-09-04T09:57:44Z,acres,763.32,acres,calfire.harvest.proposed,raw/calfire.harvest.proposed/2026/09/20260904T095744Z-a841c5021370.json,2
calfire.harvest.proposed,plan:ca:2-25-00219-LAS,2026-09-04T00:00:00Z,2026-09-04T09:57:44Z,polygons,38,count,calfire.harvest.proposed,raw/calfire.harvest.proposed/2026/09/20260904T095744Z-a841c5021370.json,2
calfire.harvest.proposed,plan:ca:2-25-00219-LAS,2026-09-04T00:00:00Z,2026-09-04T09:57:44Z,region,2,,calfire.harvest.proposed,raw/calfire.harvest.proposed/2026/09/20260904T095744Z-a841c5021370.json,2
calfire.harvest.proposed,plan:ca:2-25-00219-LAS,2026-09-04T00:00:00Z,2026-09-04T09:57:44Z,silviculture,Road Right-of-Way,,calfire.harvest.proposed,raw/calfire.harvest.proposed/2026/09/20260904T095744Z-a841c5021370.json,2
calfire.harvest.proposed,plan:ca:2-25-00219-LAS,2026-09-04T00:00:00Z,2026-09-04T09:57:44Z,status,Proposed,,calfire.harvest.proposed,raw/calfire.harvest.proposed/2026/09/20260904T095744Z-a841c5021370.json,2
calfire.harvest.proposed,plan:ca:2-25-00221-SIS,2026-09-04T00:00:00Z,2026-09-04T09:57:44Z,acres,143.77,acres,calfire.harvest.proposed,raw/calfire.harvest.proposed/2026/09/20260904T095744Z-a841c5021370.json,2
calfire.harvest.proposed,plan:ca:2-25-00221-SIS,2026-09-04T00:00:00Z,2026-09-04T09:57:44Z,polygons,6,count,calfire.harvest.proposed,raw/calfire.harvest.proposed/2026/09/20260904T095744Z-a841c5021370.json,2
calfire.harvest.proposed,plan:ca:2-25-00221-SIS,2026-09-04T00:00:00Z,2026-09-04T09:57:44Z,region,2,,calfire.harvest.proposed,raw/calfire.harvest.proposed/2026/09/20260904T095744Z-a841c5021370.json,2
calfire.harvest.proposed,plan:ca:2-25-00221-SIS,2026-09-04T00:00:00Z,2026-09-04T09:57:44Z,silviculture,Shelterwood Removal Step,,calfire.harvest.proposed,raw/calfire.harvest.proposed/2026/09/20260904T095744Z-a841c5021370.json,2
calfire.harvest.proposed,plan:ca:2-25-00221-SIS,2026-09-04T00:00:00Z,2026-09-04T09:57:44Z,status,Proposed,,calfire.harvest.proposed,raw/calfire.harvest.proposed/2026/09/20260904T095744Z-a841c5021370.json,2
calfire.harvest.proposed,plan:ca:2-25-00222-SIS,2026-09-04T00:00:00Z,2026-09-04T09:57:44Z,acres,246.46,acres,calfire.harvest.proposed,raw/calfire.harvest.proposed/2026/09/20260904T095744Z-a841c5021370.json,2
calfire.harvest.proposed,plan:ca:2-25-00222-SIS,2026-09-04T00:00:00Z,2026-09-04T09:57:44Z,polygons,14,count,calfire.harvest.proposed,raw/calfire.harvest.proposed/2026/09/20260904T095744Z-a841c5021370.json,2
calfire.harvest.proposed,plan:ca:2-25-00222-SIS,2026-09-04T00:00:00Z,2026-09-04T09:57:44Z,region,2,,calfire.harvest.proposed,raw/calfire.harvest.proposed/2026/09/20260904T095744Z-a841c5021370.json,2
calfire.harvest.proposed,plan:ca:2-25-00222-SIS,2026-09-04T00:00:00Z,2026-09-04T09:57:44Z,silviculture,Alternative Prescription,,calfire.harvest.proposed,raw/calfire.harvest.proposed/2026/09/20260904T095744Z-a841c5021370.json,2
calfire.harvest.proposed,plan:ca:2-25-00222-SIS,2026-09-04T00:00:00Z,2026-09-04T09:57:44Z,status,Proposed,,calfire.harvest.proposed,raw/calfire.harvest.proposed/2026/09/20260904T095744Z-a841c5021370.json,2
calfire.harvest.proposed,plan:ca:2-25-00224-SIS,2026-09-04T00:00:00Z,2026-09-04T09:57:44Z,acres,243.77,acres,calfire.harvest.proposed,raw/calfire.harvest.proposed/2026/09/20260904T095744Z-a841c5021370.json,2
calfire.harvest.proposed,plan:ca:2-25-00224-SIS,2026-09-04T00:00:00Z,2026-09-04T09:57:44Z,polygons,13,count,calfire.harvest.proposed,raw/calfire.harvest.proposed/2026/09/20260904T095744Z-a841c5021370.json,2
calfire.harvest.proposed,plan:ca:2-25-00224-SIS,2026-09-04T00:00:00Z,2026-09-04T09:57:44Z,region,2,,calfire.harvest.proposed,raw/calfire.harvest.proposed/2026/09/20260904T095744Z-a841c5021370.json,2
calfire.harvest.proposed,plan:ca:2-25-00224-SIS,2026-09-04T00:00:00Z,2026-09-04T09:57:44Z,silviculture,Alternative Prescription,,calfire.harvest.proposed,raw/calfire.harvest.proposed/2026/09/20260904T095744Z-a841c5021370.json,2
calfire.harvest.proposed,plan:ca:2-25-00224-SIS,2026-09-04T00:00:00Z,2026-09-04T09:57:44Z,status,Proposed,,calfire.harvest.proposed,raw/calfire.harvest.proposed/2026/09/20260904T095744Z-a841c5021370.json,2
calfire.harvest.proposed,plan:ca:2-26-00005-NEV,2026-09-04T00:00:00Z,2026-09-04T09:57:46Z,acres,126.19,acres,calfire.harvest.proposed,raw/calfire.harvest.proposed/2026/09/20260904T095746Z-aad5bee2239e.json,2
calfire.harvest.proposed,plan:ca:2-26-00005-NEV,2026-09-04T00:00:00Z,2026-09-04T09:57:46Z,polygons,6,count,calfire.harvest.proposed,raw/calfire.harvest.proposed/2026/09/20260904T095746Z-aad5bee2239e.json,2
calfire.harvest.proposed,plan:ca:2-26-00005-NEV,2026-09-04T00:00:00Z,2026-09-04T09:57:46Z,region,2,,calfire.harvest.proposed,raw/calfire.harvest.proposed/2026/09/20260904T095746Z-aad5bee2239e.json,2
calfire.harvest.proposed,plan:ca:2-26-00005-NEV,2026-09-04T00:00:00Z,2026-09-04T09:57:46Z,silviculture,Seed Tree Seed Step,,calfire.harvest.proposed,raw/calfire.harvest.proposed/2026/09/20260904T095746Z-aad5bee2239e.json,2
calfire.harvest.proposed,plan:ca:2-26-00005-NEV,2026-09-04T00:00:00Z,2026-09-04T09:57:46Z,status,Proposed,,calfire.harvest.proposed,raw/calfire.harvest.proposed/2026/09/20260904T095746Z-aad5bee2239e.json,2
calfire.harvest.proposed,plan:ca:2-26-00025-BUT,2026-09-04T00:00:00Z,2026-09-04T09:57:46Z,acres,1405.34,acres,calfire.harvest.proposed,raw/calfire.harvest.proposed/2026/09/20260904T095746Z-aad5bee2239e.json,2
calfire.harvest.proposed,plan:ca:2-26-00025-BUT,2026-09-04T00:00:00Z,2026-09-04T09:57:46Z,polygons,116,count,calfire.harvest.proposed,raw/calfire.harvest.proposed/2026/09/20260904T095746Z-aad5bee2239e.json,2
calfire.harvest.proposed,plan:ca:2-26-00025-BUT,2026-09-04T00:00:00Z,2026-09-04T09:57:46Z,region,2,,calfire.harvest.proposed,raw/calfire.harvest.proposed/2026/09/20260904T095746Z-aad5bee2239e.json,2
calfire.harvest.proposed,plan:ca:2-26-00025-BUT,2026-09-04T00:00:00Z,2026-09-04T09:57:46Z,silviculture,Clearcut,,calfire.harvest.proposed,raw/calfire.harvest.proposed/2026/09/20260904T095746Z-aad5bee2239e.json,2
calfire.harvest.proposed,plan:ca:2-26-00025-BUT,2026-09-04T00:00:00Z,2026-09-04T09:57:46Z,status,Proposed,,calfire.harvest.proposed,raw/calfire.harvest.proposed/2026/09/20260904T095746Z-aad5bee2239e.json,2
calfire.harvest.proposed,plan:ca:2-26-00031-BUT,2026-09-04T00:00:00Z,2026-09-04T09:57:46Z,acres,7.3,acres,calfire.harvest.proposed,raw/calfire.harvest.proposed/2026/09/20260904T095746Z-aad5bee2239e.json,2
calfire.harvest.proposed,plan:ca:2-26-00031-BUT,2026-09-04T00:00:00Z,2026-09-04T09:57:46Z,polygons,1,count,calfire.harvest.proposed,raw/calfire.harvest.proposed/2026/09/20260904T095746Z-aad5bee2239e.json,2
calfire.harvest.proposed,plan:ca:2-26-00031-BUT,2026-09-04T00:00:00Z,2026-09-04T09:57:46Z,region,2,,calfire.harvest.proposed,raw/calfire.harvest.proposed/2026/09/20260904T095746Z-aad5bee2239e.json,2
calfire.harvest.proposed,plan:ca:2-26-00031-BUT,2026-09-04T00:00:00Z,2026-09-04T09:57:46Z,silviculture,Seed Tree Seed Step,,calfire.harvest.proposed,raw/calfire.harvest.proposed/2026/09/20260904T095746Z-aad5bee2239e.json,2
calfire.harvest.proposed,plan:ca:2-26-00031-BUT,2026-09-04T00:00:00Z,2026-09-04T09:57:46Z,status,Proposed,,calfire.harvest.proposed,raw/calfire.harvest.proposed/2026/09/20260904T095746Z-aad5bee2239e.json,2
calfire.harvest.proposed,plan:ca:2-26-00033-SIS,2026-09-04T00:00:00Z,2026-09-04T09:57:46Z,acres,192.4,acres,calfire.harvest.proposed,raw/calfire.harvest.proposed/2026/09/20260904T095746Z-aad5bee2239e.json,2
calfire.harvest.proposed,plan:ca:2-26-00033-SIS,2026-09-04T00:00:00Z,2026-09-04T09:57:46Z,polygons,7,count,calfire.harvest.proposed,raw/calfire.harvest.proposed/2026/09/20260904T095746Z-aad5bee2239e.json,2
calfire.harvest.proposed,plan:ca:2-26-00033-SIS,2026-09-04T00:00:00Z,2026-09-04T09:57:46Z,region,2,,calfire.harvest.proposed,raw/calfire.harvest.proposed/2026/09/20260904T095746Z-aad5bee2239e.json,2
calfire.harvest.proposed,plan:ca:2-26-00033-SIS,2026-09-04T00:00:00Z,2026-09-04T09:57:46Z,silviculture,Alternative Prescription,,calfire.harvest.proposed,raw/calfire.harvest.proposed/2026/09/20260904T095746Z-aad5bee2239e.json,2
calfire.harvest.proposed,plan:ca:2-26-00033-SIS,2026-09-04T00:00:00Z,2026-09-04T09:57:46Z,status,Proposed,,calfire.harvest.proposed,raw/calfire.harvest.proposed/2026/09/20260904T095746Z-aad5bee2239e.json,2
calfire.harvest.proposed,plan:ca:2-26-00034-SIE,2026-09-04T00:00:00Z,2026-09-04T09:57:46Z,acres,35.59,acres,calfire.harvest.proposed,raw/calfire.harvest.proposed/2026/09/20260904T095746Z-aad5bee2239e.json,2
calfire.harvest.proposed,plan:ca:2-26-00034-SIE,2026-09-04T00:00:00Z,2026-09-04T09:57:46Z,polygons,3,count,calfire.harvest.proposed,raw/calfire.harvest.proposed/2026/09/20260904T095746Z-aad5bee2239e.json,2
calfire.harvest.proposed,plan:ca:2-26-00034-SIE,2026-09-04T00:00:00Z,2026-09-04T09:57:46Z,region,2,,calfire.harvest.proposed,raw/calfire.harvest.proposed/2026/09/20260904T095746Z-aad5bee2239e.json,2
calfire.harvest.proposed,plan:ca:2-26-00034-SIE,2026-09-04T00:00:00Z,2026-09-04T09:57:46Z,silviculture,Shelterwood Removal Step,,calfire.harvest.proposed,raw/calfire.harvest.proposed/2026/09/20260904T095746Z-aad5bee2239e.json,2
calfire.harvest.proposed,plan:ca:2-26-00034-SIE,2026-09-04T00:00:00Z,2026-09-04T09:57:46Z,status,Proposed,,calfire.harvest.proposed,raw/calfire.harvest.proposed/2026/09/20260904T095746Z-aad5bee2239e.json,2
calfire.harvest.proposed,plan:ca:2-26-00038-SIS,2026-09-04T00:00:00Z,2026-09-04T09:57:46Z,acres,324.69,acres,calfire.harvest.proposed,raw/calfire.harvest.proposed/2026/09/20260904T095746Z-aad5bee2239e.json,2
calfire.harvest.proposed,plan:ca:2-26-00038-SIS,2026-09-04T00:00:00Z,2026-09-04T09:57:46Z,polygons,10,count,calfire.harvest.proposed,raw/calfire.harvest.proposed/2026/09/20260904T095746Z-aad5bee2239e.json,2
calfire.harvest.proposed,plan:ca:2-26-00038-SIS,2026-09-04T00:00:00Z,2026-09-04T09:57:46Z,region,2,,calfire.harvest.proposed,raw/calfire.harvest.proposed/2026/09/20260904T095746Z-aad5bee2239e.json,2
calfire.harvest.proposed,plan:ca:2-26-00038-SIS,2026-09-04T00:00:00Z,2026-09-04T09:57:46Z,silviculture,Road Right-of-Way,,calfire.harvest.proposed,raw/calfire.harvest.proposed/2026/09/20260904T095746Z-aad5bee2239e.json,2
calfire.harvest.proposed,plan:ca:2-26-00038-SIS,2026-09-04T00:00:00Z,2026-09-04T09:57:46Z,status,Proposed,,calfire.harvest.proposed,raw/calfire.harvest.proposed/2026/09/20260904T095746Z-aad5bee2239e.json,2
calfire.harvest.proposed,plan:ca:2-26-00047-BUT,2026-09-04T00:00:00Z,2026-09-04T09:57:46Z,acres,3249.55,acres,calfire.harvest.proposed,raw/calfire.harvest.proposed/2026/09/20260904T095746Z-aad5bee2239e.json,2
calfire.harvest.proposed,plan:ca:2-26-00047-BUT,2026-09-04T00:00:00Z,2026-09-04T09:57:46Z,polygons,212,count,calfire.harvest.proposed,raw/calfire.harvest.proposed/2026/09/20260904T095746Z-aad5bee2239e.json,2
calfire.harvest.proposed,plan:ca:2-26-00047-BUT,2026-09-04T00:00:00Z,2026-09-04T09:57:46Z,region,2,,calfire.harvest.proposed,raw/calfire.harvest.proposed/2026/09/20260904T095746Z-aad5bee2239e.json,2
calfire.harvest.proposed,plan:ca:2-26-00047-BUT,2026-09-04T00:00:00Z,2026-09-04T09:57:46Z,silviculture,Selection,,calfire.harvest.proposed,raw/calfire.harvest.proposed/2026/09/20260904T095746Z-aad5bee2239e.json,2
calfire.harvest.proposed,plan:ca:2-26-00047-BUT,2026-09-04T00:00:00Z,2026-09-04T09:57:46Z,status,Proposed,,calfire.harvest.proposed,raw/calfire.harvest.proposed/2026/09/20260904T095746Z-aad5bee2239e.json,2
calfire.harvest.proposed,plan:ca:2-26-00049-SHA,2026-09-04T00:00:00Z,2026-09-04T09:57:46Z,acres,59.93,acres,calfire.harvest.proposed,raw/calfire.harvest.proposed/2026/09/20260904T095746Z-aad5bee2239e.json,2
calfire.harvest.proposed,plan:ca:2-26-00049-SHA,2026-09-04T00:00:00Z,2026-09-04T09:57:46Z,polygons,4,count,calfire.harvest.proposed,raw/calfire.harvest.proposed/2026/09/20260904T095746Z-aad5bee2239e.json,2
calfire.harvest.proposed,plan:ca:2-26-00049-SHA,2026-09-04T00:00:00Z,2026-09-04T09:57:46Z,region,2,,calfire.harvest.proposed,raw/calfire.harvest.proposed/2026/09/20260904T095746Z-aad5bee2239e.json,2
calfire.harvest.proposed,plan:ca:2-26-00049-SHA,2026-09-04T00:00:00Z,2026-09-04T09:57:46Z,silviculture,Commercial Thin,,calfire.harvest.proposed,raw/calfire.harvest.proposed/2026/09/20260904T095746Z-aad5bee2239e.json,2
calfire.harvest.proposed,plan:ca:2-26-00049-SHA,2026-09-04T00:00:00Z,2026-09-04T09:57:46Z,status,Proposed,,calfire.harvest.proposed,raw/calfire.harvest.proposed/2026/09/20260904T095746Z-aad5bee2239e.json,2
calfire.harvest.proposed,plan:ca:2-26-00056-SHA,2026-09-04T00:00:00Z,2026-09-04T09:57:46Z,acres,292.7,acres,calfire.harvest.proposed,raw/calfire.harvest.proposed/2026/09/20260904T095746Z-aad5bee2239e.json,2
calfire.harvest.proposed,plan:ca:2-26-00056-SHA,2026-09-04T00:00:00Z,2026-09-04T09:57:46Z,polygons,9,count,calfire.harvest.proposed,raw/calfire.harvest.proposed/2026/09/20260904T095746Z-aad5bee2239e.json,2
calfire.harvest.proposed,plan:ca:2-26-00056-SHA,2026-09-04T00:00:00Z,2026-09-04T09:57:46Z,region,2,,calfire.harvest.proposed,raw/calfire.harvest.proposed/2026/09/20260904T095746Z-aad5bee2239e.json,2
calfire.harvest.proposed,plan:ca:2-26-00056-SHA,2026-09-04T00:00:00Z,2026-09-04T09:57:46Z,silviculture,No Harvest Area,,calfire.harvest.proposed,raw/calfire.harvest.proposed/2026/09/20260904T095746Z-aad5bee2239e.json,2
calfire.harvest.proposed,plan:ca:2-26-00056-SHA,2026-09-04T00:00:00Z,2026-09-04T09:57:46Z,status,Proposed,,calfire.harvest.proposed,raw/calfire.harvest.proposed/2026/09/20260904T095746Z-aad5bee2239e.json,2
calfire.harvest.proposed,plan:ca:2-26-00058-TEH,2026-09-04T00:00:00Z,2026-09-04T09:57:46Z,acres,842.05,acres,calfire.harvest.proposed,raw/calfire.harvest.proposed/2026/09/20260904T095746Z-aad5bee2239e.json,2
calfire.harvest.proposed,plan:ca:2-26-00058-TEH,2026-09-04T00:00:00Z,2026-09-04T09:57:46Z,polygons,72,count,calfire.harvest.proposed,raw/calfire.harvest.proposed/2026/09/20260904T095746Z-aad5bee2239e.json,2
calfire.harvest.proposed,plan:ca:2-26-00058-TEH,2026-09-04T00:00:00Z,2026-09-04T09:57:46Z,region,2,,calfire.harvest.proposed,raw/calfire.harvest.proposed/2026/09/20260904T095746Z-aad5bee2239e.json,2
calfire.harvest.proposed,plan:ca:2-26-00058-TEH,2026-09-04T00:00:00Z,2026-09-04T09:57:46Z,silviculture,Clearcut,,calfire.harvest.proposed,raw/calfire.harvest.proposed/2026/09/20260904T095746Z-aad5bee2239e.json,2
calfire.harvest.proposed,plan:ca:2-26-00058-TEH,2026-09-04T00:00:00Z,2026-09-04T09:57:46Z,status,Proposed,,calfire.harvest.proposed,raw/calfire.harvest.proposed/2026/09/20260904T095746Z-aad5bee2239e.json,2
calfire.harvest.proposed,plan:ca:2-26-00059-PLU,2026-09-04T00:00:00Z,2026-09-04T09:57:46Z,acres,11.5,acres,calfire.harvest.proposed,raw/calfire.harvest.proposed/2026/09/20260904T095746Z-aad5bee2239e.json,2
calfire.harvest.proposed,plan:ca:2-26-00059-PLU,2026-09-04T00:00:00Z,2026-09-04T09:57:46Z,polygons,1,count,calfire.harvest.proposed,raw/calfire.harvest.proposed/2026/09/20260904T095746Z-aad5bee2239e.json,2
calfire.harvest.proposed,plan:ca:2-26-00059-PLU,2026-09-04T00:00:00Z,2026-09-04T09:57:46Z,region,2,,calfire.harvest.proposed,raw/calfire.harvest.proposed/2026/09/20260904T095746Z-aad5bee2239e.json,2
calfire.harvest.proposed,plan:ca:2-26-00059-PLU,2026-09-04T00:00:00Z,2026-09-04T09:57:46Z,silviculture,Selection,,calfire.harvest.proposed,raw/calfire.harvest.proposed/2026/09/20260904T095746Z-aad5bee2239e.json,2
calfire.harvest.proposed,plan:ca:2-26-00059-PLU,2026-09-04T00:00:00Z,2026-09-04T09:57:46Z,status,Proposed,,calfire.harvest.proposed,raw/calfire.harvest.proposed/2026/09/20260904T095746Z-aad5bee2239e.json,2
calfire.harvest.proposed,plan:ca:2-26-00068-SHA,2026-09-04T00:00:00Z,2026-09-04T09:57:46Z,acres,614.89,acres,calfire.harvest.proposed,raw/calfire.harvest.proposed/2026/09/20260904T095746Z-aad5bee2239e.json,2
calfire.harvest.proposed,plan:ca:2-26-00068-SHA,2026-09-04T00:00:00Z,2026-09-04T09:57:46Z,polygons,33,count,calfire.harvest.proposed,raw/calfire.harvest.proposed/2026/09/20260904T095746Z-aad5bee2239e.json,2
calfire.harvest.proposed,plan:ca:2-26-00068-SHA,2026-09-04T00:00:00Z,2026-09-04T09:57:46Z,region,2,,calfire.harvest.proposed,raw/calfire.harvest.proposed/2026/09/20260904T095746Z-aad5bee2239e.json,2
calfire.harvest.proposed,plan:ca:2-26-00068-SHA,2026-09-04T00:00:00Z,2026-09-04T09:57:46Z,silviculture,No Harvest Area,,calfire.harvest.proposed,raw/calfire.harvest.proposed/2026/09/20260904T095746Z-aad5bee2239e.json,2
calfire.harvest.proposed,plan:ca:2-26-00068-SHA,2026-09-04T00:00:00Z,2026-09-04T09:57:46Z,status,Proposed,,calfire.harvest.proposed,raw/calfire.harvest.proposed/2026/09/20260904T095746Z-aad5bee2239e.json,2
calfire.harvest.proposed,plan:ca:2-26-00071-NEV,2026-09-04T00:00:00Z,2026-09-04T09:57:46Z,acres,18.22,acres,calfire.harvest.proposed,raw/calfire.harvest.proposed/2026/09/20260904T095746Z-aad5bee2239e.json,2
calfire.harvest.proposed,plan:ca:2-26-00071-NEV,2026-09-04T00:00:00Z,2026-09-04T09:57:46Z,polygons,1,count,calfire.harvest.proposed,raw/calfire.harvest.proposed/2026/09/20260904T095746Z-aad5bee2239e.json,2
calfire.harvest.proposed,plan:ca:2-26-00071-NEV,2026-09-04T00:00:00Z,2026-09-04T09:57:46Z,region,2,,calfire.harvest.proposed,raw/calfire.harvest.proposed/2026/09/20260904T095746Z-aad5bee2239e.json,2
calfire.harvest.proposed,plan:ca:2-26-00071-NEV,2026-09-04T00:00:00Z,2026-09-04T09:57:46Z,silviculture,Conversion,,calfire.harvest.proposed,raw/calfire.harvest.proposed/2026/09/20260904T095746Z-aad5bee2239e.json,2
calfire.harvest.proposed,plan:ca:2-26-00071-NEV,2026-09-04T00:00:00Z,2026-09-04T09:57:46Z,status,Proposed,,calfire.harvest.proposed,raw/calfire.harvest.proposed/2026/09/20260904T095746Z-aad5bee2239e.json,2
calfire.harvest.proposed,plan:ca:2-26-00073-LAS,2026-09-04T00:00:00Z,2026-09-04T09:57:46Z,acres,1467.68,acres,calfire.harvest.proposed,raw/calfire.harvest.proposed/2026/09/20260904T095746Z-aad5bee2239e.json,2
calfire.harvest.proposed,plan:ca:2-26-00073-LAS,2026-09-04T00:00:00Z,2026-09-04T09:57:46Z,polygons,73,count,calfire.harvest.proposed,raw/calfire.harvest.proposed/2026/09/20260904T095746Z-aad5bee2239e.json,2
calfire.harvest.proposed,plan:ca:2-26-00073-LAS,2026-09-04T00:00:00Z,2026-09-04T09:57:46Z,region,2,,calfire.harvest.proposed,raw/calfire.harvest.proposed/2026/09/20260904T095746Z-aad5bee2239e.json,2
calfire.harvest.proposed,plan:ca:2-26-00073-LAS,2026-09-04T00:00:00Z,2026-09-04T09:57:46Z,silviculture,Road Right-of-Way,,calfire.harvest.proposed,raw/calfire.harvest.proposed/2026/09/20260904T095746Z-aad5bee2239e.json,2
calfire.harvest.proposed,plan:ca:2-26-00073-LAS,2026-09-04T00:00:00Z,2026-09-04T09:57:46Z,status,Proposed,,calfire.harvest.proposed,raw/calfire.harvest.proposed/2026/09/20260904T095746Z-aad5bee2239e.json,2
calfire.harvest.proposed,plan:ca:2-26-00078-SIS,2026-09-04T00:00:00Z,2026-09-04T09:57:46Z,acres,3068.82,acres,calfire.harvest.proposed,raw/calfire.harvest.proposed/2026/09/20260904T095746Z-aad5bee2239e.json,2
calfire.harvest.proposed,plan:ca:2-26-00078-SIS,2026-09-04T00:00:00Z,2026-09-04T09:57:46Z,polygons,7,count,calfire.harvest.proposed,raw/calfire.harvest.proposed/2026/09/20260904T095746Z-aad5bee2239e.json,2
calfire.harvest.proposed,plan:ca:2-26-00078-SIS,2026-09-04T00:00:00Z,2026-09-04T09:57:46Z,region,2,,calfire.harvest.proposed,raw/calfire.harvest.proposed/2026/09/20260904T095746Z-aad5bee2239e.json,2
calfire.harvest.proposed,plan:ca:2-26-00078-SIS,2026-09-04T00:00:00Z,2026-09-04T09:57:46Z,silviculture,No Harvest Area,,calfire.harvest.proposed,raw/calfire.harvest.proposed/2026/09/20260904T095746Z-aad5bee2239e.json,2
calfire.harvest.proposed,plan:ca:2-26-00078-SIS,2026-09-04T00:00:00Z,2026-09-04T09:57:46Z,status,Proposed,,calfire.harvest.proposed,raw/calfire.harvest.proposed/2026/09/20260904T095746Z-aad5bee2239e.json,2
calfire.harvest.proposed,plan:ca:2-26-00081-NEV,2026-09-04T00:00:00Z,2026-09-04T09:57:46Z,acres,94.47,acres,calfire.harvest.proposed,raw/calfire.harvest.proposed/2026/09/20260904T095746Z-aad5bee2239e.json,2
calfire.harvest.proposed,plan:ca:2-26-00081-NEV,2026-09-04T00:00:00Z,2026-09-04T09:57:46Z,polygons,3,count,calfire.harvest.proposed,raw/calfire.harvest.proposed/2026/09/20260904T095746Z-aad5bee2239e.json,2
calfire.harvest.proposed,plan:ca:2-26-00081-NEV,2026-09-04T00:00:00Z,2026-09-04T09:57:46Z,region,2,,calfire.harvest.proposed,raw/calfire.harvest.proposed/2026/09/20260904T095746Z-aad5bee2239e.json,2
calfire.harvest.proposed,plan:ca:2-26-00081-NEV,2026-09-04T00:00:00Z,2026-09-04T09:57:46Z,silviculture,Group Selection,,calfire.harvest.proposed,raw/calfire.harvest.proposed/2026/09/20260904T095746Z-aad5bee2239e.json,2
calfire.harvest.proposed,plan:ca:2-26-00081-NEV,2026-09-04T00:00:00Z,2026-09-04T09:57:46Z,status,Proposed,,calfire.harvest.proposed,raw/calfire.harvest.proposed/2026/09/20260904T095746Z-aad5bee2239e.json,2
calfire.harvest.proposed,plan:ca:2-26-00083-SIS,2026-09-04T00:00:00Z,2026-09-04T09:57:46Z,acres,1426.19,acres,calfire.harvest.proposed,raw/calfire.harvest.proposed/2026/09/20260904T095746Z-aad5bee2239e.json,2
calfire.harvest.proposed,plan:ca:2-26-00083-SIS,2026-09-04T00:00:00Z,2026-09-04T09:57:46Z,polygons,70,count,calfire.harvest.proposed,raw/calfire.harvest.proposed/2026/09/20260904T095746Z-aad5bee2239e.json,2
calfire.harvest.proposed,plan:ca:2-26-00083-SIS,2026-09-04T00:00:00Z,2026-09-04T09:57:46Z,region,2,,calfire.harvest.proposed,raw/calfire.harvest.proposed/2026/09/20260904T095746Z-aad5bee2239e.json,2
calfire.harvest.proposed,plan:ca:2-26-00083-SIS,2026-09-04T00:00:00Z,2026-09-04T09:57:46Z,silviculture,Commercial Thin,,calfire.harvest.proposed,raw/calfire.harvest.proposed/2026/09/20260904T095746Z-aad5bee2239e.json,2
calfire.harvest.proposed,plan:ca:2-26-00083-SIS,2026-09-04T00:00:00Z,2026-09-04T09:57:46Z,status,Proposed,,calfire.harvest.proposed,raw/calfire.harvest.proposed/2026/09/20260904T095746Z-aad5bee2239e.json,2
calfire.harvest.proposed,plan:ca:2-26-00085-SIS,2026-09-04T00:00:00Z,2026-09-04T09:57:46Z,acres,269.44,acres,calfire.harvest.proposed,raw/calfire.harvest.proposed/2026/09/20260904T095746Z-aad5bee2239e.json,2
calfire.harvest.proposed,plan:ca:2-26-00085-SIS,2026-09-04T00:00:00Z,2026-09-04T09:57:46Z,polygons,16,count,calfire.harvest.proposed,raw/calfire.harvest.proposed/2026/09/20260904T095746Z-aad5bee2239e.json,2
calfire.harvest.proposed,plan:ca:2-26-00085-SIS,2026-09-04T00:00:00Z,2026-09-04T09:57:46Z,region,2,,calfire.harvest.proposed,raw/calfire.harvest.proposed/2026/09/20260904T095746Z-aad5bee2239e.json,2
calfire.harvest.proposed,plan:ca:2-26-00085-SIS,2026-09-04T00:00:00Z,2026-09-04T09:57:46Z,silviculture,Road Right-of-Way,,calfire.harvest.proposed,raw/calfire.harvest.proposed/2026/09/20260904T095746Z-aad5bee2239e.json,2
calfire.harvest.proposed,plan:ca:2-26-00085-SIS,2026-09-04T00:00:00Z,2026-09-04T09:57:46Z,status,Proposed,,calfire.harvest.proposed,raw/calfire.harvest.proposed/2026/09/20260904T095746Z-aad5bee2239e.json,2
calfire.harvest.proposed,plan:ca:2-26-00086-BUT,2026-09-04T00:00:00Z,2026-09-04T09:57:46Z,acres,14.56,acres,calfire.harvest.proposed,raw/calfire.harvest.proposed/2026/09/20260904T095746Z-aad5bee2239e.json,2
calfire.harvest.proposed,plan:ca:2-26-00086-BUT,2026-09-04T00:00:00Z,2026-09-04T09:57:46Z,polygons,2,count,calfire.harvest.proposed,raw/calfire.harvest.proposed/2026/09/20260904T095746Z-aad5bee2239e.json,2
calfire.harvest.proposed,plan:ca:2-26-00086-BUT,2026-09-04T00:00:00Z,2026-09-04T09:57:46Z,region,2,,calfire.harvest.proposed,raw/calfire.harvest.proposed/2026/09/20260904T095746Z-aad5bee2239e.json,2
calfire.harvest.proposed,plan:ca:2-26-00086-BUT,2026-09-04T00:00:00Z,2026-09-04T09:57:46Z,silviculture,Selection,,calfire.harvest.proposed,raw/calfire.harvest.proposed/2026/09/20260904T095746Z-aad5bee2239e.json,2
calfire.harvest.proposed,plan:ca:2-26-00086-BUT,2026-09-04T00:00:00Z,2026-09-04T09:57:46Z,status,Proposed,,calfire.harvest.proposed,raw/calfire.harvest.proposed/2026/09/20260904T095746Z-aad5bee2239e.json,2
calfire.harvest.proposed,plan:ca:2-26-00088-SIS,2026-09-04T00:00:00Z,2026-09-04T09:57:46Z,acres,373.76,acres,calfire.harvest.proposed,raw/calfire.harvest.proposed/2026/09/20260904T095746Z-aad5bee2239e.json,2
calfire.harvest.proposed,plan:ca:2-26-00088-SIS,2026-09-04T00:00:00Z,2026-09-04T09:57:46Z,polygons,2,count,calfire.harvest.proposed,raw/calfire.harvest.proposed/2026/09/20260904T095746Z-aad5bee2239e.json,2
calfire.harvest.proposed,plan:ca:2-26-00088-SIS,2026-09-04T00:00:00Z,2026-09-04T09:57:46Z,region,2,,calfire.harvest.proposed,raw/calfire.harvest.proposed/2026/09/20260904T095746Z-aad5bee2239e.json,2
calfire.harvest.proposed,plan:ca:2-26-00088-SIS,2026-09-04T00:00:00Z,2026-09-04T09:57:46Z,silviculture,Clearcut,,calfire.harvest.proposed,raw/calfire.harvest.proposed/2026/09/20260904T095746Z-aad5bee2239e.json,2
calfire.harvest.proposed,plan:ca:2-26-00088-SIS,2026-09-04T00:00:00Z,2026-09-04T09:57:46Z,status,Proposed,,calfire.harvest.proposed,raw/calfire.harvest.proposed/2026/09/20260904T095746Z-aad5bee2239e.json,2
calfire.harvest.proposed,plan:ca:2-26-00089-YUB,2026-09-04T00:00:00Z,2026-09-04T09:57:46Z,acres,16.54,acres,calfire.harvest.proposed,raw/calfire.harvest.proposed/2026/09/20260904T095746Z-aad5bee2239e.json,2
calfire.harvest.proposed,plan:ca:2-26-00089-YUB,2026-09-04T00:00:00Z,2026-09-04T09:57:46Z,polygons,2,count,calfire.harvest.proposed,raw/calfire.harvest.proposed/2026/09/20260904T095746Z-aad5bee2239e.json,2
calfire.harvest.proposed,plan:ca:2-26-00089-YUB,2026-09-04T00:00:00Z,2026-09-04T09:57:46Z,region,2,,calfire.harvest.proposed,raw/calfire.harvest.proposed/2026/09/20260904T095746Z-aad5bee2239e.json,2
calfire.harvest.proposed,plan:ca:2-26-00089-YUB,2026-09-04T00:00:00Z,2026-09-04T09:57:46Z,silviculture,Group Selection,,calfire.harvest.proposed,raw/calfire.harvest.proposed/2026/09/20260904T095746Z-aad5bee2239e.json,2
calfire.harvest.proposed,plan:ca:2-26-00089-YUB,2026-09-04T00:00:00Z,2026-09-04T09:57:46Z,status,Proposed,,calfire.harvest.proposed,raw/calfire.harvest.proposed/2026/09/20260904T095746Z-aad5bee2239e.json,2
calfire.harvest.proposed,plan:ca:2-26-00092-SIS,2026-09-04T00:00:00Z,2026-09-04T09:57:46Z,acres,166.53,acres,calfire.harvest.proposed,raw/calfire.harvest.proposed/2026/09/20260904T095746Z-aad5bee2239e.json,2
calfire.harvest.proposed,plan:ca:2-26-00092-SIS,2026-09-04T00:00:00Z,2026-09-04T09:57:46Z,polygons,10,count,calfire.harvest.proposed,raw/calfire.harvest.proposed/2026/09/20260904T095746Z-aad5bee2239e.json,2
calfire.harvest.proposed,plan:ca:2-26-00092-SIS,2026-09-04T00:00:00Z,2026-09-04T09:57:46Z,region,2,,calfire.harvest.proposed,raw/calfire.harvest.proposed/2026/09/20260904T095746Z-aad5bee2239e.json,2
calfire.harvest.proposed,plan:ca:2-26-00092-SIS,2026-09-04T00:00:00Z,2026-09-04T09:57:46Z,silviculture,Alternative Prescription,,calfire.harvest.proposed,raw/calfire.harvest.proposed/2026/09/20260904T095746Z-aad5bee2239e.json,2
calfire.harvest.proposed,plan:ca:2-26-00092-SIS,2026-09-04T00:00:00Z,2026-09-04T09:57:46Z,status,Proposed,,calfire.harvest.proposed,raw/calfire.harvest.proposed/2026/09/20260904T095746Z-aad5bee2239e.json,2
calfire.harvest.proposed,plan:ca:2-26-00093-NEV,2026-09-04T00:00:00Z,2026-09-04T09:57:46Z,acres,13.04,acres,calfire.harvest.proposed,raw/calfire.harvest.proposed/2026/09/20260904T095746Z-aad5bee2239e.json,2
calfire.harvest.proposed,plan:ca:2-26-00093-NEV,2026-09-04T00:00:00Z,2026-09-04T09:57:46Z,polygons,1,count,calfire.harvest.proposed,raw/calfire.harvest.proposed/2026/09/20260904T095746Z-aad5bee2239e.json,2
calfire.harvest.proposed,plan:ca:2-26-00093-NEV,2026-09-04T00:00:00Z,2026-09-04T09:57:46Z,region,2,,calfire.harvest.proposed,raw/calfire.harvest.proposed/2026/09/20260904T095746Z-aad5bee2239e.json,2
calfire.harvest.proposed,plan:ca:2-26-00093-NEV,2026-09-04T00:00:00Z,2026-09-04T09:57:46Z,silviculture,Seed Tree Seed Step,,calfire.harvest.proposed,raw/calfire.harvest.proposed/2026/09/20260904T095746Z-aad5bee2239e.json,2
calfire.harvest.proposed,plan:ca:2-26-00093-NEV,2026-09-04T00:00:00Z,2026-09-04T09:57:46Z,status,Withdrawn,,calfire.harvest.proposed,raw/calfire.harvest.proposed/2026/09/20260904T095746Z-aad5bee2239e.json,2
calfire.harvest.proposed,plan:ca:2-26-00094-SHA,2026-09-04T00:00:00Z,2026-09-04T09:57:46Z,acres,319.28,acres,calfire.harvest.proposed,raw/calfire.harvest.proposed/2026/09/20260904T095746Z-aad5bee2239e.json,2
calfire.harvest.proposed,plan:ca:2-26-00094-SHA,2026-09-04T00:00:00Z,2026-09-04T09:57:46Z,polygons,31,count,calfire.harvest.proposed,raw/calfire.harvest.proposed/2026/09/20260904T095746Z-aad5bee2239e.json,2
calfire.harvest.proposed,plan:ca:2-26-00094-SHA,2026-09-04T00:00:00Z,2026-09-04T09:57:46Z,region,2,,calfire.harvest.proposed,raw/calfire.harvest.proposed/2026/09/20260904T095746Z-aad5bee2239e.json,2
calfire.harvest.proposed,plan:ca:2-26-00094-SHA,2026-09-04T00:00:00Z,2026-09-04T09:57:46Z,silviculture,Clearcut,,calfire.harvest.proposed,raw/calfire.harvest.proposed/2026/09/20260904T095746Z-aad5bee2239e.json,2
calfire.harvest.proposed,plan:ca:2-26-00094-SHA,2026-09-04T00:00:00Z,2026-09-04T09:57:46Z,status,Proposed,,calfire.harvest.proposed,raw/calfire.harvest.proposed/2026/09/20260904T095746Z-aad5bee2239e.json,2
calfire.harvest.proposed,plan:ca:2-26-00095-SIS,2026-09-04T00:00:00Z,2026-09-04T09:57:46Z,acres,155.94,acres,calfire.harvest.proposed,raw/calfire.harvest.proposed/2026/09/20260904T095746Z-aad5bee2239e.json,2
calfire.harvest.proposed,plan:ca:2-26-00095-SIS,2026-09-04T00:00:00Z,2026-09-04T09:57:46Z,polygons,6,count,calfire.harvest.proposed,raw/calfire.harvest.proposed/2026/09/20260904T095746Z-aad5bee2239e.json,2
calfire.harvest.proposed,plan:ca:2-26-00095-SIS,2026-09-04T00:00:00Z,2026-09-04T09:57:46Z,region,2,,calfire.harvest.proposed,raw/calfire.harvest.proposed/2026/09/20260904T095746Z-aad5bee2239e.json,2
calfire.harvest.proposed,plan:ca:2-26-00095-SIS,2026-09-04T00:00:00Z,2026-09-04T09:57:46Z,silviculture,Alternative Prescription,,calfire.harvest.proposed,raw/calfire.harvest.proposed/2026/09/20260904T095746Z-aad5bee2239e.json,2
calfire.harvest.proposed,plan:ca:2-26-00095-SIS,2026-09-04T00:00:00Z,2026-09-04T09:57:46Z,status,Proposed,,calfire.harvest.proposed,raw/calfire.harvest.proposed/2026/09/20260904T095746Z-aad5bee2239e.json,2
calfire.harvest.proposed,plan:ca:2-26-00096-SHA,2026-09-04T00:00:00Z,2026-09-04T09:57:46Z,acres,1184.09,acres,calfire.harvest.proposed,raw/calfire.harvest.proposed/2026/09/20260904T095746Z-aad5bee2239e.json,2
calfire.harvest.proposed,plan:ca:2-26-00096-SHA,2026-09-04T00:00:00Z,2026-09-04T09:57:46Z,polygons,48,count,calfire.harvest.proposed,raw/calfire.harvest.proposed/2026/09/20260904T095746Z-aad5bee2239e.json,2
calfire.harvest.proposed,plan:ca:2-26-00096-SHA,2026-09-04T00:00:00Z,2026-09-04T09:57:46Z,region,2,,calfire.harvest.proposed,raw/calfire.harvest.proposed/2026/09/20260904T095746Z-aad5bee2239e.json,2
calfire.harvest.proposed,plan:ca:2-26-00096-SHA,2026-09-04T00:00:00Z,2026-09-04T09:57:46Z,silviculture,Selection,,calfire.harvest.proposed,raw/calfire.harvest.proposed/2026/09/20260904T095746Z-aad5bee2239e.json,2
calfire.harvest.proposed,plan:ca:2-26-00096-SHA,2026-09-04T00:00:00Z,2026-09-04T09:57:46Z,status,Proposed,,calfire.harvest.proposed,raw/calfire.harvest.proposed/2026/09/20260904T095746Z-aad5bee2239e.json,2
calfire.harvest.proposed,plan:ca:2-26-00103-NEV,2026-09-04T00:00:00Z,2026-09-04T09:57:48Z,acres,13.39,acres,calfire.harvest.proposed,raw/calfire.harvest.proposed/2026/09/20260904T095748Z-a9eaf663d86d.json,2
calfire.harvest.proposed,plan:ca:2-26-00103-NEV,2026-09-04T00:00:00Z,2026-09-04T09:57:48Z,polygons,1,count,calfire.harvest.proposed,raw/calfire.harvest.proposed/2026/09/20260904T095748Z-a9eaf663d86d.json,2
calfire.harvest.proposed,plan:ca:2-26-00103-NEV,2026-09-04T00:00:00Z,2026-09-04T09:57:48Z,region,2,,calfire.harvest.proposed,raw/calfire.harvest.proposed/2026/09/20260904T095748Z-a9eaf663d86d.json,2
calfire.harvest.proposed,plan:ca:2-26-00103-NEV,2026-09-04T00:00:00Z,2026-09-04T09:57:48Z,silviculture,Seed Tree Seed Step,,calfire.harvest.proposed,raw/calfire.harvest.proposed/2026/09/20260904T095748Z-a9eaf663d86d.json,2
calfire.harvest.proposed,plan:ca:2-26-00103-NEV,2026-09-04T00:00:00Z,2026-09-04T09:57:48Z,status,Proposed,,calfire.harvest.proposed,raw/calfire.harvest.proposed/2026/09/20260904T095748Z-a9eaf663d86d.json,2
calfire.harvest.proposed,plan:ca:2-26-00109-NEV,2026-09-04T00:00:00Z,2026-09-04T09:57:48Z,acres,18.08,acres,calfire.harvest.proposed,raw/calfire.harvest.proposed/2026/09/20260904T095748Z-a9eaf663d86d.json,2
calfire.harvest.proposed,plan:ca:2-26-00109-NEV,2026-09-04T00:00:00Z,2026-09-04T09:57:48Z,polygons,1,count,calfire.harvest.proposed,raw/calfire.harvest.proposed/2026/09/20260904T095748Z-a9eaf663d86d.json,2
calfire.harvest.proposed,plan:ca:2-26-00109-NEV,2026-09-04T00:00:00Z,2026-09-04T09:57:48Z,region,2,,calfire.harvest.proposed,raw/calfire.harvest.proposed/2026/09/20260904T095748Z-a9eaf663d86d.json,2
calfire.harvest.proposed,plan:ca:2-26-00109-NEV,2026-09-04T00:00:00Z,2026-09-04T09:57:48Z,silviculture,Selection,,calfire.harvest.proposed,raw/calfire.harvest.proposed/2026/09/20260904T095748Z-a9eaf663d86d.json,2
calfire.harvest.proposed,plan:ca:2-26-00109-NEV,2026-09-04T00:00:00Z,2026-09-04T09:57:48Z,status,Proposed,,calfire.harvest.proposed,raw/calfire.harvest.proposed/2026/09/20260904T095748Z-a9eaf663d86d.json,2
calfire.harvest.proposed,plan:ca:2-26-00111-MOD,2026-09-04T00:00:00Z,2026-09-04T09:57:48Z,acres,1634.13,acres,calfire.harvest.proposed,raw/calfire.harvest.proposed/2026/09/20260904T095748Z-a9eaf663d86d.json,2
calfire.harvest.proposed,plan:ca:2-26-00111-MOD,2026-09-04T00:00:00Z,2026-09-04T09:57:48Z,polygons,74,count,calfire.harvest.proposed,raw/calfire.harvest.proposed/2026/09/20260904T095748Z-a9eaf663d86d.json,2
calfire.harvest.proposed,plan:ca:2-26-00111-MOD,2026-09-04T00:00:00Z,2026-09-04T09:57:48Z,region,2,,calfire.harvest.proposed,raw/calfire.harvest.proposed/2026/09/20260904T095748Z-a9eaf663d86d.json,2
calfire.harvest.proposed,plan:ca:2-26-00111-MOD,2026-09-04T00:00:00Z,2026-09-04T09:57:48Z,silviculture,Road Right-of-Way,,calfire.harvest.proposed,raw/calfire.harvest.proposed/2026/09/20260904T095748Z-a9eaf663d86d.json,2
calfire.harvest.proposed,plan:ca:2-26-00111-MOD,2026-09-04T00:00:00Z,2026-09-04T09:57:48Z,status,Proposed,,calfire.harvest.proposed,raw/calfire.harvest.proposed/2026/09/20260904T095748Z-a9eaf663d86d.json,2
calfire.harvest.proposed,plan:ca:2-26-00112-TRI,2026-09-04T00:00:00Z,2026-09-04T09:57:48Z,acres,394.98,acres,calfire.harvest.proposed,raw/calfire.harvest.proposed/2026/09/20260904T095748Z-a9eaf663d86d.json,2
calfire.harvest.proposed,plan:ca:2-26-00112-TRI,2026-09-04T00:00:00Z,2026-09-04T09:57:48Z,polygons,25,count,calfire.harvest.proposed,raw/calfire.harvest.proposed/2026/09/20260904T095748Z-a9eaf663d86d.json,2
calfire.harvest.proposed,plan:ca:2-26-00112-TRI,2026-09-04T00:00:00Z,2026-09-04T09:57:48Z,region,2,,calfire.harvest.proposed,raw/calfire.harvest.proposed/2026/09/20260904T095748Z-a9eaf663d86d.json,2
calfire.harvest.proposed,plan:ca:2-26-00112-TRI,2026-09-04T00:00:00Z,2026-09-04T09:57:48Z,silviculture,No Harvest Area,,calfire.harvest.proposed,raw/calfire.harvest.proposed/2026/09/20260904T095748Z-a9eaf663d86d.json,2
calfire.harvest.proposed,plan:ca:2-26-00112-TRI,2026-09-04T00:00:00Z,2026-09-04T09:57:48Z,status,Proposed,,calfire.harvest.proposed,raw/calfire.harvest.proposed/2026/09/20260904T095748Z-a9eaf663d86d.json,2
calfire.harvest.proposed,plan:ca:2-26-00117-SIS,2026-09-04T00:00:00Z,2026-09-04T09:57:48Z,acres,291.85,acres,calfire.harvest.proposed,raw/calfire.harvest.proposed/2026/09/20260904T095748Z-a9eaf663d86d.json,2
calfire.harvest.proposed,plan:ca:2-26-00117-SIS,2026-09-04T00:00:00Z,2026-09-04T09:57:48Z,polygons,15,count,calfire.harvest.proposed,raw/calfire.harvest.proposed/2026/09/20260904T095748Z-a9eaf663d86d.json,2
calfire.harvest.proposed,plan:ca:2-26-00117-SIS,2026-09-04T00:00:00Z,2026-09-04T09:57:48Z,region,2,,calfire.harvest.proposed,raw/calfire.harvest.proposed/2026/09/20260904T095748Z-a9eaf663d86d.json,2
calfire.harvest.proposed,plan:ca:2-26-00117-SIS,2026-09-04T00:00:00Z,2026-09-04T09:57:48Z,silviculture,Road Right-of-Way,,calfire.harvest.proposed,raw/calfire.harvest.proposed/2026/09/20260904T095748Z-a9eaf663d86d.json,2
calfire.harvest.proposed,plan:ca:2-26-00117-SIS,2026-09-04T00:00:00Z,2026-09-04T09:57:48Z,status,Proposed,,calfire.harvest.proposed,raw/calfire.harvest.proposed/2026/09/20260904T095748Z-a9eaf663d86d.json,2
calfire.harvest.proposed,plan:ca:3-21-00177-SBR,2026-09-04T00:00:00Z,2026-09-04T09:57:50Z,acres,14.85,acres,calfire.harvest.proposed,raw/calfire.harvest.proposed/2026/09/20260904T095750Z-2a9ded762600.json,2
calfire.harvest.proposed,plan:ca:3-21-00177-SBR,2026-09-04T00:00:00Z,2026-09-04T09:57:50Z,polygons,1,count,calfire.harvest.proposed,raw/calfire.harvest.proposed/2026/09/20260904T095750Z-2a9ded762600.json,2
calfire.harvest.proposed,plan:ca:3-21-00177-SBR,2026-09-04T00:00:00Z,2026-09-04T09:57:50Z,region,3,,calfire.harvest.proposed,raw/calfire.harvest.proposed/2026/09/20260904T095750Z-2a9ded762600.json,2
calfire.harvest.proposed,plan:ca:3-21-00177-SBR,2026-09-04T00:00:00Z,2026-09-04T09:57:50Z,silviculture,Conversion,,calfire.harvest.proposed,raw/calfire.harvest.proposed/2026/09/20260904T095750Z-2a9ded762600.json,2
calfire.harvest.proposed,plan:ca:3-21-00177-SBR,2026-09-04T00:00:00Z,2026-09-04T09:57:50Z,status,Withdrawn,,calfire.harvest.proposed,raw/calfire.harvest.proposed/2026/09/20260904T095750Z-2a9ded762600.json,2
calfire.harvest.proposed,plan:ca:3-22-00007-MOO,2026-09-04T00:00:00Z,2026-09-04T09:57:50Z,acres,8.21,acres,calfire.harvest.proposed,raw/calfire.harvest.proposed/2026/09/20260904T095750Z-2a9ded762600.json,2
calfire.harvest.proposed,plan:ca:3-22-00007-MOO,2026-09-04T00:00:00Z,2026-09-04T09:57:50Z,polygons,2,count,calfire.harvest.proposed,raw/calfire.harvest.proposed/2026/09/20260904T095750Z-2a9ded762600.json,2
calfire.harvest.proposed,plan:ca:3-22-00007-MOO,2026-09-04T00:00:00Z,2026-09-04T09:57:50Z,region,3,,calfire.harvest.proposed,raw/calfire.harvest.proposed/2026/09/20260904T095750Z-2a9ded762600.json,2
calfire.harvest.proposed,plan:ca:3-22-00007-MOO,2026-09-04T00:00:00Z,2026-09-04T09:57:50Z,silviculture,Conversion,,calfire.harvest.proposed,raw/calfire.harvest.proposed/2026/09/20260904T095750Z-2a9ded762600.json,2
calfire.harvest.proposed,plan:ca:3-22-00007-MOO,2026-09-04T00:00:00Z,2026-09-04T09:57:50Z,status,Withdrawn,,calfire.harvest.proposed,raw/calfire.harvest.proposed/2026/09/20260904T095750Z-2a9ded762600.json,2
calfire.harvest.proposed,plan:ca:3-25-00171-MOO,2026-09-04T00:00:00Z,2026-09-04T09:57:50Z,acres,7.32,acres,calfire.harvest.proposed,raw/calfire.harvest.proposed/2026/09/20260904T095750Z-2a9ded762600.json,2
calfire.harvest.proposed,plan:ca:3-25-00171-MOO,2026-09-04T00:00:00Z,2026-09-04T09:57:50Z,polygons,1,count,calfire.harvest.proposed,raw/calfire.harvest.proposed/2026/09/20260904T095750Z-2a9ded762600.json,2
calfire.harvest.proposed,plan:ca:3-25-00171-MOO,2026-09-04T00:00:00Z,2026-09-04T09:57:50Z,region,3,,calfire.harvest.proposed,raw/calfire.harvest.proposed/2026/09/20260904T095750Z-2a9ded762600.json,2
calfire.harvest.proposed,plan:ca:3-25-00171-MOO,2026-09-04T00:00:00Z,2026-09-04T09:57:50Z,silviculture,Conversion,,calfire.harvest.proposed,raw/calfire.harvest.proposed/2026/09/20260904T095750Z-2a9ded762600.json,2
calfire.harvest.proposed,plan:ca:3-25-00171-MOO,2026-09-04T00:00:00Z,2026-09-04T09:57:50Z,status,Proposed,,calfire.harvest.proposed,raw/calfire.harvest.proposed/2026/09/20260904T095750Z-2a9ded762600.json,2
calfire.harvest.proposed,plan:ca:4-17NTMP-001-TUO,2026-09-04T00:00:00Z,2026-09-04T09:57:52Z,acres,515.05,acres,calfire.harvest.proposed,raw/calfire.harvest.proposed/2026/09/20260904T095752Z-71aef930524e.json,2
calfire.harvest.proposed,plan:ca:4-17NTMP-001-TUO,2026-09-04T00:00:00Z,2026-09-04T09:57:52Z,polygons,14,count,calfire.harvest.proposed,raw/calfire.harvest.proposed/2026/09/20260904T095752Z-71aef930524e.json,2
calfire.harvest.proposed,plan:ca:4-17NTMP-001-TUO,2026-09-04T00:00:00Z,2026-09-04T09:57:52Z,region,4,,calfire.harvest.proposed,raw/calfire.harvest.proposed/2026/09/20260904T095752Z-71aef930524e.json,2
calfire.harvest.proposed,plan:ca:4-17NTMP-001-TUO,2026-09-04T00:00:00Z,2026-09-04T09:57:52Z,silviculture,Group Selection,,calfire.harvest.proposed,raw/calfire.harvest.proposed/2026/09/20260904T095752Z-71aef930524e.json,2
calfire.harvest.proposed,plan:ca:4-17NTMP-001-TUO,2026-09-04T00:00:00Z,2026-09-04T09:57:52Z,status,Withdrawn,,calfire.harvest.proposed,raw/calfire.harvest.proposed/2026/09/20260904T095752Z-71aef930524e.json,2
calfire.harvest.proposed,plan:ca:4-19-00105-ELD,2026-09-04T00:00:00Z,2026-09-04T09:57:52Z,acres,139.36,acres,calfire.harvest.proposed,raw/calfire.harvest.proposed/2026/09/20260904T095752Z-71aef930524e.json,2
calfire.harvest.proposed,plan:ca:4-19-00105-ELD,2026-09-04T00:00:00Z,2026-09-04T09:57:52Z,polygons,7,count,calfire.harvest.proposed,raw/calfire.harvest.proposed/2026/09/20260904T095752Z-71aef930524e.json,2
calfire.harvest.proposed,plan:ca:4-19-00105-ELD,2026-09-04T00:00:00Z,2026-09-04T09:57:52Z,region,4,,calfire.harvest.proposed,raw/calfire.harvest.proposed/2026/09/20260904T095752Z-71aef930524e.json,2
calfire.harvest.proposed,plan:ca:4-19-00105-ELD,2026-09-04T00:00:00Z,2026-09-04T09:57:52Z,silviculture,Transition,,calfire.harvest.proposed,raw/calfire.harvest.proposed/2026/09/20260904T095752Z-71aef930524e.json,2
calfire.harvest.proposed,plan:ca:4-19-00105-ELD,2026-09-04T00:00:00Z,2026-09-04T09:57:52Z,status,Withdrawn,,calfire.harvest.proposed,raw/calfire.harvest.proposed/2026/09/20260904T095752Z-71aef930524e.json,2
calfire.harvest.proposed,plan:ca:4-19-00205-TUL,2026-09-04T00:00:00Z,2026-09-04T09:57:52Z,acres,629.7,acres,calfire.harvest.proposed,raw/calfire.harvest.proposed/2026/09/20260904T095752Z-71aef930524e.json,2
calfire.harvest.proposed,plan:ca:4-19-00205-TUL,2026-09-04T00:00:00Z,2026-09-04T09:57:52Z,polygons,5,count,calfire.harvest.proposed,raw/calfire.harvest.proposed/2026/09/20260904T095752Z-71aef930524e.json,2
calfire.harvest.proposed,plan:ca:4-19-00205-TUL,2026-09-04T00:00:00Z,2026-09-04T09:57:52Z,region,4,,calfire.harvest.proposed,raw/calfire.harvest.proposed/2026/09/20260904T095752Z-71aef930524e.json,2
calfire.harvest.proposed,plan:ca:4-19-00205-TUL,2026-09-04T00:00:00Z,2026-09-04T09:57:52Z,silviculture,Group Selection,,calfire.harvest.proposed,raw/calfire.harvest.proposed/2026/09/20260904T095752Z-71aef930524e.json,2
calfire.harvest.proposed,plan:ca:4-19-00205-TUL,2026-09-04T00:00:00Z,2026-09-04T09:57:52Z,status,Withdrawn,,calfire.harvest.proposed,raw/calfire.harvest.proposed/2026/09/20260904T095752Z-71aef930524e.json,2
calfire.harvest.proposed,plan:ca:4-20-00176-AMA,2026-09-04T00:00:00Z,2026-09-04T09:57:52Z,acres,729.8,acres,calfire.harvest.proposed,raw/calfire.harvest.proposed/2026/09/20260904T095752Z-71aef930524e.json,2
calfire.harvest.proposed,plan:ca:4-20-00176-AMA,2026-09-04T00:00:00Z,2026-09-04T09:57:52Z,polygons,37,count,calfire.harvest.proposed,raw/calfire.harvest.proposed/2026/09/20260904T095752Z-71aef930524e.json,2
calfire.harvest.proposed,plan:ca:4-20-00176-AMA,2026-09-04T00:00:00Z,2026-09-04T09:57:52Z,region,4,,calfire.harvest.proposed,raw/calfire.harvest.proposed/2026/09/20260904T095752Z-71aef930524e.json,2
calfire.harvest.proposed,plan:ca:4-20-00176-AMA,2026-09-04T00:00:00Z,2026-09-04T09:57:52Z,silviculture,Fuelbreak/Defensible Space,,calfire.harvest.proposed,raw/calfire.harvest.proposed/2026/09/20260904T095752Z-71aef930524e.json,2
calfire.harvest.proposed,plan:ca:4-20-00176-AMA,2026-09-04T00:00:00Z,2026-09-04T09:57:52Z,status,Withdrawn,,calfire.harvest.proposed,raw/calfire.harvest.proposed/2026/09/20260904T095752Z-71aef930524e.json,2
calfire.harvest.proposed,plan:ca:4-20-00200-AMA,2026-09-04T00:00:00Z,2026-09-04T09:57:52Z,acres,732.56,acres,calfire.harvest.proposed,raw/calfire.harvest.proposed/2026/09/20260904T095752Z-71aef930524e.json,2
calfire.harvest.proposed,plan:ca:4-20-00200-AMA,2026-09-04T00:00:00Z,2026-09-04T09:57:52Z,polygons,37,count,calfire.harvest.proposed,raw/calfire.harvest.proposed/2026/09/20260904T095752Z-71aef930524e.json,2
calfire.harvest.proposed,plan:ca:4-20-00200-AMA,2026-09-04T00:00:00Z,2026-09-04T09:57:52Z,region,4,,calfire.harvest.proposed,raw/calfire.harvest.proposed/2026/09/20260904T095752Z-71aef930524e.json,2
calfire.harvest.proposed,plan:ca:4-20-00200-AMA,2026-09-04T00:00:00Z,2026-09-04T09:57:52Z,silviculture,Fuelbreak/Defensible Space,,calfire.harvest.proposed,raw/calfire.harvest.proposed/2026/09/20260904T095752Z-71aef930524e.json,2
calfire.harvest.proposed,plan:ca:4-20-00200-AMA,2026-09-04T00:00:00Z,2026-09-04T09:57:52Z,status,Withdrawn,,calfire.harvest.proposed,raw/calfire.harvest.proposed/2026/09/20260904T095752Z-71aef930524e.json,2
calfire.harvest.proposed,plan:ca:4-21-00027-AMA,2026-09-04T00:00:00Z,2026-09-04T09:57:52Z,acres,153.31,acres,calfire.harvest.proposed,raw/calfire.harvest.proposed/2026/09/20260904T095752Z-71aef930524e.json,2
calfire.harvest.proposed,plan:ca:4-21-00027-AMA,2026-09-04T00:00:00Z,2026-09-04T09:57:52Z,polygons,4,count,calfire.harvest.proposed,raw/calfire.harvest.proposed/2026/09/20260904T095752Z-71aef930524e.json,2
calfire.harvest.proposed,plan:ca:4-21-00027-AMA,2026-09-04T00:00:00Z,2026-09-04T09:57:52Z,region,4,,calfire.harvest.proposed,raw/calfire.harvest.proposed/2026/09/20260904T095752Z-71aef930524e.json,2
calfire.harvest.proposed,plan:ca:4-21-00027-AMA,2026-09-04T00:00:00Z,2026-09-04T09:57:52Z,silviculture,Fuelbreak/Defensible Space,,calfire.harvest.proposed,raw/calfire.harvest.proposed/2026/09/20260904T095752Z-71aef930524e.json,2
calfire.harvest.proposed,plan:ca:4-21-00027-AMA,2026-09-04T00:00:00Z,2026-09-04T09:57:52Z,status,Withdrawn,,calfire.harvest.proposed,raw/calfire.harvest.proposed/2026/09/20260904T095752Z-71aef930524e.json,2
calfire.harvest.proposed,plan:ca:4-22-00070-FRE,2026-09-04T00:00:00Z,2026-09-04T09:57:52Z,acres,14.1,acres,calfire.harvest.proposed,raw/calfire.harvest.proposed/2026/09/20260904T095752Z-71aef930524e.json,2
calfire.harvest.proposed,plan:ca:4-22-00070-FRE,2026-09-04T00:00:00Z,2026-09-04T09:57:52Z,polygons,1,count,calfire.harvest.proposed,raw/calfire.harvest.proposed/2026/09/20260904T095752Z-71aef930524e.json,2
calfire.harvest.proposed,plan:ca:4-22-00070-FRE,2026-09-04T00:00:00Z,2026-09-04T09:57:52Z,region,4,,calfire.harvest.proposed,raw/calfire.harvest.proposed/2026/09/20260904T095752Z-71aef930524e.json,2
calfire.harvest.proposed,plan:ca:4-22-00070-FRE,2026-09-04T00:00:00Z,2026-09-04T09:57:52Z,silviculture,Selection,,calfire.harvest.proposed,raw/calfire.harvest.proposed/2026/09/20260904T095752Z-71aef930524e.json,2
calfire.harvest.proposed,plan:ca:4-22-00070-FRE,2026-09-04T00:00:00Z,2026-09-04T09:57:52Z,status,Proposed,,calfire.harvest.proposed,raw/calfire.harvest.proposed/2026/09/20260904T095752Z-71aef930524e.json,2
calfire.harvest.proposed,plan:ca:4-25-00159-TUO,2026-09-04T00:00:00Z,2026-09-04T09:57:54Z,acres,1021.77,acres,calfire.harvest.proposed,raw/calfire.harvest.proposed/2026/09/20260904T095754Z-41db79b56213.json,2
calfire.harvest.proposed,plan:ca:4-25-00159-TUO,2026-09-04T00:00:00Z,2026-09-04T09:57:54Z,polygons,112,count,calfire.harvest.proposed,raw/calfire.harvest.proposed/2026/09/20260904T095754Z-41db79b56213.json,2
calfire.harvest.proposed,plan:ca:4-25-00159-TUO,2026-09-04T00:00:00Z,2026-09-04T09:57:54Z,region,4,,calfire.harvest.proposed,raw/calfire.harvest.proposed/2026/09/20260904T095754Z-41db79b56213.json,2
calfire.harvest.proposed,plan:ca:4-25-00159-TUO,2026-09-04T00:00:00Z,2026-09-04T09:57:54Z,silviculture,Road Right-of-Way,,calfire.harvest.proposed,raw/calfire.harvest.proposed/2026/09/20260904T095754Z-41db79b56213.json,2
calfire.harvest.proposed,plan:ca:4-25-00159-TUO,2026-09-04T00:00:00Z,2026-09-04T09:57:54Z,status,Proposed,,calfire.harvest.proposed,raw/calfire.harvest.proposed/2026/09/20260904T095754Z-41db79b56213.json,2
calfire.harvest.proposed,plan:ca:4-25-00169-TUO,2026-09-04T00:00:00Z,2026-09-04T09:57:54Z,acres,545.14,acres,calfire.harvest.proposed,raw/calfire.harvest.proposed/2026/09/20260904T095754Z-41db79b56213.json,2
calfire.harvest.proposed,plan:ca:4-25-00169-TUO,2026-09-04T00:00:00Z,2026-09-04T09:57:54Z,polygons,65,count,calfire.harvest.proposed,raw/calfire.harvest.proposed/2026/09/20260904T095754Z-41db79b56213.json,2
calfire.harvest.proposed,plan:ca:4-25-00169-TUO,2026-09-04T00:00:00Z,2026-09-04T09:57:54Z,region,4,,calfire.harvest.proposed,raw/calfire.harvest.proposed/2026/09/20260904T095754Z-41db79b56213.json,2
calfire.harvest.proposed,plan:ca:4-25-00169-TUO,2026-09-04T00:00:00Z,2026-09-04T09:57:54Z,silviculture,No Harvest Area,,calfire.harvest.proposed,raw/calfire.harvest.proposed/2026/09/20260904T095754Z-41db79b56213.json,2
calfire.harvest.proposed,plan:ca:4-25-00169-TUO,2026-09-04T00:00:00Z,2026-09-04T09:57:54Z,status,Proposed,,calfire.harvest.proposed,raw/calfire.harvest.proposed/2026/09/20260904T095754Z-41db79b56213.json,2
calfire.harvest.proposed,plan:ca:4-25-00172-ELD,2026-09-04T00:00:00Z,2026-09-04T09:57:54Z,acres,1738.68,acres,calfire.harvest.proposed,raw/calfire.harvest.proposed/2026/09/20260904T095754Z-41db79b56213.json,2
calfire.harvest.proposed,plan:ca:4-25-00172-ELD,2026-09-04T00:00:00Z,2026-09-04T09:57:54Z,polygons,164,count,calfire.harvest.proposed,raw/calfire.harvest.proposed/2026/09/20260904T095754Z-41db79b56213.json,2
calfire.harvest.proposed,plan:ca:4-25-00172-ELD,2026-09-04T00:00:00Z,2026-09-04T09:57:54Z,region,4,,calfire.harvest.proposed,raw/calfire.harvest.proposed/2026/09/20260904T095754Z-41db79b56213.json,2
calfire.harvest.proposed,plan:ca:4-25-00172-ELD,2026-09-04T00:00:00Z,2026-09-04T09:57:54Z,silviculture,Commercial Thin,,calfire.harvest.proposed,raw/calfire.harvest.proposed/2026/09/20260904T095754Z-41db79b56213.json,2
calfire.harvest.proposed,plan:ca:4-25-00172-ELD,2026-09-04T00:00:00Z,2026-09-04T09:57:54Z,status,Proposed,,calfire.harvest.proposed,raw/calfire.harvest.proposed/2026/09/20260904T095754Z-41db79b56213.json,2
calfire.harvest.proposed,plan:ca:4-25-00177-AMA,2026-09-04T00:00:00Z,2026-09-04T09:57:54Z,acres,1522.6,acres,calfire.harvest.proposed,raw/calfire.harvest.proposed/2026/09/20260904T095754Z-41db79b56213.json,2
calfire.harvest.proposed,plan:ca:4-25-00177-AMA,2026-09-04T00:00:00Z,2026-09-04T09:57:54Z,polygons,101,count,calfire.harvest.proposed,raw/calfire.harvest.proposed/2026/09/20260904T095754Z-41db79b56213.json,2
calfire.harvest.proposed,plan:ca:4-25-00177-AMA,2026-09-04T00:00:00Z,2026-09-04T09:57:54Z,region,4,,calfire.harvest.proposed,raw/calfire.harvest.proposed/2026/09/20260904T095754Z-41db79b56213.json,2
calfire.harvest.proposed,plan:ca:4-25-00177-AMA,2026-09-04T00:00:00Z,2026-09-04T09:57:54Z,silviculture,Selection,,calfire.harvest.proposed,raw/calfire.harvest.proposed/2026/09/20260904T095754Z-41db79b56213.json,2
calfire.harvest.proposed,plan:ca:4-25-00177-AMA,2026-09-04T00:00:00Z,2026-09-04T09:57:54Z,status,Proposed,,calfire.harvest.proposed,raw/calfire.harvest.proposed/2026/09/20260904T095754Z-41db79b56213.json,2
calfire.harvest.proposed,plan:ca:4-25-00223-ELD,2026-09-04T00:00:00Z,2026-09-04T09:57:54Z,acres,997.49,acres,calfire.harvest.proposed,raw/calfire.harvest.proposed/2026/09/20260904T095754Z-41db79b56213.json,2
calfire.harvest.proposed,plan:ca:4-25-00223-ELD,2026-09-04T00:00:00Z,2026-09-04T09:57:54Z,polygons,66,count,calfire.harvest.proposed,raw/calfire.harvest.proposed/2026/09/20260904T095754Z-41db79b56213.json,2
calfire.harvest.proposed,plan:ca:4-25-00223-ELD,2026-09-04T00:00:00Z,2026-09-04T09:57:54Z,region,4,,calfire.harvest.proposed,raw/calfire.harvest.proposed/2026/09/20260904T095754Z-41db79b56213.json,2
calfire.harvest.proposed,plan:ca:4-25-00223-ELD,2026-09-04T00:00:00Z,2026-09-04T09:57:54Z,silviculture,Alternative Prescription,,calfire.harvest.proposed,raw/calfire.harvest.proposed/2026/09/20260904T095754Z-41db79b56213.json,2
calfire.harvest.proposed,plan:ca:4-25-00223-ELD,2026-09-04T00:00:00Z,2026-09-04T09:57:54Z,status,Proposed,,calfire.harvest.proposed,raw/calfire.harvest.proposed/2026/09/20260904T095754Z-41db79b56213.json,2
calfire.harvest.proposed,plan:ca:4-26-00042-ELD,2026-09-04T00:00:00Z,2026-09-04T09:57:54Z,acres,13.79,acres,calfire.harvest.proposed,raw/calfire.harvest.proposed/2026/09/20260904T095754Z-41db79b56213.json,2
calfire.harvest.proposed,plan:ca:4-26-00042-ELD,2026-09-04T00:00:00Z,2026-09-04T09:57:54Z,polygons,2,count,calfire.harvest.proposed,raw/calfire.harvest.proposed/2026/09/20260904T095754Z-41db79b56213.json,2
calfire.harvest.proposed,plan:ca:4-26-00042-ELD,2026-09-04T00:00:00Z,2026-09-04T09:57:54Z,region,4,,calfire.harvest.proposed,raw/calfire.harvest.proposed/2026/09/20260904T095754Z-41db79b56213.json,2
calfire.harvest.proposed,plan:ca:4-26-00042-ELD,2026-09-04T00:00:00Z,2026-09-04T09:57:54Z,silviculture,Conversion,,calfire.harvest.proposed,raw/calfire.harvest.proposed/2026/09/20260904T095754Z-41db79b56213.json,2
calfire.harvest.proposed,plan:ca:4-26-00042-ELD,2026-09-04T00:00:00Z,2026-09-04T09:57:54Z,status,Proposed,,calfire.harvest.proposed,raw/calfire.harvest.proposed/2026/09/20260904T095754Z-41db79b56213.json,2
calfire.harvest.proposed,plan:ca:4-26-00062-ELD,2026-09-04T00:00:00Z,2026-09-04T09:57:54Z,acres,165.05,acres,calfire.harvest.proposed,raw/calfire.harvest.proposed/2026/09/20260904T095754Z-41db79b56213.json,2
calfire.harvest.proposed,plan:ca:4-26-00062-ELD,2026-09-04T00:00:00Z,2026-09-04T09:57:54Z,polygons,17,count,calfire.harvest.proposed,raw/calfire.harvest.proposed/2026/09/20260904T095754Z-41db79b56213.json,2
calfire.harvest.proposed,plan:ca:4-26-00062-ELD,2026-09-04T00:00:00Z,2026-09-04T09:57:54Z,region,4,,calfire.harvest.proposed,raw/calfire.harvest.proposed/2026/09/20260904T095754Z-41db79b56213.json,2
calfire.harvest.proposed,plan:ca:4-26-00062-ELD,2026-09-04T00:00:00Z,2026-09-04T09:57:54Z,silviculture,Fuelbreak/Defensible Space,,calfire.harvest.proposed,raw/calfire.harvest.proposed/2026/09/20260904T095754Z-41db79b56213.json,2
calfire.harvest.proposed,plan:ca:4-26-00062-ELD,2026-09-04T00:00:00Z,2026-09-04T09:57:54Z,status,Proposed,,calfire.harvest.proposed,raw/calfire.harvest.proposed/2026/09/20260904T095754Z-41db79b56213.json,2
calfire.harvest.proposed,plan:ca:4-26-00087-ELD,2026-09-04T00:00:00Z,2026-09-04T09:57:54Z,acres,839.65,acres,calfire.harvest.proposed,raw/calfire.harvest.proposed/2026/09/20260904T095754Z-41db79b56213.json,2
calfire.harvest.proposed,plan:ca:4-26-00087-ELD,2026-09-04T00:00:00Z,2026-09-04T09:57:54Z,polygons,76,count,calfire.harvest.proposed,raw/calfire.harvest.proposed/2026/09/20260904T095754Z-41db79b56213.json,2
calfire.harvest.proposed,plan:ca:4-26-00087-ELD,2026-09-04T00:00:00Z,2026-09-04T09:57:54Z,region,4,,calfire.harvest.proposed,raw/calfire.harvest.proposed/2026/09/20260904T095754Z-41db79b56213.json,2
calfire.harvest.proposed,plan:ca:4-26-00087-ELD,2026-09-04T00:00:00Z,2026-09-04T09:57:54Z,silviculture,Selection,,calfire.harvest.proposed,raw/calfire.harvest.proposed/2026/09/20260904T095754Z-41db79b56213.json,2
calfire.harvest.proposed,plan:ca:4-26-00087-ELD,2026-09-04T00:00:00Z,2026-09-04T09:57:54Z,status,Proposed,,calfire.harvest.proposed,raw/calfire.harvest.proposed/2026/09/20260904T095754Z-41db79b56213.json,2
calfire.harvest.proposed,plan:ca:4-26-00097-ELD,2026-09-04T00:00:00Z,2026-09-04T09:57:54Z,acres,251.29,acres,calfire.harvest.proposed,raw/calfire.harvest.proposed/2026/09/20260904T095754Z-41db79b56213.json,2
calfire.harvest.proposed,plan:ca:4-26-00097-ELD,2026-09-04T00:00:00Z,2026-09-04T09:57:54Z,polygons,21,count,calfire.harvest.proposed,raw/calfire.harvest.proposed/2026/09/20260904T095754Z-41db79b56213.json,2
calfire.harvest.proposed,plan:ca:4-26-00097-ELD,2026-09-04T00:00:00Z,2026-09-04T09:57:54Z,region,4,,calfire.harvest.proposed,raw/calfire.harvest.proposed/2026/09/20260904T095754Z-41db79b56213.json,2
calfire.harvest.proposed,plan:ca:4-26-00097-ELD,2026-09-04T00:00:00Z,2026-09-04T09:57:54Z,silviculture,Commercial Thin,,calfire.harvest.proposed,raw/calfire.harvest.proposed/2026/09/20260904T095754Z-41db79b56213.json,2
calfire.harvest.proposed,plan:ca:4-26-00097-ELD,2026-09-04T00:00:00Z,2026-09-04T09:57:54Z,status,Proposed,,calfire.harvest.proposed,raw/calfire.harvest.proposed/2026/09/20260904T095754Z-41db79b56213.json,2
calfire.harvest.proposed,plan:ca:4-26-00098-CAL,2026-09-04T00:00:00Z,2026-09-04T09:57:54Z,acres,611.28,acres,calfire.harvest.proposed,raw/calfire.harvest.proposed/2026/09/20260904T095754Z-41db79b56213.json,2
calfire.harvest.proposed,plan:ca:4-26-00098-CAL,2026-09-04T00:00:00Z,2026-09-04T09:57:54Z,polygons,56,count,calfire.harvest.proposed,raw/calfire.harvest.proposed/2026/09/20260904T095754Z-41db79b56213.json,2
calfire.harvest.proposed,plan:ca:4-26-00098-CAL,2026-09-04T00:00:00Z,2026-09-04T09:57:54Z,region,4,,calfire.harvest.proposed,raw/calfire.harvest.proposed/2026/09/20260904T095754Z-41db79b56213.json,2
calfire.harvest.proposed,plan:ca:4-26-00098-CAL,2026-09-04T00:00:00Z,2026-09-04T09:57:54Z,silviculture,Alternative Prescription,,calfire.harvest.proposed,raw/calfire.harvest.proposed/2026/09/20260904T095754Z-41db79b56213.json,2
calfire.harvest.proposed,plan:ca:4-26-00098-CAL,2026-09-04T00:00:00Z,2026-09-04T09:57:54Z,status,Proposed,,calfire.harvest.proposed,raw/calfire.harvest.proposed/2026/09/20260904T095754Z-41db79b56213.json,2
